file_id,scope_origin,source_path,logical_document_id,title,batch,domain,classification,owner,revision,canonical_status,authority_resolution,review_status,internal_profile_source,derived_internal_review_tier,public_profile_source,derived_external_presentation_tier,visual_qa_status,github_handling,release_state,control_note
ZIP-0001,IMMUTABLE_SOURCE_ZIP_MEMBER,00_START_HERE/EMOPET_SINGLE_FILE_CONTROLLED_BASELINE_META_2026-08-24.md,GOV-CONTEXT-PACKAGE-2026-08-24,EMOPET_SINGLE_FILE_CONTROLLED_BASELINE_META_2026-08-24,BATCH 0,GOV,INTERNAL CONTROLLED CONTEXT,Document Control — FUNCTIONAL OWNER / HUMAN ASSIGNMENT OPEN,2026-08-24,CONTROLLED CONTEXT PACKAGE — DERIVATIVE ONBOARDING SOURCE,RESOLVED AT DOCUMENT LEVEL,DOCUMENT-LEVEL AUTHORITY / REVISION / OWNER / CLASSIFICATION / PROFILE RECONCILED,INCLUDE — SOURCE / CONTROL / EVIDENCE RECORD,INTERNAL_REVIEW_CANDIDATE_WITH_CONTROLS,EXPLICIT PUBLICATION APPROVAL REQUIRED,EXPLICIT_PUBLICATION_APPROVAL_REQUIRED,NOT STARTED,DO_NOT_PUBLISH_RESTRICTED_OR_UNAPPROVED,NOT_RELEASED,"Internal review candidacy does not establish external publication, release, validation, transmission or manufacturing authority."
ZIP-0002,IMMUTABLE_SOURCE_ZIP_MEMBER,00_START_HERE/READ_FIRST_CURRENT_2026-08-25.md,GOV-CURRENT-HANDOFF-2026-08-25,READ_FIRST_CURRENT_2026-08-25,BATCH 0,GOV,INTERNAL CONTROLLED,Document Control — FUNCTIONAL OWNER / HUMAN ASSIGNMENT OPEN,2026-08-25,CURRENT PACKAGE AUTHORITY ORDER,RESOLVED AT DOCUMENT LEVEL,DOCUMENT-LEVEL AUTHORITY / REVISION / OWNER / CLASSIFICATION / PROFILE RECONCILED,INCLUDE — SOURCE / CONTROL / EVIDENCE RECORD,INTERNAL_REVIEW_CANDIDATE_WITH_CONTROLS,EXPLICIT PUBLICATION APPROVAL REQUIRED,EXPLICIT_PUBLICATION_APPROVAL_REQUIRED,NOT STARTED,DO_NOT_PUBLISH_RESTRICTED_OR_UNAPPROVED,NOT_RELEASED,"Internal review candidacy does not establish external publication, release, validation, transmission or manufacturing authority."
ZIP-0003,IMMUTABLE_SOURCE_ZIP_MEMBER,01_BASELINE_THROUGH_2026-08-24_1938Z/12_REV_A2R1_CURRENT_UPDATE_2026-08-24/00_START_HERE/CURRENT_UPDATE_MANIFEST.md,GOV-UPDATE-MANIFEST-2026-08-24,CURRENT_UPDATE_MANIFEST,BATCH 0,GOV,INTERNAL CONTROLLED,Document Control — FUNCTIONAL OWNER / HUMAN ASSIGNMENT OPEN,2026-08-24,CONTROLLED UPDATE MANIFEST — NO TECHNICAL PROMOTION,RESOLVED AT DOCUMENT LEVEL,DOCUMENT-LEVEL AUTHORITY / REVISION / OWNER / CLASSIFICATION / PROFILE RECONCILED,INCLUDE — SOURCE / CONTROL / EVIDENCE RECORD,INTERNAL_REVIEW_CANDIDATE_WITH_CONTROLS,EXPLICIT PUBLICATION APPROVAL REQUIRED,EXPLICIT_PUBLICATION_APPROVAL_REQUIRED,NOT STARTED,DO_NOT_PUBLISH_RESTRICTED_OR_UNAPPROVED,NOT_RELEASED,"Internal review candidacy does not establish external publication, release, validation, transmission or manufacturing authority."
ZIP-0004,IMMUTABLE_SOURCE_ZIP_MEMBER,01_BASELINE_THROUGH_2026-08-24_1938Z/12_REV_A2R1_CURRENT_UPDATE_2026-08-24/01_TAG_MAT_R1_1/CLAUDE_DELTA_HANDOFF_2026-08-24_21H.md,,CLAUDE_DELTA_HANDOFF_2026-08-24_21H,BATCH 9,GOVERNANCE,INTERNAL CONTROLLED HANDLING — SOURCE CLASSIFICATION NOT STATED,Document Control / Engineering,SOURCE REVISION NOT STATED / NOT VERIFIED,PRESERVE FOR TRACEABILITY / NOT CURRENT RELEASE OR IMPLEMENTATION PROOF,HISTORICAL OR SUPPORTING CONTEXT / CURRENT AUTHORITIES GOVERN,RECONCILED 2026-08-28 — BATCH 9 / NOT RELEASED,INCLUDE WITH CONTROL NOTES,INTERNAL_REVIEW_CANDIDATE_WITH_CONTROLS,EXCLUDE,EXCLUDED_FROM_PUBLIC_PROFILE,STATIC QA ONLY / PRIOR QA REUSED WHERE APPLICABLE / NOT FINAL PUBLICATION EVIDENCE,DO_NOT_PUBLISH_RESTRICTED_OR_UNAPPROVED,NOT_RELEASED,"Internal review candidacy does not establish external publication, release, validation, transmission or manufacturing authority."
ZIP-0005,IMMUTABLE_SOURCE_ZIP_MEMBER,01_BASELINE_THROUGH_2026-08-24_1938Z/12_REV_A2R1_CURRENT_UPDATE_2026-08-24/01_TAG_MAT_R1_1/EMOPET_TAG_R1_1_MAT_TRADE_STUDY_2026-08-24.xlsx,,EMOPET_TAG_R1_1_MAT_TRADE_STUDY_2026-08-24,BATCH 9,MAT,INTERNAL CONTROLLED HANDLING — SOURCE CLASSIFICATION NOT STATED,Document Control / Engineering,SOURCE REVISION NOT STATED / NOT VERIFIED,PRESERVE AS STATIC INPUT / EXECUTION AND VALIDATION OPEN,SUPPORTING PREBENCH INPUT / CURRENT ENGINEERING AUTHORITY SEPARATE,RECONCILED 2026-08-28 — BATCH 9 / NOT RELEASED,INCLUDE WITH CONTROL NOTES,INTERNAL_REVIEW_CANDIDATE_WITH_CONTROLS,EXCLUDE,EXCLUDED_FROM_PUBLIC_PROFILE,STATIC QA ONLY / PRIOR QA REUSED WHERE APPLICABLE / NOT FINAL PUBLICATION EVIDENCE,DO_NOT_PUBLISH_RESTRICTED_OR_UNAPPROVED,NOT_RELEASED,"Internal review candidacy does not establish external publication, release, validation, transmission or manufacturing authority."
ZIP-0006,IMMUTABLE_SOURCE_ZIP_MEMBER,01_BASELINE_THROUGH_2026-08-24_1938Z/12_REV_A2R1_CURRENT_UPDATE_2026-08-24/01_TAG_MAT_R1_1/MAT_RfCf_LOW_FREQUENCY_RECOVERY_TRADE_STUDY.csv,,MAT_RfCf_LOW_FREQUENCY_RECOVERY_TRADE_STUDY,BATCH 9,MAT,INTERNAL CONTROLLED HANDLING — SOURCE CLASSIFICATION NOT STATED,Document Control / Engineering,SOURCE REVISION NOT STATED / NOT VERIFIED,PRESERVE AS STATIC INPUT / EXECUTION AND VALIDATION OPEN,SUPPORTING PREBENCH INPUT / CURRENT ENGINEERING AUTHORITY SEPARATE,RECONCILED 2026-08-28 — BATCH 9 / NOT RELEASED,INCLUDE WITH CONTROL NOTES,INTERNAL_REVIEW_CANDIDATE_WITH_CONTROLS,EXCLUDE,EXCLUDED_FROM_PUBLIC_PROFILE,STATIC QA ONLY / PRIOR QA REUSED WHERE APPLICABLE / NOT FINAL PUBLICATION EVIDENCE,DO_NOT_PUBLISH_RESTRICTED_OR_UNAPPROVED,NOT_RELEASED,"Internal review candidacy does not establish external publication, release, validation, transmission or manufacturing authority."
ZIP-0007,IMMUTABLE_SOURCE_ZIP_MEMBER,01_BASELINE_THROUGH_2026-08-24_1938Z/12_REV_A2R1_CURRENT_UPDATE_2026-08-24/01_TAG_MAT_R1_1/MAT_RfCf_LOW_FREQUENCY_RECOVERY_TRADE_STUDY.md,,MAT_RfCf_LOW_FREQUENCY_RECOVERY_TRADE_STUDY,BATCH 9,MAT,INTERNAL CONTROLLED HANDLING — SOURCE CLASSIFICATION NOT STATED,Document Control / Engineering,SOURCE REVISION NOT STATED / NOT VERIFIED,PRESERVE AS STATIC INPUT / EXECUTION AND VALIDATION OPEN,SUPPORTING PREBENCH INPUT / CURRENT ENGINEERING AUTHORITY SEPARATE,RECONCILED 2026-08-28 — BATCH 9 / NOT RELEASED,INCLUDE WITH CONTROL NOTES,INTERNAL_REVIEW_CANDIDATE_WITH_CONTROLS,EXCLUDE,EXCLUDED_FROM_PUBLIC_PROFILE,STATIC QA ONLY / PRIOR QA REUSED WHERE APPLICABLE / NOT FINAL PUBLICATION EVIDENCE,DO_NOT_PUBLISH_RESTRICTED_OR_UNAPPROVED,NOT_RELEASED,"Internal review candidacy does not establish external publication, release, validation, transmission or manufacturing authority."
ZIP-0008,IMMUTABLE_SOURCE_ZIP_MEMBER,01_BASELINE_THROUGH_2026-08-24_1938Z/12_REV_A2R1_CURRENT_UPDATE_2026-08-24/01_TAG_MAT_R1_1/TAG_PHASE2_POWER_MODEL_FRAMEWORK_R1_1_NOTE.md,,TAG_PHASE2_POWER_MODEL_FRAMEWORK_R1_1_NOTE,BATCH 2,TAG,INTERNAL CONTROLLED HANDLING — SOURCE CLASSIFICATION NOT STATED,Engineering / Document Control — FUNCTIONAL OWNER / HUMAN ASSIGNMENT OPEN,SOURCE REVISION NOT STATED / NOT VERIFIED,EVIDENCE INPUT — NO COMPONENT OR AUTONOMY DECISION,SUPPORTING EVIDENCE — PARAMETRIC / PRE-BENCH ONLY,RECONCILED 2026-08-27 — NOT RELEASED,INCLUSION TO DECIDE,INTERNAL_INCLUSION_DECISION_OPEN,EXPLICIT APPROVAL REQUIRED,EXPLICIT_PUBLICATION_APPROVAL_REQUIRED,NOT STARTED,DO_NOT_PUBLISH_RESTRICTED_OR_UNAPPROVED,NOT_RELEASED,"Internal review candidacy does not establish external publication, release, validation, transmission or manufacturing authority."
ZIP-0009,IMMUTABLE_SOURCE_ZIP_MEMBER,01_BASELINE_THROUGH_2026-08-24_1938Z/12_REV_A2R1_CURRENT_UPDATE_2026-08-24/01_TAG_MAT_R1_1/TAG_PHASE2_POWER_STATE_MATRIX_R1_1.csv,,TAG_PHASE2_POWER_STATE_MATRIX_R1_1,BATCH 2,TAG,INTERNAL CONTROLLED HANDLING — SOURCE CLASSIFICATION NOT STATED,Engineering / Document Control — FUNCTIONAL OWNER / HUMAN ASSIGNMENT OPEN,SOURCE REVISION NOT STATED / NOT VERIFIED,EVIDENCE INPUT — NO COMPONENT OR AUTONOMY DECISION,SUPPORTING EVIDENCE — PARAMETRIC / PRE-BENCH ONLY,RECONCILED 2026-08-27 — NOT RELEASED,INCLUSION TO DECIDE,INTERNAL_INCLUSION_DECISION_OPEN,EXPLICIT APPROVAL REQUIRED,EXPLICIT_PUBLICATION_APPROVAL_REQUIRED,NOT STARTED,DO_NOT_PUBLISH_RESTRICTED_OR_UNAPPROVED,NOT_RELEASED,"Internal review candidacy does not establish external publication, release, validation, transmission or manufacturing authority."
ZIP-0010,IMMUTABLE_SOURCE_ZIP_MEMBER,01_BASELINE_THROUGH_2026-08-24_1938Z/12_REV_A2R1_CURRENT_UPDATE_2026-08-24/02_TAG_EVIDENCE_R1_4/CLAUDE_DELTA_HANDOFF_2026-08-24_21H_V2.md,TAG-EVIDENCE-HANDOFF-2026-08-24,CLAUDE_DELTA_HANDOFF_2026-08-24_21H_V2,BATCH 2,TAG,INTERNAL CONTROLLED HANDLING — SOURCE CLASSIFICATION NOT STATED,Science / Evidence Review — FUNCTIONAL OWNER / HUMAN ASSIGNMENT OPEN,SOURCE REVISION NOT STATED / NOT VERIFIED,SUPPORTING ENGINEERING SOURCE — MATURITY PER SOURCE,RESOLVED AT DOCUMENT LEVEL — VALIDATION / RELEASE STATUS PRESERVED,DOCUMENT-LEVEL AUTHORITY / EVIDENCE RECONCILED 2026-08-27 — NOT RELEASED,INCLUSION TO DECIDE,INTERNAL_INCLUSION_DECISION_OPEN,EXPLICIT APPROVAL REQUIRED,EXPLICIT_PUBLICATION_APPROVAL_REQUIRED,NOT APPLICABLE / SOURCE PRESERVED,DO_NOT_PUBLISH_RESTRICTED_OR_UNAPPROVED,NOT_RELEASED,"Internal review candidacy does not establish external publication, release, validation, transmission or manufacturing authority."
ZIP-0011,IMMUTABLE_SOURCE_ZIP_MEMBER,01_BASELINE_THROUGH_2026-08-24_1938Z/12_REV_A2R1_CURRENT_UPDATE_2026-08-24/02_TAG_EVIDENCE_R1_4/MAT_RfCf_LOW_FREQUENCY_RECOVERY_TRADE_STUDY.csv,ENG-MAT-RFCF-TRADE,MAT_RfCf_LOW_FREQUENCY_RECOVERY_TRADE_STUDY,BATCH 2,TAG,INTERNAL CONTROLLED HANDLING — SOURCE CLASSIFICATION NOT STATED,Science / Evidence Review — FUNCTIONAL OWNER / HUMAN ASSIGNMENT OPEN,SOURCE REVISION NOT STATED / NOT VERIFIED,SUPPORTING ENGINEERING SOURCE — MATURITY PER SOURCE,RESOLVED AT DOCUMENT LEVEL — VALIDATION / RELEASE STATUS PRESERVED,DOCUMENT-LEVEL AUTHORITY / EVIDENCE RECONCILED 2026-08-27 — NOT RELEASED,INCLUSION TO DECIDE,INTERNAL_INCLUSION_DECISION_OPEN,EXPLICIT APPROVAL REQUIRED,EXPLICIT_PUBLICATION_APPROVAL_REQUIRED,NOT APPLICABLE / SOURCE PRESERVED,DO_NOT_PUBLISH_RESTRICTED_OR_UNAPPROVED,NOT_RELEASED,"Internal review candidacy does not establish external publication, release, validation, transmission or manufacturing authority."
ZIP-0012,IMMUTABLE_SOURCE_ZIP_MEMBER,01_BASELINE_THROUGH_2026-08-24_1938Z/12_REV_A2R1_CURRENT_UPDATE_2026-08-24/02_TAG_EVIDENCE_R1_4/MAT_RfCf_LOW_FREQUENCY_RECOVERY_TRADE_STUDY.md,ENG-MAT-RFCF-TRADE,MAT_RfCf_LOW_FREQUENCY_RECOVERY_TRADE_STUDY,BATCH 2,TAG,INTERNAL CONTROLLED HANDLING — SOURCE CLASSIFICATION NOT STATED,Science / Evidence Review — FUNCTIONAL OWNER / HUMAN ASSIGNMENT OPEN,SOURCE REVISION NOT STATED / NOT VERIFIED,SUPPORTING ENGINEERING SOURCE — MATURITY PER SOURCE,RESOLVED AT DOCUMENT LEVEL — VALIDATION / RELEASE STATUS PRESERVED,DOCUMENT-LEVEL AUTHORITY / EVIDENCE RECONCILED 2026-08-27 — NOT RELEASED,INCLUSION TO DECIDE,INTERNAL_INCLUSION_DECISION_OPEN,EXPLICIT APPROVAL REQUIRED,EXPLICIT_PUBLICATION_APPROVAL_REQUIRED,NOT APPLICABLE / SOURCE PRESERVED,DO_NOT_PUBLISH_RESTRICTED_OR_UNAPPROVED,NOT_RELEASED,"Internal review candidacy does not establish external publication, release, validation, transmission or manufacturing authority."
ZIP-0013,IMMUTABLE_SOURCE_ZIP_MEMBER,01_BASELINE_THROUGH_2026-08-24_1938Z/12_REV_A2R1_CURRENT_UPDATE_2026-08-24/02_TAG_EVIDENCE_R1_4/TAG_NRF9151_OFFICIAL_POWER_REFERENCE_R2_2026-08-24.csv,,TAG_NRF9151_OFFICIAL_POWER_REFERENCE_R2_2026-08-24,BATCH 2,TAG,INTERNAL CONTROLLED HANDLING — SOURCE CLASSIFICATION NOT STATED,Science / Evidence Review — FUNCTIONAL OWNER / HUMAN ASSIGNMENT OPEN,SOURCE REVISION NOT STATED / NOT VERIFIED,EVIDENCE INPUT — NO COMPONENT OR AUTONOMY DECISION,SUPPORTING EVIDENCE — PARAMETRIC / PRE-BENCH ONLY,RECONCILED 2026-08-27 — NOT RELEASED,INCLUSION TO DECIDE,INTERNAL_INCLUSION_DECISION_OPEN,EXPLICIT APPROVAL REQUIRED,EXPLICIT_PUBLICATION_APPROVAL_REQUIRED,NOT STARTED,DO_NOT_PUBLISH_RESTRICTED_OR_UNAPPROVED,NOT_RELEASED,"Internal review candidacy does not establish external publication, release, validation, transmission or manufacturing authority."
ZIP-0014,IMMUTABLE_SOURCE_ZIP_MEMBER,01_BASELINE_THROUGH_2026-08-24_1938Z/12_REV_A2R1_CURRENT_UPDATE_2026-08-24/02_TAG_EVIDENCE_R1_4/TAG_NRF9151_OFFICIAL_SOURCE_CLOSURE_R2_2026-08-24.md,TAG-NRF9151-SOURCE-R2,TAG_NRF9151_OFFICIAL_SOURCE_CLOSURE_R2_2026-08-24,BATCH 2,TAG,INTERNAL CONTROLLED HANDLING — SOURCE CLASSIFICATION NOT STATED,Science / Evidence Review — FUNCTIONAL OWNER / HUMAN ASSIGNMENT OPEN,SOURCE REVISION NOT STATED / NOT VERIFIED,SUPPORTING ENGINEERING SOURCE — MATURITY PER SOURCE,RESOLVED AT DOCUMENT LEVEL — VALIDATION / RELEASE STATUS PRESERVED,DOCUMENT-LEVEL AUTHORITY / EVIDENCE RECONCILED 2026-08-27 — NOT RELEASED,INCLUSION TO DECIDE,INTERNAL_INCLUSION_DECISION_OPEN,EXPLICIT APPROVAL REQUIRED,EXPLICIT_PUBLICATION_APPROVAL_REQUIRED,NOT APPLICABLE / SOURCE PRESERVED,DO_NOT_PUBLISH_RESTRICTED_OR_UNAPPROVED,NOT_RELEASED,"Internal review candidacy does not establish external publication, release, validation, transmission or manufacturing authority."
ZIP-0015,IMMUTABLE_SOURCE_ZIP_MEMBER,01_BASELINE_THROUGH_2026-08-24_1938Z/12_REV_A2R1_CURRENT_UPDATE_2026-08-24/02_TAG_EVIDENCE_R1_4/TAG_PHASE2_BLOCKER_ROUTING_REGISTER_2026-08-24.md,,TAG_PHASE2_BLOCKER_ROUTING_REGISTER_2026-08-24,BATCH 2,TAG,INTERNAL CONTROLLED HANDLING — SOURCE CLASSIFICATION NOT STATED,Science / Evidence Review — FUNCTIONAL OWNER / HUMAN ASSIGNMENT OPEN,SOURCE REVISION NOT STATED / NOT VERIFIED,EVIDENCE INPUT — NO COMPONENT OR AUTONOMY DECISION,SUPPORTING EVIDENCE — PARAMETRIC / PRE-BENCH ONLY,RECONCILED 2026-08-27 — NOT RELEASED,INCLUSION TO DECIDE,INTERNAL_INCLUSION_DECISION_OPEN,EXPLICIT APPROVAL REQUIRED,EXPLICIT_PUBLICATION_APPROVAL_REQUIRED,NOT STARTED,DO_NOT_PUBLISH_RESTRICTED_OR_UNAPPROVED,NOT_RELEASED,"Internal review candidacy does not establish external publication, release, validation, transmission or manufacturing authority."
ZIP-0016,IMMUTABLE_SOURCE_ZIP_MEMBER,01_BASELINE_THROUGH_2026-08-24_1938Z/12_REV_A2R1_CURRENT_UPDATE_2026-08-24/02_TAG_EVIDENCE_R1_4/TAG_PHASE2_PARAMETRIC_SENSITIVITY_R1_4_2026-08-24.xlsx,,TAG_PHASE2_PARAMETRIC_SENSITIVITY_R1_4_2026-08-24,BATCH 2,TAG,INTERNAL CONTROLLED HANDLING — SOURCE CLASSIFICATION NOT STATED,Science / Evidence Review — FUNCTIONAL OWNER / HUMAN ASSIGNMENT OPEN,SOURCE REVISION NOT STATED / NOT VERIFIED,EVIDENCE INPUT — NO COMPONENT OR AUTONOMY DECISION,SUPPORTING EVIDENCE — PARAMETRIC / PRE-BENCH ONLY,RECONCILED 2026-08-27 — NOT RELEASED,INCLUSION TO DECIDE,INTERNAL_INCLUSION_DECISION_OPEN,EXPLICIT APPROVAL REQUIRED,EXPLICIT_PUBLICATION_APPROVAL_REQUIRED,NOT STARTED,DO_NOT_PUBLISH_RESTRICTED_OR_UNAPPROVED,NOT_RELEASED,"Internal review candidacy does not establish external publication, release, validation, transmission or manufacturing authority."
ZIP-0017,IMMUTABLE_SOURCE_ZIP_MEMBER,01_BASELINE_THROUGH_2026-08-24_1938Z/12_REV_A2R1_CURRENT_UPDATE_2026-08-24/02_TAG_EVIDENCE_R1_4/TAG_PHASE2_POWER_STATE_MATRIX_R1_1.csv,,TAG_PHASE2_POWER_STATE_MATRIX_R1_1,BATCH 2,TAG,INTERNAL CONTROLLED HANDLING — SOURCE CLASSIFICATION NOT STATED,Science / Evidence Review — FUNCTIONAL OWNER / HUMAN ASSIGNMENT OPEN,SOURCE REVISION NOT STATED / NOT VERIFIED,EVIDENCE INPUT — NO COMPONENT OR AUTONOMY DECISION,SUPPORTING EVIDENCE — PARAMETRIC / PRE-BENCH ONLY,RECONCILED 2026-08-27 — NOT RELEASED,INCLUSION TO DECIDE,INTERNAL_INCLUSION_DECISION_OPEN,EXPLICIT APPROVAL REQUIRED,EXPLICIT_PUBLICATION_APPROVAL_REQUIRED,NOT STARTED,DO_NOT_PUBLISH_RESTRICTED_OR_UNAPPROVED,NOT_RELEASED,"Internal review candidacy does not establish external publication, release, validation, transmission or manufacturing authority."
ZIP-0018,IMMUTABLE_SOURCE_ZIP_MEMBER,01_BASELINE_THROUGH_2026-08-24_1938Z/12_REV_A2R1_CURRENT_UPDATE_2026-08-24/02_TAG_EVIDENCE_R1_4/TAG_PHASE2_POWER_STATE_MATRIX_R1_1_S0_SOURCE_CAPTURE.csv,,TAG_PHASE2_POWER_STATE_MATRIX_R1_1_S0_SOURCE_CAPTURE,BATCH 2,TAG,INTERNAL CONTROLLED HANDLING — SOURCE CLASSIFICATION NOT STATED,Science / Evidence Review — FUNCTIONAL OWNER / HUMAN ASSIGNMENT OPEN,SOURCE REVISION NOT STATED / NOT VERIFIED,EVIDENCE INPUT — NO COMPONENT OR AUTONOMY DECISION,SUPPORTING EVIDENCE — PARAMETRIC / PRE-BENCH ONLY,RECONCILED 2026-08-27 — NOT RELEASED,INCLUSION TO DECIDE,INTERNAL_INCLUSION_DECISION_OPEN,EXPLICIT APPROVAL REQUIRED,EXPLICIT_PUBLICATION_APPROVAL_REQUIRED,NOT STARTED,DO_NOT_PUBLISH_RESTRICTED_OR_UNAPPROVED,NOT_RELEASED,"Internal review candidacy does not establish external publication, release, validation, transmission or manufacturing authority."
ZIP-0019,IMMUTABLE_SOURCE_ZIP_MEMBER,01_BASELINE_THROUGH_2026-08-24_1938Z/12_REV_A2R1_CURRENT_UPDATE_2026-08-24/02_TAG_EVIDENCE_R1_4/TAG_PHASE2_POWER_STATE_MATRIX_R1_3_NRF9151_OFFICIAL_SOURCE_CAPTURE.csv,,TAG_PHASE2_POWER_STATE_MATRIX_R1_3_NRF9151_OFFICIAL_SOURCE_CAPTURE,BATCH 2,TAG,INTERNAL CONTROLLED HANDLING — SOURCE CLASSIFICATION NOT STATED,Science / Evidence Review — FUNCTIONAL OWNER / HUMAN ASSIGNMENT OPEN,SOURCE REVISION NOT STATED / NOT VERIFIED,EVIDENCE INPUT — NO COMPONENT OR AUTONOMY DECISION,SUPPORTING EVIDENCE — PARAMETRIC / PRE-BENCH ONLY,RECONCILED 2026-08-27 — NOT RELEASED,INCLUSION TO DECIDE,INTERNAL_INCLUSION_DECISION_OPEN,EXPLICIT APPROVAL REQUIRED,EXPLICIT_PUBLICATION_APPROVAL_REQUIRED,NOT STARTED,DO_NOT_PUBLISH_RESTRICTED_OR_UNAPPROVED,NOT_RELEASED,"Internal review candidacy does not establish external publication, release, validation, transmission or manufacturing authority."
ZIP-0020,IMMUTABLE_SOURCE_ZIP_MEMBER,01_BASELINE_THROUGH_2026-08-24_1938Z/12_REV_A2R1_CURRENT_UPDATE_2026-08-24/02_TAG_EVIDENCE_R1_4/TAG_PHASE2_SOURCE_READINESS_R1_4_2026-08-24.md,,TAG_PHASE2_SOURCE_READINESS_R1_4_2026-08-24,BATCH 2,TAG,INTERNAL CONTROLLED HANDLING — SOURCE CLASSIFICATION NOT STATED,Science / Evidence Review — FUNCTIONAL OWNER / HUMAN ASSIGNMENT OPEN,SOURCE REVISION NOT STATED / NOT VERIFIED,EVIDENCE INPUT — NO COMPONENT OR AUTONOMY DECISION,SUPPORTING EVIDENCE — PARAMETRIC / PRE-BENCH ONLY,RECONCILED 2026-08-27 — NOT RELEASED,INCLUSION TO DECIDE,INTERNAL_INCLUSION_DECISION_OPEN,EXPLICIT APPROVAL REQUIRED,EXPLICIT_PUBLICATION_APPROVAL_REQUIRED,NOT STARTED,DO_NOT_PUBLISH_RESTRICTED_OR_UNAPPROVED,NOT_RELEASED,"Internal review candidacy does not establish external publication, release, validation, transmission or manufacturing authority."
ZIP-0021,IMMUTABLE_SOURCE_ZIP_MEMBER,01_BASELINE_THROUGH_2026-08-24_1938Z/12_REV_A2R1_CURRENT_UPDATE_2026-08-24/02_TAG_EVIDENCE_R1_4/TAG_S0_MEASUREMENT_RUN_MATRIX_2026-08-24.csv,TAG-S0-RUN-MATRIX,TAG_S0_MEASUREMENT_RUN_MATRIX_2026-08-24,BATCH 2,TAG,INTERNAL CONTROLLED HANDLING — SOURCE CLASSIFICATION NOT STATED,Science / Evidence Review — FUNCTIONAL OWNER / HUMAN ASSIGNMENT OPEN,SOURCE REVISION NOT STATED / NOT VERIFIED,SUPPORTING ENGINEERING SOURCE — MATURITY PER SOURCE,RESOLVED AT DOCUMENT LEVEL — VALIDATION / RELEASE STATUS PRESERVED,DOCUMENT-LEVEL AUTHORITY / EVIDENCE RECONCILED 2026-08-27 — NOT RELEASED,INCLUSION TO DECIDE,INTERNAL_INCLUSION_DECISION_OPEN,EXPLICIT APPROVAL REQUIRED,EXPLICIT_PUBLICATION_APPROVAL_REQUIRED,NOT APPLICABLE / SOURCE PRESERVED,DO_NOT_PUBLISH_RESTRICTED_OR_UNAPPROVED,NOT_RELEASED,"Internal review candidacy does not establish external publication, release, validation, transmission or manufacturing authority."
ZIP-0022,IMMUTABLE_SOURCE_ZIP_MEMBER,01_BASELINE_THROUGH_2026-08-24_1938Z/12_REV_A2R1_CURRENT_UPDATE_2026-08-24/02_TAG_EVIDENCE_R1_4/TAG_S0_OFFICIAL_SOURCE_CAPTURE_2026-08-24.md,TAG-S0-SOURCE-CAPTURE,TAG_S0_OFFICIAL_SOURCE_CAPTURE_2026-08-24,BATCH 2,TAG,INTERNAL CONTROLLED HANDLING — SOURCE CLASSIFICATION NOT STATED,Science / Evidence Review — FUNCTIONAL OWNER / HUMAN ASSIGNMENT OPEN,SOURCE REVISION NOT STATED / NOT VERIFIED,SUPPORTING ENGINEERING SOURCE — MATURITY PER SOURCE,RESOLVED AT DOCUMENT LEVEL — VALIDATION / RELEASE STATUS PRESERVED,DOCUMENT-LEVEL AUTHORITY / EVIDENCE RECONCILED 2026-08-27 — NOT RELEASED,INCLUSION TO DECIDE,INTERNAL_INCLUSION_DECISION_OPEN,EXPLICIT APPROVAL REQUIRED,EXPLICIT_PUBLICATION_APPROVAL_REQUIRED,NOT APPLICABLE / SOURCE PRESERVED,DO_NOT_PUBLISH_RESTRICTED_OR_UNAPPROVED,NOT_RELEASED,"Internal review candidacy does not establish external publication, release, validation, transmission or manufacturing authority."
ZIP-0023,IMMUTABLE_SOURCE_ZIP_MEMBER,01_BASELINE_THROUGH_2026-08-24_1938Z/12_REV_A2R1_CURRENT_UPDATE_2026-08-24/02_TAG_EVIDENCE_R1_4/TAG_S0_POWER_MEASUREMENT_PLAN_2026-08-24.md,,TAG_S0_POWER_MEASUREMENT_PLAN_2026-08-24,BATCH 2,TAG,INTERNAL CONTROLLED HANDLING — SOURCE CLASSIFICATION NOT STATED,Science / Evidence Review — FUNCTIONAL OWNER / HUMAN ASSIGNMENT OPEN,SOURCE REVISION NOT STATED / NOT VERIFIED,EVIDENCE INPUT — NO COMPONENT OR AUTONOMY DECISION,SUPPORTING EVIDENCE — PARAMETRIC / PRE-BENCH ONLY,RECONCILED 2026-08-27 — NOT RELEASED,INCLUSION TO DECIDE,INTERNAL_INCLUSION_DECISION_OPEN,EXPLICIT APPROVAL REQUIRED,EXPLICIT_PUBLICATION_APPROVAL_REQUIRED,NOT STARTED,DO_NOT_PUBLISH_RESTRICTED_OR_UNAPPROVED,NOT_RELEASED,"Internal review candidacy does not establish external publication, release, validation, transmission or manufacturing authority."
ZIP-0024,IMMUTABLE_SOURCE_ZIP_MEMBER,01_BASELINE_THROUGH_2026-08-24_1938Z/12_REV_A2R1_CURRENT_UPDATE_2026-08-24/03_PREBENCH_MAXIMUM_CLOSURE/AI_REVIEW_HANDOFF_PREBENCH_2026-08-24.md,,AI_REVIEW_HANDOFF_PREBENCH_2026-08-24,BATCH 9,GOVERNANCE,INTERNAL CONTROLLED HANDLING — SOURCE CLASSIFICATION NOT STATED,Document Control / Engineering,SOURCE REVISION NOT STATED / NOT VERIFIED,PRESERVE AS STATIC INPUT / EXECUTION AND VALIDATION OPEN,SUPPORTING PREBENCH INPUT / CURRENT ENGINEERING AUTHORITY SEPARATE,RECONCILED 2026-08-28 — BATCH 9 / NOT RELEASED,INCLUDE WITH CONTROL NOTES,INTERNAL_REVIEW_CANDIDATE_WITH_CONTROLS,EXCLUDE,EXCLUDED_FROM_PUBLIC_PROFILE,STATIC QA ONLY / PRIOR QA REUSED WHERE APPLICABLE / NOT FINAL PUBLICATION EVIDENCE,DO_NOT_PUBLISH_RESTRICTED_OR_UNAPPROVED,NOT_RELEASED,"Internal review candidacy does not establish external publication, release, validation, transmission or manufacturing authority."
ZIP-0025,IMMUTABLE_SOURCE_ZIP_MEMBER,01_BASELINE_THROUGH_2026-08-24_1938Z/12_REV_A2R1_CURRENT_UPDATE_2026-08-24/03_PREBENCH_MAXIMUM_CLOSURE/BASELINE_UPDATE_RevA2R1_PREBENCH_2026-08-24.md,,BASELINE_UPDATE_RevA2R1_PREBENCH_2026-08-24,BATCH 9,GOVERNANCE,INTERNAL CONTROLLED HANDLING — SOURCE CLASSIFICATION NOT STATED,Document Control / Engineering,SOURCE REVISION NOT STATED / NOT VERIFIED,PRESERVE AS STATIC INPUT / EXECUTION AND VALIDATION OPEN,SUPPORTING PREBENCH INPUT / CURRENT ENGINEERING AUTHORITY SEPARATE,RECONCILED 2026-08-28 — BATCH 9 / NOT RELEASED,INCLUDE WITH CONTROL NOTES,INTERNAL_REVIEW_CANDIDATE_WITH_CONTROLS,EXCLUDE,EXCLUDED_FROM_PUBLIC_PROFILE,STATIC QA ONLY / PRIOR QA REUSED WHERE APPLICABLE / NOT FINAL PUBLICATION EVIDENCE,DO_NOT_PUBLISH_RESTRICTED_OR_UNAPPROVED,NOT_RELEASED,"Internal review candidacy does not establish external publication, release, validation, transmission or manufacturing authority."
ZIP-0026,IMMUTABLE_SOURCE_ZIP_MEMBER,01_BASELINE_THROUGH_2026-08-24_1938Z/12_REV_A2R1_CURRENT_UPDATE_2026-08-24/03_PREBENCH_MAXIMUM_CLOSURE/BATTERY_LP602030HA_SOURCE_RECHECK_R1_2026-08-24.md,,BATTERY_LP602030HA_SOURCE_RECHECK_R1_2026-08-24,BATCH 2,UNASSIGNED,INTERNAL CONTROLLED HANDLING — SOURCE CLASSIFICATION NOT STATED,Engineering / Document Control — FUNCTIONAL OWNER / HUMAN ASSIGNMENT OPEN,SOURCE REVISION NOT STATED / NOT VERIFIED,EVIDENCE INPUT — NO COMPONENT OR AUTONOMY DECISION,SUPPORTING EVIDENCE — PARAMETRIC / PRE-BENCH ONLY,RECONCILED 2026-08-27 — NOT RELEASED,INCLUSION TO DECIDE,INTERNAL_INCLUSION_DECISION_OPEN,EXPLICIT APPROVAL REQUIRED,EXPLICIT_PUBLICATION_APPROVAL_REQUIRED,NOT STARTED,DO_NOT_PUBLISH_RESTRICTED_OR_UNAPPROVED,NOT_RELEASED,"Internal review candidacy does not establish external publication, release, validation, transmission or manufacturing authority."
ZIP-0027,IMMUTABLE_SOURCE_ZIP_MEMBER,01_BASELINE_THROUGH_2026-08-24_1938Z/12_REV_A2R1_CURRENT_UPDATE_2026-08-24/03_PREBENCH_MAXIMUM_CLOSURE/EMOPET_PREBENCH_MAXIMUM_CLOSURE_2026-08-24.md,,EMOPET_PREBENCH_MAXIMUM_CLOSURE_2026-08-24,BATCH 9,GOVERNANCE,INTERNAL CONTROLLED HANDLING — SOURCE CLASSIFICATION NOT STATED,Document Control / Engineering,SOURCE REVISION NOT STATED / NOT VERIFIED,PRESERVE AS STATIC INPUT / EXECUTION AND VALIDATION OPEN,SUPPORTING PREBENCH INPUT / CURRENT ENGINEERING AUTHORITY SEPARATE,RECONCILED 2026-08-28 — BATCH 9 / NOT RELEASED,INCLUDE WITH CONTROL NOTES,INTERNAL_REVIEW_CANDIDATE_WITH_CONTROLS,EXCLUDE,EXCLUDED_FROM_PUBLIC_PROFILE,STATIC QA ONLY / PRIOR QA REUSED WHERE APPLICABLE / NOT FINAL PUBLICATION EVIDENCE,DO_NOT_PUBLISH_RESTRICTED_OR_UNAPPROVED,NOT_RELEASED,"Internal review candidacy does not establish external publication, release, validation, transmission or manufacturing authority."
ZIP-0028,IMMUTABLE_SOURCE_ZIP_MEMBER,01_BASELINE_THROUGH_2026-08-24_1938Z/12_REV_A2R1_CURRENT_UPDATE_2026-08-24/03_PREBENCH_MAXIMUM_CLOSURE/EMOPET_TAG_PREBENCH_DASHBOARD_2026-08-24.xlsx,,EMOPET_TAG_PREBENCH_DASHBOARD_2026-08-24,BATCH 9,TAG,INTERNAL CONTROLLED HANDLING — SOURCE CLASSIFICATION NOT STATED,Document Control / Engineering,SOURCE REVISION NOT STATED / NOT VERIFIED,PRESERVE AS STATIC INPUT / EXECUTION AND VALIDATION OPEN,SUPPORTING PREBENCH INPUT / CURRENT ENGINEERING AUTHORITY SEPARATE,RECONCILED 2026-08-28 — BATCH 9 / NOT RELEASED,INCLUDE WITH CONTROL NOTES,INTERNAL_REVIEW_CANDIDATE_WITH_CONTROLS,EXCLUDE,EXCLUDED_FROM_PUBLIC_PROFILE,STATIC QA ONLY / PRIOR QA REUSED WHERE APPLICABLE / NOT FINAL PUBLICATION EVIDENCE,DO_NOT_PUBLISH_RESTRICTED_OR_UNAPPROVED,NOT_RELEASED,"Internal review candidacy does not establish external publication, release, validation, transmission or manufacturing authority."
ZIP-0029,IMMUTABLE_SOURCE_ZIP_MEMBER,01_BASELINE_THROUGH_2026-08-24_1938Z/12_REV_A2R1_CURRENT_UPDATE_2026-08-24/03_PREBENCH_MAXIMUM_CLOSURE/MAT_RfCf_LOW_FREQUENCY_RECOVERY_TRADE_STUDY.csv,,MAT_RfCf_LOW_FREQUENCY_RECOVERY_TRADE_STUDY,BATCH 9,MAT,INTERNAL CONTROLLED HANDLING — SOURCE CLASSIFICATION NOT STATED,Document Control / Engineering,SOURCE REVISION NOT STATED / NOT VERIFIED,PRESERVE AS STATIC INPUT / EXECUTION AND VALIDATION OPEN,SUPPORTING PREBENCH INPUT / CURRENT ENGINEERING AUTHORITY SEPARATE,RECONCILED 2026-08-28 — BATCH 9 / NOT RELEASED,INCLUDE WITH CONTROL NOTES,INTERNAL_REVIEW_CANDIDATE_WITH_CONTROLS,EXCLUDE,EXCLUDED_FROM_PUBLIC_PROFILE,STATIC QA ONLY / PRIOR QA REUSED WHERE APPLICABLE / NOT FINAL PUBLICATION EVIDENCE,DO_NOT_PUBLISH_RESTRICTED_OR_UNAPPROVED,NOT_RELEASED,"Internal review candidacy does not establish external publication, release, validation, transmission or manufacturing authority."
ZIP-0030,IMMUTABLE_SOURCE_ZIP_MEMBER,01_BASELINE_THROUGH_2026-08-24_1938Z/12_REV_A2R1_CURRENT_UPDATE_2026-08-24/03_PREBENCH_MAXIMUM_CLOSURE/MAT_RfCf_LOW_FREQUENCY_RECOVERY_TRADE_STUDY.md,,MAT_RfCf_LOW_FREQUENCY_RECOVERY_TRADE_STUDY,BATCH 9,MAT,INTERNAL CONTROLLED HANDLING — SOURCE CLASSIFICATION NOT STATED,Document Control / Engineering,SOURCE REVISION NOT STATED / NOT VERIFIED,PRESERVE AS STATIC INPUT / EXECUTION AND VALIDATION OPEN,SUPPORTING PREBENCH INPUT / CURRENT ENGINEERING AUTHORITY SEPARATE,RECONCILED 2026-08-28 — BATCH 9 / NOT RELEASED,INCLUDE WITH CONTROL NOTES,INTERNAL_REVIEW_CANDIDATE_WITH_CONTROLS,EXCLUDE,EXCLUDED_FROM_PUBLIC_PROFILE,STATIC QA ONLY / PRIOR QA REUSED WHERE APPLICABLE / NOT FINAL PUBLICATION EVIDENCE,DO_NOT_PUBLISH_RESTRICTED_OR_UNAPPROVED,NOT_RELEASED,"Internal review candidacy does not establish external publication, release, validation, transmission or manufacturing authority."
ZIP-0031,IMMUTABLE_SOURCE_ZIP_MEMBER,01_BASELINE_THROUGH_2026-08-24_1938Z/12_REV_A2R1_CURRENT_UPDATE_2026-08-24/03_PREBENCH_MAXIMUM_CLOSURE/TAG_BLE_CHARACTERIZATION_HARNESS_R1_2026-08-24.md,,TAG_BLE_CHARACTERIZATION_HARNESS_R1_2026-08-24,BATCH 9,TAG,INTERNAL CONTROLLED HANDLING — SOURCE CLASSIFICATION NOT STATED,Document Control / Engineering,SOURCE REVISION NOT STATED / NOT VERIFIED,PRESERVE AS STATIC INPUT / EXECUTION AND VALIDATION OPEN,SUPPORTING PREBENCH INPUT / CURRENT ENGINEERING AUTHORITY SEPARATE,RECONCILED 2026-08-28 — BATCH 9 / NOT RELEASED,INCLUDE WITH CONTROL NOTES,INTERNAL_REVIEW_CANDIDATE_WITH_CONTROLS,EXCLUDE,EXCLUDED_FROM_PUBLIC_PROFILE,STATIC QA ONLY / PRIOR QA REUSED WHERE APPLICABLE / NOT FINAL PUBLICATION EVIDENCE,DO_NOT_PUBLISH_RESTRICTED_OR_UNAPPROVED,NOT_RELEASED,"Internal review candidacy does not establish external publication, release, validation, transmission or manufacturing authority."
ZIP-0032,IMMUTABLE_SOURCE_ZIP_MEMBER,01_BASELINE_THROUGH_2026-08-24_1938Z/12_REV_A2R1_CURRENT_UPDATE_2026-08-24/03_PREBENCH_MAXIMUM_CLOSURE/TAG_BMI270_25HZ_BENCH_CONFIG_R1_2026-08-24.md,,TAG_BMI270_25HZ_BENCH_CONFIG_R1_2026-08-24,BATCH 9,TAG,INTERNAL CONTROLLED HANDLING — SOURCE CLASSIFICATION NOT STATED,Document Control / Engineering,SOURCE REVISION NOT STATED / NOT VERIFIED,PRESERVE AS STATIC INPUT / EXECUTION AND VALIDATION OPEN,SUPPORTING PREBENCH INPUT / CURRENT ENGINEERING AUTHORITY SEPARATE,RECONCILED 2026-08-28 — BATCH 9 / NOT RELEASED,INCLUDE WITH CONTROL NOTES,INTERNAL_REVIEW_CANDIDATE_WITH_CONTROLS,EXCLUDE,EXCLUDED_FROM_PUBLIC_PROFILE,STATIC QA ONLY / PRIOR QA REUSED WHERE APPLICABLE / NOT FINAL PUBLICATION EVIDENCE,DO_NOT_PUBLISH_RESTRICTED_OR_UNAPPROVED,NOT_RELEASED,"Internal review candidacy does not establish external publication, release, validation, transmission or manufacturing authority."
ZIP-0033,IMMUTABLE_SOURCE_ZIP_MEMBER,01_BASELINE_THROUGH_2026-08-24_1938Z/12_REV_A2R1_CURRENT_UPDATE_2026-08-24/03_PREBENCH_MAXIMUM_CLOSURE/TAG_CHARGE_MCP73831_SOURCE_HARDENING_R1_2026-08-24.md,,TAG_CHARGE_MCP73831_SOURCE_HARDENING_R1_2026-08-24,BATCH 9,TAG,INTERNAL CONTROLLED HANDLING — SOURCE CLASSIFICATION NOT STATED,Document Control / Engineering,SOURCE REVISION NOT STATED / NOT VERIFIED,PRESERVE AS STATIC INPUT / EXECUTION AND VALIDATION OPEN,SUPPORTING PREBENCH INPUT / CURRENT ENGINEERING AUTHORITY SEPARATE,RECONCILED 2026-08-28 — BATCH 9 / NOT RELEASED,INCLUDE WITH CONTROL NOTES,INTERNAL_REVIEW_CANDIDATE_WITH_CONTROLS,EXCLUDE,EXCLUDED_FROM_PUBLIC_PROFILE,STATIC QA ONLY / PRIOR QA REUSED WHERE APPLICABLE / NOT FINAL PUBLICATION EVIDENCE,DO_NOT_PUBLISH_RESTRICTED_OR_UNAPPROVED,NOT_RELEASED,"Internal review candidacy does not establish external publication, release, validation, transmission or manufacturing authority."
ZIP-0034,IMMUTABLE_SOURCE_ZIP_MEMBER,01_BASELINE_THROUGH_2026-08-24_1938Z/12_REV_A2R1_CURRENT_UPDATE_2026-08-24/03_PREBENCH_MAXIMUM_CLOSURE/TAG_MIC_INMP441_vs_T5848_SOURCE_GATE_R1_2026-08-24.md,,TAG_MIC_INMP441_vs_T5848_SOURCE_GATE_R1_2026-08-24,BATCH 9,TAG,INTERNAL CONTROLLED HANDLING — SOURCE CLASSIFICATION NOT STATED,Document Control / Engineering,SOURCE REVISION NOT STATED / NOT VERIFIED,PRESERVE AS STATIC INPUT / EXECUTION AND VALIDATION OPEN,SUPPORTING PREBENCH INPUT / CURRENT ENGINEERING AUTHORITY SEPARATE,RECONCILED 2026-08-28 — BATCH 9 / NOT RELEASED,INCLUDE WITH CONTROL NOTES,INTERNAL_REVIEW_CANDIDATE_WITH_CONTROLS,EXCLUDE,EXCLUDED_FROM_PUBLIC_PROFILE,STATIC QA ONLY / PRIOR QA REUSED WHERE APPLICABLE / NOT FINAL PUBLICATION EVIDENCE,DO_NOT_PUBLISH_RESTRICTED_OR_UNAPPROVED,NOT_RELEASED,"Internal review candidacy does not establish external publication, release, validation, transmission or manufacturing authority."
ZIP-0035,IMMUTABLE_SOURCE_ZIP_MEMBER,01_BASELINE_THROUGH_2026-08-24_1938Z/12_REV_A2R1_CURRENT_UPDATE_2026-08-24/03_PREBENCH_MAXIMUM_CLOSURE/TAG_NTC10K_EXACT_SOURCE_CANDIDATES_R1_2026-08-24.md,,TAG_NTC10K_EXACT_SOURCE_CANDIDATES_R1_2026-08-24,BATCH 9,TAG,INTERNAL CONTROLLED HANDLING — SOURCE CLASSIFICATION NOT STATED,Document Control / Engineering,SOURCE REVISION NOT STATED / NOT VERIFIED,PRESERVE AS STATIC INPUT / EXECUTION AND VALIDATION OPEN,SUPPORTING PREBENCH INPUT / CURRENT ENGINEERING AUTHORITY SEPARATE,RECONCILED 2026-08-28 — BATCH 9 / NOT RELEASED,INCLUDE WITH CONTROL NOTES,INTERNAL_REVIEW_CANDIDATE_WITH_CONTROLS,EXCLUDE,EXCLUDED_FROM_PUBLIC_PROFILE,STATIC QA ONLY / PRIOR QA REUSED WHERE APPLICABLE / NOT FINAL PUBLICATION EVIDENCE,DO_NOT_PUBLISH_RESTRICTED_OR_UNAPPROVED,NOT_RELEASED,"Internal review candidacy does not establish external publication, release, validation, transmission or manufacturing authority."
ZIP-0036,IMMUTABLE_SOURCE_ZIP_MEMBER,01_BASELINE_THROUGH_2026-08-24_1938Z/12_REV_A2R1_CURRENT_UPDATE_2026-08-24/03_PREBENCH_MAXIMUM_CLOSURE/TAG_PHASE2_BLOCKER_ROUTING_REGISTER_2026-08-24.md,,TAG_PHASE2_BLOCKER_ROUTING_REGISTER_2026-08-24,BATCH 2,TAG,INTERNAL CONTROLLED HANDLING — SOURCE CLASSIFICATION NOT STATED,Engineering / Document Control — FUNCTIONAL OWNER / HUMAN ASSIGNMENT OPEN,SOURCE REVISION NOT STATED / NOT VERIFIED,EVIDENCE INPUT — NO COMPONENT OR AUTONOMY DECISION,SUPPORTING EVIDENCE — PARAMETRIC / PRE-BENCH ONLY,RECONCILED 2026-08-27 — NOT RELEASED,INCLUSION TO DECIDE,INTERNAL_INCLUSION_DECISION_OPEN,EXPLICIT APPROVAL REQUIRED,EXPLICIT_PUBLICATION_APPROVAL_REQUIRED,NOT STARTED,DO_NOT_PUBLISH_RESTRICTED_OR_UNAPPROVED,NOT_RELEASED,"Internal review candidacy does not establish external publication, release, validation, transmission or manufacturing authority."
ZIP-0037,IMMUTABLE_SOURCE_ZIP_MEMBER,01_BASELINE_THROUGH_2026-08-24_1938Z/12_REV_A2R1_CURRENT_UPDATE_2026-08-24/03_PREBENCH_MAXIMUM_CLOSURE/TAG_PHASE2_PARAMETRIC_SENSITIVITY_R1_4_2026-08-24.xlsx,,TAG_PHASE2_PARAMETRIC_SENSITIVITY_R1_4_2026-08-24,BATCH 2,TAG,INTERNAL CONTROLLED HANDLING — SOURCE CLASSIFICATION NOT STATED,Engineering / Document Control — FUNCTIONAL OWNER / HUMAN ASSIGNMENT OPEN,SOURCE REVISION NOT STATED / NOT VERIFIED,EVIDENCE INPUT — NO COMPONENT OR AUTONOMY DECISION,SUPPORTING EVIDENCE — PARAMETRIC / PRE-BENCH ONLY,RECONCILED 2026-08-27 — NOT RELEASED,INCLUSION TO DECIDE,INTERNAL_INCLUSION_DECISION_OPEN,EXPLICIT APPROVAL REQUIRED,EXPLICIT_PUBLICATION_APPROVAL_REQUIRED,NOT STARTED,DO_NOT_PUBLISH_RESTRICTED_OR_UNAPPROVED,NOT_RELEASED,"Internal review candidacy does not establish external publication, release, validation, transmission or manufacturing authority."
ZIP-0038,IMMUTABLE_SOURCE_ZIP_MEMBER,01_BASELINE_THROUGH_2026-08-24_1938Z/12_REV_A2R1_CURRENT_UPDATE_2026-08-24/03_PREBENCH_MAXIMUM_CLOSURE/TAG_PHASE2_POWER_STATE_MATRIX_R1_3_NRF9151_OFFICIAL_SOURCE_CAPTURE.csv,,TAG_PHASE2_POWER_STATE_MATRIX_R1_3_NRF9151_OFFICIAL_SOURCE_CAPTURE,BATCH 2,TAG,INTERNAL CONTROLLED HANDLING — SOURCE CLASSIFICATION NOT STATED,Engineering / Document Control — FUNCTIONAL OWNER / HUMAN ASSIGNMENT OPEN,SOURCE REVISION NOT STATED / NOT VERIFIED,EVIDENCE INPUT — NO COMPONENT OR AUTONOMY DECISION,SUPPORTING EVIDENCE — PARAMETRIC / PRE-BENCH ONLY,RECONCILED 2026-08-27 — NOT RELEASED,INCLUSION TO DECIDE,INTERNAL_INCLUSION_DECISION_OPEN,EXPLICIT APPROVAL REQUIRED,EXPLICIT_PUBLICATION_APPROVAL_REQUIRED,NOT STARTED,DO_NOT_PUBLISH_RESTRICTED_OR_UNAPPROVED,NOT_RELEASED,"Internal review candidacy does not establish external publication, release, validation, transmission or manufacturing authority."
ZIP-0039,IMMUTABLE_SOURCE_ZIP_MEMBER,01_BASELINE_THROUGH_2026-08-24_1938Z/12_REV_A2R1_CURRENT_UPDATE_2026-08-24/03_PREBENCH_MAXIMUM_CLOSURE/TAG_PHASE2_SOURCE_READINESS_R1_4_2026-08-24.md,,TAG_PHASE2_SOURCE_READINESS_R1_4_2026-08-24,BATCH 2,TAG,INTERNAL CONTROLLED HANDLING — SOURCE CLASSIFICATION NOT STATED,Engineering / Document Control — FUNCTIONAL OWNER / HUMAN ASSIGNMENT OPEN,SOURCE REVISION NOT STATED / NOT VERIFIED,EVIDENCE INPUT — NO COMPONENT OR AUTONOMY DECISION,SUPPORTING EVIDENCE — PARAMETRIC / PRE-BENCH ONLY,RECONCILED 2026-08-27 — NOT RELEASED,INCLUSION TO DECIDE,INTERNAL_INCLUSION_DECISION_OPEN,EXPLICIT APPROVAL REQUIRED,EXPLICIT_PUBLICATION_APPROVAL_REQUIRED,NOT STARTED,DO_NOT_PUBLISH_RESTRICTED_OR_UNAPPROVED,NOT_RELEASED,"Internal review candidacy does not establish external publication, release, validation, transmission or manufacturing authority."
ZIP-0040,IMMUTABLE_SOURCE_ZIP_MEMBER,01_BASELINE_THROUGH_2026-08-24_1938Z/12_REV_A2R1_CURRENT_UPDATE_2026-08-24/03_PREBENCH_MAXIMUM_CLOSURE/TAG_PREBENCH_EXIT_CRITERIA_R1_2026-08-24.md,,TAG_PREBENCH_EXIT_CRITERIA_R1_2026-08-24,BATCH 9,TAG,INTERNAL CONTROLLED HANDLING — SOURCE CLASSIFICATION NOT STATED,Document Control / Engineering,SOURCE REVISION NOT STATED / NOT VERIFIED,PRESERVE AS STATIC INPUT / EXECUTION AND VALIDATION OPEN,SUPPORTING PREBENCH INPUT / CURRENT ENGINEERING AUTHORITY SEPARATE,RECONCILED 2026-08-28 — BATCH 9 / NOT RELEASED,INCLUDE WITH CONTROL NOTES,INTERNAL_REVIEW_CANDIDATE_WITH_CONTROLS,EXCLUDE,EXCLUDED_FROM_PUBLIC_PROFILE,STATIC QA ONLY / PRIOR QA REUSED WHERE APPLICABLE / NOT FINAL PUBLICATION EVIDENCE,DO_NOT_PUBLISH_RESTRICTED_OR_UNAPPROVED,NOT_RELEASED,"Internal review candidacy does not establish external publication, release, validation, transmission or manufacturing authority."
ZIP-0041,IMMUTABLE_SOURCE_ZIP_MEMBER,01_BASELINE_THROUGH_2026-08-24_1938Z/12_REV_A2R1_CURRENT_UPDATE_2026-08-24/03_PREBENCH_MAXIMUM_CLOSURE/TAG_Q4_PRODUCT_INPUT_FORM_R1_2026-08-24.md,,TAG_Q4_PRODUCT_INPUT_FORM_R1_2026-08-24,BATCH 9,TAG,INTERNAL CONTROLLED HANDLING — SOURCE CLASSIFICATION NOT STATED,Document Control / Engineering,SOURCE REVISION NOT STATED / NOT VERIFIED,PRESERVE AS STATIC INPUT / EXECUTION AND VALIDATION OPEN,SUPPORTING PREBENCH INPUT / CURRENT ENGINEERING AUTHORITY SEPARATE,RECONCILED 2026-08-28 — BATCH 9 / NOT RELEASED,INCLUDE WITH CONTROL NOTES,INTERNAL_REVIEW_CANDIDATE_WITH_CONTROLS,EXCLUDE,EXCLUDED_FROM_PUBLIC_PROFILE,STATIC QA ONLY / PRIOR QA REUSED WHERE APPLICABLE / NOT FINAL PUBLICATION EVIDENCE,DO_NOT_PUBLISH_RESTRICTED_OR_UNAPPROVED,NOT_RELEASED,"Internal review candidacy does not establish external publication, release, validation, transmission or manufacturing authority."
ZIP-0042,IMMUTABLE_SOURCE_ZIP_MEMBER,01_BASELINE_THROUGH_2026-08-24_1938Z/12_REV_A2R1_CURRENT_UPDATE_2026-08-24/03_PREBENCH_MAXIMUM_CLOSURE/TAG_S0_MEASUREMENT_RUN_MATRIX_R2_2026-08-24.csv,,TAG_S0_MEASUREMENT_RUN_MATRIX_R2_2026-08-24,BATCH 9,TAG,INTERNAL CONTROLLED HANDLING — SOURCE CLASSIFICATION NOT STATED,Document Control / Engineering,SOURCE REVISION NOT STATED / NOT VERIFIED,PRESERVE AS STATIC INPUT / EXECUTION AND VALIDATION OPEN,SUPPORTING PREBENCH INPUT / CURRENT ENGINEERING AUTHORITY SEPARATE,RECONCILED 2026-08-28 — BATCH 9 / NOT RELEASED,INCLUDE WITH CONTROL NOTES,INTERNAL_REVIEW_CANDIDATE_WITH_CONTROLS,EXCLUDE,EXCLUDED_FROM_PUBLIC_PROFILE,STATIC QA ONLY / PRIOR QA REUSED WHERE APPLICABLE / NOT FINAL PUBLICATION EVIDENCE,DO_NOT_PUBLISH_RESTRICTED_OR_UNAPPROVED,NOT_RELEASED,"Internal review candidacy does not establish external publication, release, validation, transmission or manufacturing authority."
ZIP-0043,IMMUTABLE_SOURCE_ZIP_MEMBER,01_BASELINE_THROUGH_2026-08-24_1938Z/12_REV_A2R1_CURRENT_UPDATE_2026-08-24/04_PRODUCT_OBSERVATION_STANDARD/BASELINE_DELTA_PRODUCT_OBSERVATION_STANDARD_2026-08-24.md,OBS-001-DELTA,BASELINE_DELTA_PRODUCT_OBSERVATION_STANDARD_2026-08-24,BATCH 1,PRODUCT_OBSERVATION,INTERNAL CONTROLLED INPUT,Product,2026-08-24,CONTROLLED INTEGRATION INPUT — NOT YET BASELINE,RESOLVED — PRESERVE AS DELTA; OBS-001 CONTROLLED MASTER STILL REQUIRED,BATCH 1 DOCUMENT-LEVEL AUTHORITY / REVISION / OWNER / CLASSIFICATION / PROFILE RECONCILED; CLAIM EVIDENCE PARTIAL,INCLUDE — CONTROLLED SOURCE / RECONCILIATION RECORD,INTERNAL_REVIEW_CANDIDATE_WITH_CONTROLS,EXPLICIT PUBLICATION APPROVAL REQUIRED,EXPLICIT_PUBLICATION_APPROVAL_REQUIRED,NOT STARTED,DO_NOT_PUBLISH_RESTRICTED_OR_UNAPPROVED,NOT_RELEASED,"Internal review candidacy does not establish external publication, release, validation, transmission or manufacturing authority."
ZIP-0044,IMMUTABLE_SOURCE_ZIP_MEMBER,01_BASELINE_THROUGH_2026-08-24_1938Z/12_REV_A2R1_CURRENT_UPDATE_2026-08-24/04_PRODUCT_OBSERVATION_STANDARD/EMOPET_OBSERVATION_CANONICAL_SCHEMA_v1_DRAFT.json,OBS-002-DRAFT,EMOPET_OBSERVATION_CANONICAL_SCHEMA_v1_DRAFT,BATCH 1,PRODUCT_OBSERVATION,INTERNAL DRAFT,Product,v1 DRAFT,DRAFT — OBSERVATION SCHEMA INPUT,RESOLVED — DRAFT / NOT CONTROLLED BASELINE,BATCH 1 DOCUMENT-LEVEL AUTHORITY / REVISION / OWNER / CLASSIFICATION / PROFILE RECONCILED; CLAIM EVIDENCE PARTIAL,INCLUDE — CONTROLLED SOURCE / RECONCILIATION RECORD,INTERNAL_REVIEW_CANDIDATE_WITH_CONTROLS,EXPLICIT PUBLICATION APPROVAL REQUIRED,EXPLICIT_PUBLICATION_APPROVAL_REQUIRED,NOT STARTED,DO_NOT_PUBLISH_RESTRICTED_OR_UNAPPROVED,NOT_RELEASED,"Internal review candidacy does not establish external publication, release, validation, transmission or manufacturing authority."
ZIP-0045,IMMUTABLE_SOURCE_ZIP_MEMBER,01_BASELINE_THROUGH_2026-08-24_1938Z/12_REV_A2R1_CURRENT_UPDATE_2026-08-24/04_PRODUCT_OBSERVATION_STANDARD/EMOPET_OBSERVATION_EXAMPLES_v1_DRAFT.md,OBS-UX-EXAMPLES-DRAFT,EMOPET_OBSERVATION_EXAMPLES_v1_DRAFT,BATCH 1,PRODUCT_OBSERVATION,INTERNAL DRAFT,Product / UX,v1 DRAFT,DRAFT UX EXAMPLES — NOT VALIDATION,RESOLVED — EXAMPLES ONLY; NO CLAIM AUTHORITY,BATCH 1 DOCUMENT-LEVEL AUTHORITY / REVISION / OWNER / CLASSIFICATION / PROFILE RECONCILED; CLAIM EVIDENCE PARTIAL,INCLUDE — CONTROLLED SOURCE / RECONCILIATION RECORD,INTERNAL_REVIEW_CANDIDATE_WITH_CONTROLS,EXPLICIT PUBLICATION APPROVAL REQUIRED,EXPLICIT_PUBLICATION_APPROVAL_REQUIRED,NOT STARTED,DO_NOT_PUBLISH_RESTRICTED_OR_UNAPPROVED,NOT_RELEASED,"Internal review candidacy does not establish external publication, release, validation, transmission or manufacturing authority."
ZIP-0046,IMMUTABLE_SOURCE_ZIP_MEMBER,01_BASELINE_THROUGH_2026-08-24_1938Z/12_REV_A2R1_CURRENT_UPDATE_2026-08-24/04_PRODUCT_OBSERVATION_STANDARD/EMOPET_PRODUCT_OBSERVATION_STANDARD_v1_DRAFT.md,OBS-001-DRAFT,EMOPET_PRODUCT_OBSERVATION_STANDARD_v1_DRAFT,BATCH 1,PRODUCT_OBSERVATION,INTERNAL DRAFT,Product,v1 DRAFT,DRAFT PRODUCT DOCTRINE — NOT YET CONTROLLED OBS-001 MASTER,RESOLVED — PRODUCT DIRECTION PRESERVED; BASELINE APPROVAL PENDING,BATCH 1 DOCUMENT-LEVEL AUTHORITY / REVISION / OWNER / CLASSIFICATION / PROFILE RECONCILED; CLAIM EVIDENCE PARTIAL,INCLUDE — CONTROLLED SOURCE / RECONCILIATION RECORD,INTERNAL_REVIEW_CANDIDATE_WITH_CONTROLS,EXPLICIT PUBLICATION APPROVAL REQUIRED,EXPLICIT_PUBLICATION_APPROVAL_REQUIRED,NOT STARTED,DO_NOT_PUBLISH_RESTRICTED_OR_UNAPPROVED,NOT_RELEASED,"Internal review candidacy does not establish external publication, release, validation, transmission or manufacturing authority."
ZIP-0047,IMMUTABLE_SOURCE_ZIP_MEMBER,01_BASELINE_THROUGH_2026-08-24_1938Z/12_REV_A2R1_CURRENT_UPDATE_2026-08-24/_SOURCE_PACKAGES/EMOPET_DELTA_R1_4_EVIDENCE_PACKAGE_FOR_CLAUDE_2026-08-24.zip,TAG-EVIDENCE-PACKAGE-R1.4,EMOPET_DELTA_R1_4_EVIDENCE_PACKAGE_FOR_CLAUDE_2026-08-24,BATCH 2,SCIENCE,INTERNAL CONTROLLED HANDLING — SOURCE CLASSIFICATION NOT STATED,Science / Evidence Review — FUNCTIONAL OWNER / HUMAN ASSIGNMENT OPEN,SOURCE REVISION NOT STATED / NOT VERIFIED,14-FILE SOURCE PACKAGE — LINEAGE VERIFIED / NOT SCIENCE AUTHORITY,RESOLVED AT DOCUMENT LEVEL — VALIDATION / RELEASE STATUS PRESERVED,DOCUMENT-LEVEL AUTHORITY / EVIDENCE RECONCILED 2026-08-27 — NOT RELEASED,INCLUSION TO DECIDE,INTERNAL_INCLUSION_DECISION_OPEN,EXPLICIT APPROVAL REQUIRED,EXPLICIT_PUBLICATION_APPROVAL_REQUIRED,NOT APPLICABLE / SOURCE PRESERVED,DO_NOT_PUBLISH_RESTRICTED_OR_UNAPPROVED,NOT_RELEASED,"Internal review candidacy does not establish external publication, release, validation, transmission or manufacturing authority."
ZIP-0048,IMMUTABLE_SOURCE_ZIP_MEMBER,01_BASELINE_THROUGH_2026-08-24_1938Z/12_REV_A2R1_CURRENT_UPDATE_2026-08-24/_SOURCE_PACKAGES/EMOPET_DELTA_TAG_R1_1_MAT_TRADE_STUDY_FOR_CLAUDE_2026-08-24.zip,,EMOPET_DELTA_TAG_R1_1_MAT_TRADE_STUDY_FOR_CLAUDE_2026-08-24,BATCH 9,MAT,INTERNAL CONTROLLED HANDLING — SOURCE CLASSIFICATION NOT STATED,Document Control / Engineering,SOURCE REVISION NOT STATED / NOT VERIFIED,PRESERVE BYTE-FOR-BYTE / CONTENT AUTHORITY RESOLVED AT MEMBER LEVEL,HISTORICAL PACKAGE / NOT CURRENT RELEASE AUTHORITY,RECONCILED 2026-08-28 — BATCH 9 / NOT RELEASED,INCLUDE WITH CONTROL NOTES,INTERNAL_REVIEW_CANDIDATE_WITH_CONTROLS,EXCLUDE,EXCLUDED_FROM_PUBLIC_PROFILE,STATIC QA ONLY / PRIOR QA REUSED WHERE APPLICABLE / NOT FINAL PUBLICATION EVIDENCE,DO_NOT_PUBLISH_RESTRICTED_OR_UNAPPROVED,NOT_RELEASED,"Internal review candidacy does not establish external publication, release, validation, transmission or manufacturing authority."
ZIP-0049,IMMUTABLE_SOURCE_ZIP_MEMBER,01_BASELINE_THROUGH_2026-08-24_1938Z/12_REV_A2R1_CURRENT_UPDATE_2026-08-24/_SOURCE_PACKAGES/EMOPET_PREBENCH_MAXIMUM_CLOSURE_PACKAGE_2026-08-24.zip,,EMOPET_PREBENCH_MAXIMUM_CLOSURE_PACKAGE_2026-08-24,BATCH 9,GOVERNANCE,INTERNAL CONTROLLED HANDLING — SOURCE CLASSIFICATION NOT STATED,Document Control / Engineering,SOURCE REVISION NOT STATED / NOT VERIFIED,PRESERVE BYTE-FOR-BYTE / CONTENT AUTHORITY RESOLVED AT MEMBER LEVEL,HISTORICAL PACKAGE / NOT CURRENT RELEASE AUTHORITY,RECONCILED 2026-08-28 — BATCH 9 / NOT RELEASED,INCLUDE WITH CONTROL NOTES,INTERNAL_REVIEW_CANDIDATE_WITH_CONTROLS,EXCLUDE,EXCLUDED_FROM_PUBLIC_PROFILE,STATIC QA ONLY / PRIOR QA REUSED WHERE APPLICABLE / NOT FINAL PUBLICATION EVIDENCE,DO_NOT_PUBLISH_RESTRICTED_OR_UNAPPROVED,NOT_RELEASED,"Internal review candidacy does not establish external publication, release, validation, transmission or manufacturing authority."
ZIP-0050,IMMUTABLE_SOURCE_ZIP_MEMBER,01_BASELINE_THROUGH_2026-08-24_1938Z/12_REV_A2R1_CURRENT_UPDATE_2026-08-24/_SOURCE_PACKAGES/EMOPET_PRODUCT_OBSERVATION_STANDARD_v1_DRAFT_PACKAGE.zip,OBS-001-DRAFT-PACKAGE,EMOPET_PRODUCT_OBSERVATION_STANDARD_v1_DRAFT_PACKAGE,BATCH 1,PRODUCT_OBSERVATION,INTERNAL SOURCE PACKAGE,Product,v1 DRAFT PACKAGE,SOURCE PACKAGE — NOT AN INDEPENDENT AUTHORITY,RESOLVED — PACKAGE LINEAGE ONLY,BATCH 1 DOCUMENT-LEVEL AUTHORITY / REVISION / OWNER / CLASSIFICATION / PROFILE RECONCILED; CLAIM EVIDENCE PARTIAL,INCLUDE — CONTROLLED SOURCE / RECONCILIATION RECORD,INTERNAL_REVIEW_CANDIDATE_WITH_CONTROLS,EXPLICIT PUBLICATION APPROVAL REQUIRED,EXPLICIT_PUBLICATION_APPROVAL_REQUIRED,NOT STARTED,DO_NOT_PUBLISH_RESTRICTED_OR_UNAPPROVED,NOT_RELEASED,"Internal review candidacy does not establish external publication, release, validation, transmission or manufacturing authority."
ZIP-0051,IMMUTABLE_SOURCE_ZIP_MEMBER,01_BASELINE_THROUGH_2026-08-24_1938Z/EMOPET_BASELINE_v3.0_CONTROLLED/00_START_HERE/COR-001_EMOPET_Start_Here.docx,COR-001,EMOPET — Start Here,BATCH 0,GOV,CONFIDENTIAL,Founder / Executive,3.1,CONTROLLED — SOURCE,RESOLVED AT DOCUMENT LEVEL — COR-004,DOCUMENT-LEVEL AUTHORITY / REVISION / OWNER / CLASSIFICATION / PROFILE RECONCILED,INCLUDE — SOURCE / CONTROL / EVIDENCE RECORD,INTERNAL_REVIEW_CANDIDATE_WITH_CONTROLS,EXPLICIT PUBLICATION APPROVAL REQUIRED,EXPLICIT_PUBLICATION_APPROVAL_REQUIRED,NOT STARTED,DO_NOT_PUBLISH_RESTRICTED_OR_UNAPPROVED,NOT_RELEASED,"Internal review candidacy does not establish external publication, release, validation, transmission or manufacturing authority."
ZIP-0052,IMMUTABLE_SOURCE_ZIP_MEMBER,01_BASELINE_THROUGH_2026-08-24_1938Z/EMOPET_BASELINE_v3.0_CONTROLLED/00_START_HERE/COR-002_EMOPET_Changelog.docx,COR-002,EMOPET — Changelog,BATCH 0,GOV,CONFIDENTIAL,Founder / Executive,3.1,CONTROLLED — SOURCE,RESOLVED AT DOCUMENT LEVEL — COR-004,DOCUMENT-LEVEL AUTHORITY / REVISION / OWNER / CLASSIFICATION / PROFILE RECONCILED,INCLUDE — SOURCE / CONTROL / EVIDENCE RECORD,INTERNAL_REVIEW_CANDIDATE_WITH_CONTROLS,EXPLICIT PUBLICATION APPROVAL REQUIRED,EXPLICIT_PUBLICATION_APPROVAL_REQUIRED,NOT STARTED,DO_NOT_PUBLISH_RESTRICTED_OR_UNAPPROVED,NOT_RELEASED,"Internal review candidacy does not establish external publication, release, validation, transmission or manufacturing authority."
ZIP-0053,IMMUTABLE_SOURCE_ZIP_MEMBER,01_BASELINE_THROUGH_2026-08-24_1938Z/EMOPET_BASELINE_v3.0_CONTROLLED/00_START_HERE/COR-003_EMOPET_Configuration_Control_Doctrine.docx,COR-003,EMOPET — Configuration Control Doctrine,BATCH 0,GOV,CONFIDENTIAL,Founder / Executive,3.1,CONTROLLED — SOURCE,RESOLVED AT DOCUMENT LEVEL — COR-004,DOCUMENT-LEVEL AUTHORITY / REVISION / OWNER / CLASSIFICATION / PROFILE RECONCILED,INCLUDE — SOURCE / CONTROL / EVIDENCE RECORD,INTERNAL_REVIEW_CANDIDATE_WITH_CONTROLS,EXPLICIT PUBLICATION APPROVAL REQUIRED,EXPLICIT_PUBLICATION_APPROVAL_REQUIRED,NOT STARTED,DO_NOT_PUBLISH_RESTRICTED_OR_UNAPPROVED,NOT_RELEASED,"Internal review candidacy does not establish external publication, release, validation, transmission or manufacturing authority."
ZIP-0054,IMMUTABLE_SOURCE_ZIP_MEMBER,01_BASELINE_THROUGH_2026-08-24_1938Z/EMOPET_BASELINE_v3.0_CONTROLLED/01_PROJECT_AND_PRODUCT/COR-011_EMOPET_Package_Generation_Doctrine.docx,COR-011,COR-011_EMOPET_Package_Generation_Doctrine,BATCH 9,GOVERNANCE,CONFIDENTIAL,Document Control / Engineering,1.0,CURRENT CONTROL DOCTRINE / NOT A RELEASE,CURRENT FOR PACKAGE-GENERATION CONTROL / RELEASE STATUS SEPARATE,RECONCILED 2026-08-28 — BATCH 9 / NOT RELEASED,INCLUDE WITH CONTROL NOTES,INTERNAL_REVIEW_CANDIDATE_WITH_CONTROLS,EXCLUDE,EXCLUDED_FROM_PUBLIC_PROFILE,STATIC QA ONLY / PRIOR QA REUSED WHERE APPLICABLE / NOT FINAL PUBLICATION EVIDENCE,DO_NOT_PUBLISH_RESTRICTED_OR_UNAPPROVED,NOT_RELEASED,"Internal review candidacy does not establish external publication, release, validation, transmission or manufacturing authority."
ZIP-0055,IMMUTABLE_SOURCE_ZIP_MEMBER,01_BASELINE_THROUGH_2026-08-24_1938Z/EMOPET_BASELINE_v3.0_CONTROLLED/01_PROJECT_AND_PRODUCT/PRD-001_EMOPET_Public_Architecture_And_Naming.docx,PRD-001,PRD-001_EMOPET_Public_Architecture_And_Naming,BATCH 1,PRD,CONFIDENTIAL,Product / Brand,2.0,CURRENT CONTROLLED PRODUCT AUTHORITY — PUBLIC ARCHITECTURE / NAMING,RESOLVED — CURRENT WITH LATER FOUNDER DECISIONS APPLYING WHERE EXPLICIT,BATCH 1 DOCUMENT-LEVEL AUTHORITY / REVISION / OWNER / CLASSIFICATION / PROFILE RECONCILED; CLAIM EVIDENCE PARTIAL,INCLUDE — CONTROLLED SOURCE / RECONCILIATION RECORD,INTERNAL_REVIEW_CANDIDATE_WITH_CONTROLS,EXPLICIT PUBLICATION APPROVAL REQUIRED,EXPLICIT_PUBLICATION_APPROVAL_REQUIRED,NOT STARTED,DO_NOT_PUBLISH_RESTRICTED_OR_UNAPPROVED,NOT_RELEASED,"Internal review candidacy does not establish external publication, release, validation, transmission or manufacturing authority."
ZIP-0056,IMMUTABLE_SOURCE_ZIP_MEMBER,01_BASELINE_THROUGH_2026-08-24_1938Z/EMOPET_BASELINE_v3.0_CONTROLLED/01_PROJECT_AND_PRODUCT/PRD-002_EMOPET_Central_Product_Map.docx,PRD-002,PRD-002_EMOPET_Central_Product_Map,BATCH 1,PRD,CONFIDENTIAL,Product,3.0,CURRENT CONTROLLED PRODUCT AUTHORITY — CENTRAL CAPABILITY MAP,RESOLVED — CURRENT PRODUCT MAP,BATCH 1 DOCUMENT-LEVEL AUTHORITY / REVISION / OWNER / CLASSIFICATION / PROFILE RECONCILED; CLAIM EVIDENCE PARTIAL,INCLUDE — CONTROLLED SOURCE / RECONCILIATION RECORD,INTERNAL_REVIEW_CANDIDATE_WITH_CONTROLS,EXPLICIT PUBLICATION APPROVAL REQUIRED,EXPLICIT_PUBLICATION_APPROVAL_REQUIRED,NOT STARTED,DO_NOT_PUBLISH_RESTRICTED_OR_UNAPPROVED,NOT_RELEASED,"Internal review candidacy does not establish external publication, release, validation, transmission or manufacturing authority."
ZIP-0057,IMMUTABLE_SOURCE_ZIP_MEMBER,01_BASELINE_THROUGH_2026-08-24_1938Z/EMOPET_BASELINE_v3.0_CONTROLLED/01_PROJECT_AND_PRODUCT/PRD-003_EMOPET_Product_Evolution_Roadmap.docx,PRD-003,PRD-003_EMOPET_Product_Evolution_Roadmap,BATCH 1,PRD,CONFIDENTIAL,Product,3.0,CURRENT CONTROLLED PRODUCT AUTHORITY — MATURITY / DEPTH / ACTIVATION ROADMAP,RESOLVED — CURRENT ROADMAP SEMANTICS,BATCH 1 DOCUMENT-LEVEL AUTHORITY / REVISION / OWNER / CLASSIFICATION / PROFILE RECONCILED; CLAIM EVIDENCE PARTIAL,INCLUDE — CONTROLLED SOURCE / RECONCILIATION RECORD,INTERNAL_REVIEW_CANDIDATE_WITH_CONTROLS,EXPLICIT PUBLICATION APPROVAL REQUIRED,EXPLICIT_PUBLICATION_APPROVAL_REQUIRED,NOT STARTED,DO_NOT_PUBLISH_RESTRICTED_OR_UNAPPROVED,NOT_RELEASED,"Internal review candidacy does not establish external publication, release, validation, transmission or manufacturing authority."
ZIP-0058,IMMUTABLE_SOURCE_ZIP_MEMBER,01_BASELINE_THROUGH_2026-08-24_1938Z/EMOPET_BASELINE_v3.0_CONTROLLED/01_PROJECT_AND_PRODUCT/PRD-004_EMOPET_Application_Worksite_Execution_Order.docx,PRD-004,PRD-004_EMOPET_Application_Worksite_Execution_Order,BATCH 1,PRD,CONFIDENTIAL,Product,2.0,CURRENT CONTROLLED EXECUTION ORDER — PARTIALLY SUPERSEDED FOR PRODUCT MEMBERSHIP WORDING,RESOLVED — EXECUTION ORDER RETAINED; “HORS V1” PRODUCT-MEMBERSHIP IMPLICATION SUPERSEDED,BATCH 1 DOCUMENT-LEVEL AUTHORITY / REVISION / OWNER / CLASSIFICATION / PROFILE RECONCILED; CLAIM EVIDENCE PARTIAL,INCLUDE — CONTROLLED SOURCE / RECONCILIATION RECORD,INTERNAL_REVIEW_CANDIDATE_WITH_CONTROLS,EXPLICIT PUBLICATION APPROVAL REQUIRED,EXPLICIT_PUBLICATION_APPROVAL_REQUIRED,NOT STARTED,DO_NOT_PUBLISH_RESTRICTED_OR_UNAPPROVED,NOT_RELEASED,"Internal review candidacy does not establish external publication, release, validation, transmission or manufacturing authority."
ZIP-0059,IMMUTABLE_SOURCE_ZIP_MEMBER,01_BASELINE_THROUGH_2026-08-24_1938Z/EMOPET_BASELINE_v3.0_CONTROLLED/01_PROJECT_AND_PRODUCT/PRD-005_EMOPET_Minimum_Complete_Experience_Doctrine.docx,PRD-005,PRD-005_EMOPET_Minimum_Complete_Experience_Doctrine,BATCH 1,PRD,CONFIDENTIAL,Founder / Product,2026-08-12,CURRENT CONTROLLED FOUNDER PRODUCT DOCTRINE,RESOLVED — CURRENT PRODUCT DOCTRINE,BATCH 1 DOCUMENT-LEVEL AUTHORITY / REVISION / OWNER / CLASSIFICATION / PROFILE RECONCILED; CLAIM EVIDENCE PARTIAL,INCLUDE — CONTROLLED SOURCE / RECONCILIATION RECORD,INTERNAL_REVIEW_CANDIDATE_WITH_CONTROLS,EXPLICIT PUBLICATION APPROVAL REQUIRED,EXPLICIT_PUBLICATION_APPROVAL_REQUIRED,NOT STARTED,DO_NOT_PUBLISH_RESTRICTED_OR_UNAPPROVED,NOT_RELEASED,"Internal review candidacy does not establish external publication, release, validation, transmission or manufacturing authority."
ZIP-0060,IMMUTABLE_SOURCE_ZIP_MEMBER,01_BASELINE_THROUGH_2026-08-24_1938Z/EMOPET_BASELINE_v3.0_CONTROLLED/01_PROJECT_AND_PRODUCT/PRD-APP-001_EMOPET_Core_Product_Architecture_And_Initial_Experience_Depth.docx,PRD-APP-001,PRD-APP-001_EMOPET_Core_Product_Architecture_And_Initial_Experience_Depth,BATCH 1,PRD,CONFIDENTIAL,Product,2.0,CURRENT CONTROLLED PRODUCT AUTHORITY — CORE ARCHITECTURE / INITIAL DEPTH,RESOLVED — CURRENT PRODUCT SCOPE/DEPTH AUTHORITY,BATCH 1 DOCUMENT-LEVEL AUTHORITY / REVISION / OWNER / CLASSIFICATION / PROFILE RECONCILED; CLAIM EVIDENCE PARTIAL,INCLUDE — CONTROLLED SOURCE / RECONCILIATION RECORD,INTERNAL_REVIEW_CANDIDATE_WITH_CONTROLS,EXPLICIT PUBLICATION APPROVAL REQUIRED,EXPLICIT_PUBLICATION_APPROVAL_REQUIRED,NOT STARTED,DO_NOT_PUBLISH_RESTRICTED_OR_UNAPPROVED,NOT_RELEASED,"Internal review candidacy does not establish external publication, release, validation, transmission or manufacturing authority."
ZIP-0061,IMMUTABLE_SOURCE_ZIP_MEMBER,01_BASELINE_THROUGH_2026-08-24_1938Z/EMOPET_BASELINE_v3.0_CONTROLLED/01_PROJECT_AND_PRODUCT/PRD-COM-001_EMOPET_Community_Capability_Definition.docx,PRD-COM-001,PRD-COM-001_EMOPET_Community_Capability_Definition,BATCH 7,PRD,CONFIDENTIAL,Founder — EMOPET / Product,1.0,CURRENT PRODUCT DOCTRINE / IMPLEMENTATION AND RELEASE MATURITY SEPARATE,CURRENT FOR THE NAMED FUTURE-LAYER DEFINITION,RECONCILED 2026-08-28 — BATCH 7 / NOT RELEASED,INCLUDE WITH CONTROL NOTES,INTERNAL_REVIEW_CANDIDATE_WITH_CONTROLS,EXCLUDE,EXCLUDED_FROM_PUBLIC_PROFILE,STATIC QA ONLY / PRIOR QA REUSED WHERE APPLICABLE / NOT FINAL PUBLICATION EVIDENCE,DO_NOT_PUBLISH_RESTRICTED_OR_UNAPPROVED,NOT_RELEASED,"Internal review candidacy does not establish external publication, release, validation, transmission or manufacturing authority."
ZIP-0062,IMMUTABLE_SOURCE_ZIP_MEMBER,01_BASELINE_THROUGH_2026-08-24_1938Z/EMOPET_BASELINE_v3.0_CONTROLLED/01_PROJECT_AND_PRODUCT/PRD-IMM-001_EMOPET_Immersive_Experience_Definition.docx,PRD-IMM-001,PRD-IMM-001_EMOPET_Immersive_Experience_Definition,BATCH 7,PRD,CONFIDENTIAL,Founder — EMOPET / Product,1.0,CURRENT PRODUCT DOCTRINE / IMPLEMENTATION AND RELEASE MATURITY SEPARATE,CURRENT FOR THE NAMED FUTURE-LAYER DEFINITION,RECONCILED 2026-08-28 — BATCH 7 / NOT RELEASED,INCLUDE WITH CONTROL NOTES,INTERNAL_REVIEW_CANDIDATE_WITH_CONTROLS,EXCLUDE,EXCLUDED_FROM_PUBLIC_PROFILE,STATIC QA ONLY / PRIOR QA REUSED WHERE APPLICABLE / NOT FINAL PUBLICATION EVIDENCE,DO_NOT_PUBLISH_RESTRICTED_OR_UNAPPROVED,NOT_RELEASED,"Internal review candidacy does not establish external publication, release, validation, transmission or manufacturing authority."
ZIP-0063,IMMUTABLE_SOURCE_ZIP_MEMBER,01_BASELINE_THROUGH_2026-08-24_1938Z/EMOPET_BASELINE_v3.0_CONTROLLED/01_PROJECT_AND_PRODUCT/PRD-MAT-001_EMOPET_MAT_Product_Definition.docx,PRD-MAT-001,PRD-MAT-001_EMOPET_MAT_Product_Definition,BATCH 1,MAT,CONFIDENTIAL,Product,1.0,CURRENT CONTROLLED PRODUCT DEFINITION — NOT ENGINEERING PROOF / NOT MANUFACTURING RELEASE,RESOLVED — CURRENT PRODUCT DEFINITION; PHYSICAL GATES OPEN,BATCH 1 DOCUMENT-LEVEL AUTHORITY / REVISION / OWNER / CLASSIFICATION / PROFILE RECONCILED; CLAIM EVIDENCE PARTIAL,INCLUDE — CONTROLLED SOURCE / RECONCILIATION RECORD,INTERNAL_REVIEW_CANDIDATE_WITH_CONTROLS,EXPLICIT PUBLICATION APPROVAL REQUIRED,EXPLICIT_PUBLICATION_APPROVAL_REQUIRED,NOT STARTED,DO_NOT_PUBLISH_RESTRICTED_OR_UNAPPROVED,NOT_RELEASED,"Internal review candidacy does not establish external publication, release, validation, transmission or manufacturing authority."
ZIP-0064,IMMUTABLE_SOURCE_ZIP_MEMBER,01_BASELINE_THROUGH_2026-08-24_1938Z/EMOPET_BASELINE_v3.0_CONTROLLED/01_PROJECT_AND_PRODUCT/PRD-REL-001_EMOPET_Relationship_Engine_Definition.docx,PRD-REL-001,PRD-REL-001_EMOPET_Relationship_Engine_Definition,BATCH 7,PRD,CONFIDENTIAL,Founder — EMOPET / Product,1.0,CURRENT PRODUCT DOCTRINE / IMPLEMENTATION AND RELEASE MATURITY SEPARATE,CURRENT FOR THE NAMED FUTURE-LAYER DEFINITION,RECONCILED 2026-08-28 — BATCH 7 / NOT RELEASED,INCLUDE WITH CONTROL NOTES,INTERNAL_REVIEW_CANDIDATE_WITH_CONTROLS,EXCLUDE,EXCLUDED_FROM_PUBLIC_PROFILE,STATIC QA ONLY / PRIOR QA REUSED WHERE APPLICABLE / NOT FINAL PUBLICATION EVIDENCE,DO_NOT_PUBLISH_RESTRICTED_OR_UNAPPROVED,NOT_RELEASED,"Internal review candidacy does not establish external publication, release, validation, transmission or manufacturing authority."
ZIP-0065,IMMUTABLE_SOURCE_ZIP_MEMBER,01_BASELINE_THROUGH_2026-08-24_1938Z/EMOPET_BASELINE_v3.0_CONTROLLED/01_PROJECT_AND_PRODUCT/PRD-TAG-001_EMOPET_TAG_Product_Intent.docx,PRD-TAG-001,PRD-TAG-001_EMOPET_TAG_Product_Intent,BATCH 1,TAG,CONFIDENTIAL,Product,1.1,CURRENT CONTROLLED PRODUCT INTENT — PARTIALLY SUPERSEDED BY LATER CONTROLLED GNSS/BATTERY DECISIONS,RESOLVED — PRODUCT ROLE PRESERVED; COMPONENT/BATTERY/POSITIONING STATUS CORRECTED BY LATER AUTHORITY,BATCH 1 DOCUMENT-LEVEL AUTHORITY / REVISION / OWNER / CLASSIFICATION / PROFILE RECONCILED; CLAIM EVIDENCE PARTIAL,INCLUDE — CONTROLLED SOURCE / RECONCILIATION RECORD,INTERNAL_REVIEW_CANDIDATE_WITH_CONTROLS,EXPLICIT PUBLICATION APPROVAL REQUIRED,EXPLICIT_PUBLICATION_APPROVAL_REQUIRED,NOT STARTED,DO_NOT_PUBLISH_RESTRICTED_OR_UNAPPROVED,NOT_RELEASED,"Internal review candidacy does not establish external publication, release, validation, transmission or manufacturing authority."
ZIP-0066,IMMUTABLE_SOURCE_ZIP_MEMBER,01_BASELINE_THROUGH_2026-08-24_1938Z/EMOPET_BASELINE_v3.0_CONTROLLED/01_PROJECT_AND_PRODUCT/SYS-001_EMOPET_Guardian_Controlled_Platform_Architecture.docx,SYS-001,SYS-001_EMOPET_Guardian_Controlled_Platform_Architecture,BATCH 1,SYS,CONFIDENTIAL,Product / Software Engineering,3.0,CURRENT CONTROLLED SYSTEM / PRODUCT ARCHITECTURE,RESOLVED — ARCHITECTURE AUTHORITY; IMPLEMENTATION NOT IMPLIED,BATCH 1 DOCUMENT-LEVEL AUTHORITY / REVISION / OWNER / CLASSIFICATION / PROFILE RECONCILED; CLAIM EVIDENCE PARTIAL,INCLUDE — CONTROLLED SOURCE / RECONCILIATION RECORD,INTERNAL_REVIEW_CANDIDATE_WITH_CONTROLS,EXPLICIT PUBLICATION APPROVAL REQUIRED,EXPLICIT_PUBLICATION_APPROVAL_REQUIRED,NOT STARTED,DO_NOT_PUBLISH_RESTRICTED_OR_UNAPPROVED,NOT_RELEASED,"Internal review candidacy does not establish external publication, release, validation, transmission or manufacturing authority."
ZIP-0067,IMMUTABLE_SOURCE_ZIP_MEMBER,01_BASELINE_THROUGH_2026-08-24_1938Z/EMOPET_BASELINE_v3.0_CONTROLLED/01_PROJECT_AND_PRODUCT/SYS-003_EMOPET_System_Status_Ledger.docx,SYS-003,SYS-003_EMOPET_System_Status_Ledger,BATCH 1,SYS,CONFIDENTIAL,Product,2.0,REFERENCE STATUS SNAPSHOT — NON-NORMATIVE,RESOLVED — REFERENCE ONLY; COR-005 AND LATER CONTROLLED SOURCES GOVERN,BATCH 1 DOCUMENT-LEVEL AUTHORITY / REVISION / OWNER / CLASSIFICATION / PROFILE RECONCILED; CLAIM EVIDENCE PARTIAL,INCLUDE — CONTROLLED SOURCE / RECONCILIATION RECORD,INTERNAL_REVIEW_CANDIDATE_WITH_CONTROLS,EXPLICIT PUBLICATION APPROVAL REQUIRED,EXPLICIT_PUBLICATION_APPROVAL_REQUIRED,NOT STARTED,DO_NOT_PUBLISH_RESTRICTED_OR_UNAPPROVED,NOT_RELEASED,"Internal review candidacy does not establish external publication, release, validation, transmission or manufacturing authority."
ZIP-0068,IMMUTABLE_SOURCE_ZIP_MEMBER,01_BASELINE_THROUGH_2026-08-24_1938Z/EMOPET_BASELINE_v3.0_CONTROLLED/01_PROJECT_AND_PRODUCT/SYS-004_EMOPET_World_Architecture.docx,SYS-004,SYS-004_EMOPET_World_Architecture,BATCH 7,SYS,CONFIDENTIAL,Founder — EMOPET / Product,1.0,CURRENT PRODUCT DOCTRINE / IMPLEMENTATION AND RELEASE MATURITY SEPARATE,CURRENT FOR THE NAMED FUTURE-LAYER DEFINITION,RECONCILED 2026-08-28 — BATCH 7 / NOT RELEASED,INCLUDE WITH CONTROL NOTES,INTERNAL_REVIEW_CANDIDATE_WITH_CONTROLS,EXCLUDE,EXCLUDED_FROM_PUBLIC_PROFILE,STATIC QA ONLY / PRIOR QA REUSED WHERE APPLICABLE / NOT FINAL PUBLICATION EVIDENCE,DO_NOT_PUBLISH_RESTRICTED_OR_UNAPPROVED,NOT_RELEASED,"Internal review candidacy does not establish external publication, release, validation, transmission or manufacturing authority."
ZIP-0069,IMMUTABLE_SOURCE_ZIP_MEMBER,01_BASELINE_THROUGH_2026-08-24_1938Z/EMOPET_BASELINE_v3.0_CONTROLLED/02_SCIENCE_AND_CLAIMS/SCI-001_EMOPET_Truth_Contract.docx,SCI-001,SCI-001_EMOPET_Truth_Contract,BATCH 3,SCIENCE,RESTRICTED,Science,1.0,CANONICAL NORMATIVE CONTROL / NOT VALIDATION EVIDENCE,RESOLVED AT DOCUMENT LEVEL — VALIDATION / RELEASE STATUS PRESERVED,DOCUMENT-LEVEL AUTHORITY / EVIDENCE RECONCILED 2026-08-27 — NOT RELEASED,INCLUSION TO DECIDE,INTERNAL_INCLUSION_DECISION_OPEN,EXPLICIT APPROVAL REQUIRED,EXPLICIT_PUBLICATION_APPROVAL_REQUIRED,PASS_WITH_NOTES — SOURCE RENDER REVIEW,DO_NOT_PUBLISH_RESTRICTED_OR_UNAPPROVED,NOT_RELEASED,"Internal review candidacy does not establish external publication, release, validation, transmission or manufacturing authority."
ZIP-0070,IMMUTABLE_SOURCE_ZIP_MEMBER,01_BASELINE_THROUGH_2026-08-24_1938Z/EMOPET_BASELINE_v3.0_CONTROLLED/02_SCIENCE_AND_CLAIMS/SCI-002_EMOPET_Claim_Guard_Specification.docx,SCI-002,SCI-002_EMOPET_Claim_Guard_Specification,BATCH 3,SCIENCE,CONFIDENTIAL,Science,1.0,CANONICAL NORMATIVE CONTROL / NOT VALIDATION EVIDENCE,RESOLVED AT DOCUMENT LEVEL — VALIDATION / RELEASE STATUS PRESERVED,DOCUMENT-LEVEL AUTHORITY / EVIDENCE RECONCILED 2026-08-27 — NOT RELEASED,INCLUSION TO DECIDE,INTERNAL_INCLUSION_DECISION_OPEN,EXPLICIT APPROVAL REQUIRED,EXPLICIT_PUBLICATION_APPROVAL_REQUIRED,PASS_WITH_NOTES — SOURCE RENDER REVIEW,DO_NOT_PUBLISH_RESTRICTED_OR_UNAPPROVED,NOT_RELEASED,"Internal review candidacy does not establish external publication, release, validation, transmission or manufacturing authority."
ZIP-0071,IMMUTABLE_SOURCE_ZIP_MEMBER,01_BASELINE_THROUGH_2026-08-24_1938Z/EMOPET_BASELINE_v3.0_CONTROLLED/02_SCIENCE_AND_CLAIMS/SCI-003_EMOPET_Trust_Ledger_And_Provenance_Model.docx,SCI-003,SCI-003_EMOPET_Trust_Ledger_And_Provenance_Model,BATCH 3,SCIENCE,RESTRICTED,Science,1.0,CANONICAL NORMATIVE CONTROL / NOT VALIDATION EVIDENCE,RESOLVED AT DOCUMENT LEVEL — VALIDATION / RELEASE STATUS PRESERVED,DOCUMENT-LEVEL AUTHORITY / EVIDENCE RECONCILED 2026-08-27 — NOT RELEASED,INCLUSION TO DECIDE,INTERNAL_INCLUSION_DECISION_OPEN,EXPLICIT APPROVAL REQUIRED,EXPLICIT_PUBLICATION_APPROVAL_REQUIRED,PASS_WITH_NOTES — SOURCE RENDER REVIEW,DO_NOT_PUBLISH_RESTRICTED_OR_UNAPPROVED,NOT_RELEASED,"Internal review candidacy does not establish external publication, release, validation, transmission or manufacturing authority."
ZIP-0072,IMMUTABLE_SOURCE_ZIP_MEMBER,01_BASELINE_THROUGH_2026-08-24_1938Z/EMOPET_BASELINE_v3.0_CONTROLLED/02_SCIENCE_AND_CLAIMS/SCI-004_EMOPET_Breiz_ELI_Boundary_And_AI_Transparency.docx,SCI-004,SCI-004_EMOPET_Breiz_ELI_Boundary_And_AI_Transparency,BATCH 3,SCIENCE,RESTRICTED,Science,1.0,CANONICAL NORMATIVE CONTROL / NOT VALIDATION EVIDENCE,RESOLVED AT DOCUMENT LEVEL — VALIDATION / RELEASE STATUS PRESERVED,DOCUMENT-LEVEL AUTHORITY / EVIDENCE RECONCILED 2026-08-27 — NOT RELEASED,INCLUSION TO DECIDE,INTERNAL_INCLUSION_DECISION_OPEN,EXPLICIT APPROVAL REQUIRED,EXPLICIT_PUBLICATION_APPROVAL_REQUIRED,PASS_WITH_NOTES — SOURCE RENDER REVIEW,DO_NOT_PUBLISH_RESTRICTED_OR_UNAPPROVED,NOT_RELEASED,"Internal review candidacy does not establish external publication, release, validation, transmission or manufacturing authority."
ZIP-0073,IMMUTABLE_SOURCE_ZIP_MEMBER,01_BASELINE_THROUGH_2026-08-24_1938Z/EMOPET_BASELINE_v3.0_CONTROLLED/02_SCIENCE_AND_CLAIMS/SCI-005_EMOPET_AI_Semantic_Guardrails.docx,SCI-005,SCI-005_EMOPET_AI_Semantic_Guardrails,BATCH 3,SCIENCE,RESTRICTED,Science,1.0,CANONICAL NORMATIVE CONTROL / NOT VALIDATION EVIDENCE,RESOLVED AT DOCUMENT LEVEL — VALIDATION / RELEASE STATUS PRESERVED,DOCUMENT-LEVEL AUTHORITY / EVIDENCE RECONCILED 2026-08-27 — NOT RELEASED,INCLUSION TO DECIDE,INTERNAL_INCLUSION_DECISION_OPEN,EXPLICIT APPROVAL REQUIRED,EXPLICIT_PUBLICATION_APPROVAL_REQUIRED,PASS_WITH_NOTES — SOURCE RENDER REVIEW,DO_NOT_PUBLISH_RESTRICTED_OR_UNAPPROVED,NOT_RELEASED,"Internal review candidacy does not establish external publication, release, validation, transmission or manufacturing authority."
ZIP-0074,IMMUTABLE_SOURCE_ZIP_MEMBER,01_BASELINE_THROUGH_2026-08-24_1938Z/EMOPET_BASELINE_v3.0_CONTROLLED/02_SCIENCE_AND_CLAIMS/SCI-006_EMOPET_ELS_Canonical_Semantic_Layer.docx,SCI-006,SCI-006_EMOPET_ELS_Canonical_Semantic_Layer,BATCH 3,SCIENCE,RESTRICTED,Science / Brand,1.0,CANONICAL NORMATIVE CONTROL / NOT VALIDATION EVIDENCE,RESOLVED AT DOCUMENT LEVEL — VALIDATION / RELEASE STATUS PRESERVED,DOCUMENT-LEVEL AUTHORITY / EVIDENCE RECONCILED 2026-08-27 — NOT RELEASED,INCLUSION TO DECIDE,INTERNAL_INCLUSION_DECISION_OPEN,EXPLICIT APPROVAL REQUIRED,EXPLICIT_PUBLICATION_APPROVAL_REQUIRED,PASS_WITH_NOTES — SOURCE RENDER REVIEW,DO_NOT_PUBLISH_RESTRICTED_OR_UNAPPROVED,NOT_RELEASED,"Internal review candidacy does not establish external publication, release, validation, transmission or manufacturing authority."
ZIP-0075,IMMUTABLE_SOURCE_ZIP_MEMBER,01_BASELINE_THROUGH_2026-08-24_1938Z/EMOPET_BASELINE_v3.0_CONTROLLED/02_SCIENCE_AND_CLAIMS/SCI-100_EMOPET_Scientific_Foundation.docx,SCI-100,SCI-100_EMOPET_Scientific_Foundation,BATCH 3,SCIENCE,RESTRICTED,Science,0.1,DRAFT / DERIVATIVE / SOURCE_NOT_RECONCILED,RESOLVED AT DOCUMENT LEVEL — VALIDATION / RELEASE STATUS PRESERVED,DOCUMENT-LEVEL AUTHORITY / EVIDENCE RECONCILED 2026-08-27 — NOT RELEASED,INCLUSION TO DECIDE,INTERNAL_INCLUSION_DECISION_OPEN,EXPLICIT APPROVAL REQUIRED,EXPLICIT_PUBLICATION_APPROVAL_REQUIRED,PASS_WITH_NOTES — SOURCE RENDER REVIEW,DO_NOT_PUBLISH_RESTRICTED_OR_UNAPPROVED,NOT_RELEASED,"Internal review candidacy does not establish external publication, release, validation, transmission or manufacturing authority."
ZIP-0076,IMMUTABLE_SOURCE_ZIP_MEMBER,01_BASELINE_THROUGH_2026-08-24_1938Z/EMOPET_BASELINE_v3.0_CONTROLLED/03_HARDWARE_ENGINEERING/ENG-001_EMOPET_Engineering_Current_State_And_Next_Steps.docx,ENG-001,ENG-001_EMOPET_Engineering_Current_State_And_Next_Steps,BATCH 2,ENG,CONFIDENTIAL,Hardware Engineering,2.0,CONTROLLED CURRENT STATE / NOT RELEASED,CURRENT DOMAIN STATUS AUTHORITY — OPEN GATES PRESERVED,RECONCILED 2026-08-27 — NOT RELEASED,INCLUSION TO DECIDE,INTERNAL_INCLUSION_DECISION_OPEN,EXPLICIT APPROVAL REQUIRED,EXPLICIT_PUBLICATION_APPROVAL_REQUIRED,NOT STARTED,DO_NOT_PUBLISH_RESTRICTED_OR_UNAPPROVED,NOT_RELEASED,"Internal review candidacy does not establish external publication, release, validation, transmission or manufacturing authority."
ZIP-0077,IMMUTABLE_SOURCE_ZIP_MEMBER,01_BASELINE_THROUGH_2026-08-24_1938Z/EMOPET_BASELINE_v3.0_CONTROLLED/03_HARDWARE_ENGINEERING/ENG-002_EMOPET_Phase0_Design_Freeze_Register.docx,ENG-002,ENG-002_EMOPET_Phase0_Design_Freeze_Register,BATCH 2,ENG,INTERNAL STRICT,Hardware Engineering,1.0,CONTROLLED DRAFT — ARCHITECTURE REQUIREMENTS FROZEN / IMPLEMENTATION OPEN,CONTROLLED OUTER RECORD / CONTROLLED DRAFT BODY — IMPLEMENTATION OPEN,RECONCILED 2026-08-27 — NOT RELEASED,INCLUSION TO DECIDE,INTERNAL_INCLUSION_DECISION_OPEN,EXPLICIT APPROVAL REQUIRED,EXPLICIT_PUBLICATION_APPROVAL_REQUIRED,NOT STARTED,DO_NOT_PUBLISH_RESTRICTED_OR_UNAPPROVED,NOT_RELEASED,"Internal review candidacy does not establish external publication, release, validation, transmission or manufacturing authority."
ZIP-0078,IMMUTABLE_SOURCE_ZIP_MEMBER,01_BASELINE_THROUGH_2026-08-24_1938Z/EMOPET_BASELINE_v3.0_CONTROLLED/03_HARDWARE_ENGINEERING/ENG-003_EMOPET_Industrial_Registers_Phase_B.xlsx,ENG-003,EMOPET — Industrial Registers Phase B,BATCH 2,ENG,CONFIDENTIAL,Hardware Engineering,1.10,CANONICAL CURRENT ENGINEERING REGISTER,CURRENT CONTROLLED DOMAIN AUTHORITY WITH OPEN GATES,RECONCILED 2026-08-27 — NOT RELEASED,INCLUSION TO DECIDE,INTERNAL_INCLUSION_DECISION_OPEN,EXPLICIT APPROVAL REQUIRED,EXPLICIT_PUBLICATION_APPROVAL_REQUIRED,NOT STARTED,DO_NOT_PUBLISH_RESTRICTED_OR_UNAPPROVED,NOT_RELEASED,"Internal review candidacy does not establish external publication, release, validation, transmission or manufacturing authority."
ZIP-0079,IMMUTABLE_SOURCE_ZIP_MEMBER,01_BASELINE_THROUGH_2026-08-24_1938Z/EMOPET_BASELINE_v3.0_CONTROLLED/03_HARDWARE_ENGINEERING/ENG-004_EMOPET_System_Audit_Reconciled_2026-08.docx,ENG-004,ENG-004_EMOPET_System_Audit_Reconciled_2026-08,BATCH 2,ENG,CONFIDENTIAL,Hardware Engineering,2.0,SOURCE RETAINED / NO AUTHORITY PROMOTION,SUPPORTING ENGINEERING SOURCE — SCOPE LIMITED,RECONCILED 2026-08-27 — NOT RELEASED,INCLUSION TO DECIDE,INTERNAL_INCLUSION_DECISION_OPEN,EXPLICIT APPROVAL REQUIRED,EXPLICIT_PUBLICATION_APPROVAL_REQUIRED,NOT STARTED,DO_NOT_PUBLISH_RESTRICTED_OR_UNAPPROVED,NOT_RELEASED,"Internal review candidacy does not establish external publication, release, validation, transmission or manufacturing authority."
ZIP-0080,IMMUTABLE_SOURCE_ZIP_MEMBER,01_BASELINE_THROUGH_2026-08-24_1938Z/EMOPET_BASELINE_v3.0_CONTROLLED/03_HARDWARE_ENGINEERING/ENG-005_EMOPET_Phase0_Document_Control_Reconciliation.docx,ENG-005,ENG-005_EMOPET_Phase0_Document_Control_Reconciliation,BATCH 2,ENG,INTERNAL STRICT,Hardware Engineering,1.0,SOURCE RETAINED / NO AUTHORITY PROMOTION,SUPPORTING ENGINEERING SOURCE — SCOPE LIMITED,RECONCILED 2026-08-27 — NOT RELEASED,INCLUSION TO DECIDE,INTERNAL_INCLUSION_DECISION_OPEN,EXPLICIT APPROVAL REQUIRED,EXPLICIT_PUBLICATION_APPROVAL_REQUIRED,NOT STARTED,DO_NOT_PUBLISH_RESTRICTED_OR_UNAPPROVED,NOT_RELEASED,"Internal review candidacy does not establish external publication, release, validation, transmission or manufacturing authority."
ZIP-0081,IMMUTABLE_SOURCE_ZIP_MEMBER,01_BASELINE_THROUGH_2026-08-24_1938Z/EMOPET_BASELINE_v3.0_CONTROLLED/03_HARDWARE_ENGINEERING/ENG-006_EMOPET_Phase0_Document_Status_Matrix.csv,,ENG-006_EMOPET_Phase0_Document_Status_Matrix,BATCH 2,MAT,INTERNAL CONTROLLED HANDLING — SOURCE CLASSIFICATION NOT STATED,Engineering / Document Control — FUNCTIONAL OWNER / HUMAN ASSIGNMENT OPEN,SOURCE REVISION NOT STATED / NOT VERIFIED,SOURCE RETAINED / NO AUTHORITY PROMOTION,SUPPORTING ENGINEERING SOURCE — SCOPE LIMITED,RECONCILED 2026-08-27 — NOT RELEASED,INCLUSION TO DECIDE,INTERNAL_INCLUSION_DECISION_OPEN,EXPLICIT APPROVAL REQUIRED,EXPLICIT_PUBLICATION_APPROVAL_REQUIRED,NOT STARTED,DO_NOT_PUBLISH_RESTRICTED_OR_UNAPPROVED,NOT_RELEASED,"Internal review candidacy does not establish external publication, release, validation, transmission or manufacturing authority."
ZIP-0082,IMMUTABLE_SOURCE_ZIP_MEMBER,01_BASELINE_THROUGH_2026-08-24_1938Z/EMOPET_BASELINE_v3.0_CONTROLLED/03_HARDWARE_ENGINEERING/MAT/PHASE0/ECAD/NOT_RELEASED.txt,,NOT_RELEASED,BATCH 2,MAT,INTERNAL CONTROLLED HANDLING — SOURCE CLASSIFICATION NOT STATED,Engineering / Document Control — FUNCTIONAL OWNER / HUMAN ASSIGNMENT OPEN,SOURCE REVISION NOT STATED / NOT VERIFIED,SOURCE RETAINED / RELEASE BLOCKED,SOURCE EVIDENCE — NOT RELEASED,RECONCILED 2026-08-27 — NOT RELEASED,INCLUSION TO DECIDE,INTERNAL_INCLUSION_DECISION_OPEN,EXPLICIT APPROVAL REQUIRED,EXPLICIT_PUBLICATION_APPROVAL_REQUIRED,NOT STARTED,DO_NOT_PUBLISH_RESTRICTED_OR_UNAPPROVED,NOT_RELEASED,"Internal review candidacy does not establish external publication, release, validation, transmission or manufacturing authority."
ZIP-0083,IMMUTABLE_SOURCE_ZIP_MEMBER,01_BASELINE_THROUGH_2026-08-24_1938Z/EMOPET_BASELINE_v3.0_CONTROLLED/03_HARDWARE_ENGINEERING/MAT/PHASE0/ECAD/SOURCE/EMOPET_PHASE0_PASSIVE_CARD_RECONSTRUCTED_v0.2.kicad_pcb,,EMOPET_PHASE0_PASSIVE_CARD_RECONSTRUCTED_v0.2,BATCH 2,MAT,INTERNAL CONTROLLED HANDLING — SOURCE CLASSIFICATION NOT STATED,Engineering / Document Control — FUNCTIONAL OWNER / HUMAN ASSIGNMENT OPEN,SOURCE REVISION NOT STATED / NOT VERIFIED,SOURCE RETAINED / RELEASE BLOCKED,SOURCE EVIDENCE — NOT RELEASED,RECONCILED 2026-08-27 — NOT RELEASED,INCLUSION TO DECIDE,INTERNAL_INCLUSION_DECISION_OPEN,EXPLICIT APPROVAL REQUIRED,EXPLICIT_PUBLICATION_APPROVAL_REQUIRED,NOT STARTED,DO_NOT_PUBLISH_RESTRICTED_OR_UNAPPROVED,NOT_RELEASED,"Internal review candidacy does not establish external publication, release, validation, transmission or manufacturing authority."
ZIP-0084,IMMUTABLE_SOURCE_ZIP_MEMBER,01_BASELINE_THROUGH_2026-08-24_1938Z/EMOPET_BASELINE_v3.0_CONTROLLED/03_HARDWARE_ENGINEERING/MAT/PHASE0/ECAD/VALIDATION/ENG-MAT-003_EMOPET_MAT_Phase0_KiCad_Release_Gate.docx,ENG-MAT-003,ENG-MAT-003_EMOPET_MAT_Phase0_KiCad_Release_Gate,BATCH 2,MAT,CONFIDENTIAL,Hardware Engineering,1.0,CANONICAL RELEASE GATE / OPEN,CURRENT GATE AUTHORITY — RELEASE BLOCKED,RECONCILED 2026-08-27 — NOT RELEASED,INCLUSION TO DECIDE,INTERNAL_INCLUSION_DECISION_OPEN,EXPLICIT APPROVAL REQUIRED,EXPLICIT_PUBLICATION_APPROVAL_REQUIRED,NOT STARTED,DO_NOT_PUBLISH_RESTRICTED_OR_UNAPPROVED,NOT_RELEASED,"Internal review candidacy does not establish external publication, release, validation, transmission or manufacturing authority."
ZIP-0085,IMMUTABLE_SOURCE_ZIP_MEMBER,01_BASELINE_THROUGH_2026-08-24_1938Z/EMOPET_BASELINE_v3.0_CONTROLLED/03_HARDWARE_ENGINEERING/MAT/PHASE0/ECAD/VALIDATION/ENG-MAT-004_EMOPET_MAT_Phase0_Static_Native_Validation.docx,ENG-MAT-004,ENG-MAT-004_EMOPET_MAT_Phase0_Static_Native_Validation,BATCH 2,MAT,CONFIDENTIAL,Hardware Engineering,1.0,PASS_WITH_NOTES — STATIC ONLY,VALIDATION EVIDENCE — STATIC PASS / NATIVE O-041 OPEN,RECONCILED 2026-08-27 — NOT RELEASED,INCLUSION TO DECIDE,INTERNAL_INCLUSION_DECISION_OPEN,EXPLICIT APPROVAL REQUIRED,EXPLICIT_PUBLICATION_APPROVAL_REQUIRED,NOT STARTED,DO_NOT_PUBLISH_RESTRICTED_OR_UNAPPROVED,NOT_RELEASED,"Internal review candidacy does not establish external publication, release, validation, transmission or manufacturing authority."
ZIP-0086,IMMUTABLE_SOURCE_ZIP_MEMBER,01_BASELINE_THROUGH_2026-08-24_1938Z/EMOPET_BASELINE_v3.0_CONTROLLED/03_HARDWARE_ENGINEERING/MAT/PHASE0/MANUFACTURING/ENG-MAT-005_EMOPET_MAT_Phase0_Manufacturing_Release_Gate.docx,ENG-MAT-005,ENG-MAT-005_EMOPET_MAT_Phase0_Manufacturing_Release_Gate,BATCH 2,MAT,CONFIDENTIAL,Hardware Engineering,1.0,CANONICAL GATE / NOT RELEASED,CURRENT GATE AUTHORITY — MANUFACTURING NOT AUTHORIZED,RECONCILED 2026-08-27 — NOT RELEASED,INCLUSION TO DECIDE,INTERNAL_INCLUSION_DECISION_OPEN,EXPLICIT APPROVAL REQUIRED,EXPLICIT_PUBLICATION_APPROVAL_REQUIRED,NOT STARTED,DO_NOT_PUBLISH_RESTRICTED_OR_UNAPPROVED,NOT_RELEASED,"Internal review candidacy does not establish external publication, release, validation, transmission or manufacturing authority."
ZIP-0087,IMMUTABLE_SOURCE_ZIP_MEMBER,01_BASELINE_THROUGH_2026-08-24_1938Z/EMOPET_BASELINE_v3.0_CONTROLLED/03_HARDWARE_ENGINEERING/MAT/PHASE0/MECHANICAL/SOURCE/EMOPET_CAD_AUDIT_SOURCE_FILES.zip,,EMOPET_CAD_AUDIT_SOURCE_FILES,BATCH 2,MAT,INTERNAL CONTROLLED HANDLING — SOURCE CLASSIFICATION NOT STATED,Engineering / Document Control — FUNCTIONAL OWNER / HUMAN ASSIGNMENT OPEN,SOURCE REVISION NOT STATED / NOT VERIFIED,SOURCE RETAINED / RELEASE BLOCKED,SOURCE EVIDENCE — NOT RELEASED,RECONCILED 2026-08-27 — NOT RELEASED,INCLUSION TO DECIDE,INTERNAL_INCLUSION_DECISION_OPEN,EXPLICIT APPROVAL REQUIRED,EXPLICIT_PUBLICATION_APPROVAL_REQUIRED,NOT STARTED,DO_NOT_PUBLISH_RESTRICTED_OR_UNAPPROVED,NOT_RELEASED,"Internal review candidacy does not establish external publication, release, validation, transmission or manufacturing authority."
ZIP-0088,IMMUTABLE_SOURCE_ZIP_MEMBER,01_BASELINE_THROUGH_2026-08-24_1938Z/EMOPET_BASELINE_v3.0_CONTROLLED/03_HARDWARE_ENGINEERING/MAT/PHASE0/MECHANICAL/VALIDATION/ENG-MAT-006_EMOPET_MAT_Phase0_CAD_InModel_Status_Notes.docx,ENG-MAT-006,ENG-MAT-006_EMOPET_MAT_Phase0_CAD_InModel_Status_Notes,BATCH 2,MAT,INTERNAL STRICT — CONTROLLED ENGINEERING DRAFT,Hardware Engineering,1.0,PASS_WITH_NOTES — VALIDATION SCOPE ONLY,VALIDATION EVIDENCE — SCOPE LIMITED / CABLE GATE OPEN,RECONCILED 2026-08-27 — NOT RELEASED,INCLUSION TO DECIDE,INTERNAL_INCLUSION_DECISION_OPEN,EXPLICIT APPROVAL REQUIRED,EXPLICIT_PUBLICATION_APPROVAL_REQUIRED,NOT STARTED,DO_NOT_PUBLISH_RESTRICTED_OR_UNAPPROVED,NOT_RELEASED,"Internal review candidacy does not establish external publication, release, validation, transmission or manufacturing authority."
ZIP-0089,IMMUTABLE_SOURCE_ZIP_MEMBER,01_BASELINE_THROUGH_2026-08-24_1938Z/EMOPET_BASELINE_v3.0_CONTROLLED/03_HARDWARE_ENGINEERING/MAT/PHASE0/MECHANICAL/VALIDATION/ENG-MAT-007_EMOPET_MAT_Phase0_CAD_Pass_CloseOut_r0.1.pdf,,EMOPET_MAT_PHASE0_MASTER_v0.1_CADPass_CloseOut.md,BATCH 2,MAT,INTERNAL CONTROLLED HANDLING — SOURCE CLASSIFICATION NOT STATED,Engineering / Document Control — FUNCTIONAL OWNER / HUMAN ASSIGNMENT OPEN,SOURCE REVISION NOT STATED / NOT VERIFIED,PASS_WITH_NOTES — VALIDATION SCOPE ONLY,VALIDATION EVIDENCE — SCOPE LIMITED / CABLE GATE OPEN,RECONCILED 2026-08-27 — NOT RELEASED,INCLUSION TO DECIDE,INTERNAL_INCLUSION_DECISION_OPEN,EXPLICIT APPROVAL REQUIRED,EXPLICIT_PUBLICATION_APPROVAL_REQUIRED,NOT STARTED,DO_NOT_PUBLISH_RESTRICTED_OR_UNAPPROVED,NOT_RELEASED,"Internal review candidacy does not establish external publication, release, validation, transmission or manufacturing authority."
ZIP-0090,IMMUTABLE_SOURCE_ZIP_MEMBER,01_BASELINE_THROUGH_2026-08-24_1938Z/EMOPET_BASELINE_v3.0_CONTROLLED/03_HARDWARE_ENGINEERING/MAT/PHASE0/MECHANICAL/VALIDATION/ENG-MAT-008_EMOPET_MAT_Phase0_CAD_Cable_Decision_CloseOut_r0.2.pdf,,EMOPET_MAT_PHASE0_MASTER_v0.2_CableDecision_CloseOut.md,BATCH 2,MAT,INTERNAL CONTROLLED HANDLING — SOURCE CLASSIFICATION NOT STATED,Engineering / Document Control — FUNCTIONAL OWNER / HUMAN ASSIGNMENT OPEN,SOURCE REVISION NOT STATED / NOT VERIFIED,PASS_WITH_NOTES — VALIDATION SCOPE ONLY,VALIDATION EVIDENCE — SCOPE LIMITED / CABLE GATE OPEN,RECONCILED 2026-08-27 — NOT RELEASED,INCLUSION TO DECIDE,INTERNAL_INCLUSION_DECISION_OPEN,EXPLICIT APPROVAL REQUIRED,EXPLICIT_PUBLICATION_APPROVAL_REQUIRED,NOT STARTED,DO_NOT_PUBLISH_RESTRICTED_OR_UNAPPROVED,NOT_RELEASED,"Internal review candidacy does not establish external publication, release, validation, transmission or manufacturing authority."
ZIP-0091,IMMUTABLE_SOURCE_ZIP_MEMBER,01_BASELINE_THROUGH_2026-08-24_1938Z/EMOPET_BASELINE_v3.0_CONTROLLED/03_HARDWARE_ENGINEERING/MAT/PHASE0/REQUIREMENTS/ENG-MAT-001_EMOPET_MAT_Phase0_Bench_Execution_Pack.docx,ENG-MAT-001,ENG-MAT-001_EMOPET_MAT_Phase0_Bench_Execution_Pack,BATCH 2,MAT,CONFIDENTIAL,Hardware Engineering,0.6,CONTROLLED EXECUTION SOURCE / DRAFT PORTIONS RETAINED,CONTROLLED EXECUTION INPUT — PARTIALLY SUPERSEDED ON COMPONENT STATUS,RECONCILED 2026-08-27 — NOT RELEASED,INCLUSION TO DECIDE,INTERNAL_INCLUSION_DECISION_OPEN,EXPLICIT APPROVAL REQUIRED,EXPLICIT_PUBLICATION_APPROVAL_REQUIRED,NOT STARTED,DO_NOT_PUBLISH_RESTRICTED_OR_UNAPPROVED,NOT_RELEASED,"Internal review candidacy does not establish external publication, release, validation, transmission or manufacturing authority."
ZIP-0092,IMMUTABLE_SOURCE_ZIP_MEMBER,01_BASELINE_THROUGH_2026-08-24_1938Z/EMOPET_BASELINE_v3.0_CONTROLLED/03_HARDWARE_ENGINEERING/MAT/PHASE0/REQUIREMENTS/ENG-MAT-002_EMOPET_MAT_Phase0_Engineering_Registers.xlsx,ENG-MAT-002,EMOPET — MAT Phase 0 Engineering Registers,BATCH 2,MAT,CONFIDENTIAL,Hardware Engineering,0.6,SOURCE REGISTER / PARTIALLY SUPERSEDED,CONTROLLED SOURCE REGISTER — LATER ENG-003 ROWS GOVERN WHERE CONFLICTING,RECONCILED 2026-08-27 — NOT RELEASED,INCLUSION TO DECIDE,INTERNAL_INCLUSION_DECISION_OPEN,EXPLICIT APPROVAL REQUIRED,EXPLICIT_PUBLICATION_APPROVAL_REQUIRED,NOT STARTED,DO_NOT_PUBLISH_RESTRICTED_OR_UNAPPROVED,NOT_RELEASED,"Internal review candidacy does not establish external publication, release, validation, transmission or manufacturing authority."
ZIP-0093,IMMUTABLE_SOURCE_ZIP_MEMBER,01_BASELINE_THROUGH_2026-08-24_1938Z/EMOPET_BASELINE_v3.0_CONTROLLED/03_HARDWARE_ENGINEERING/MAT/PHASE0/VALIDATION/EMOPET_MAT_Phase0_Controller_v0.4.zip,,EMOPET_MAT_Phase0_Controller_v0.4,BATCH 2,MAT,INTERNAL CONTROLLED HANDLING — SOURCE CLASSIFICATION NOT STATED,Engineering / Document Control — FUNCTIONAL OWNER / HUMAN ASSIGNMENT OPEN,SOURCE REVISION NOT STATED / NOT VERIFIED,IMMUTABLE SOURCE ARCHIVE / PARTIALLY SUPERSEDED CONTENT,HISTORICAL VALIDATION SOURCE — ARCHIVE INTEGRITY PASS,RECONCILED 2026-08-27 — NOT RELEASED,INCLUSION TO DECIDE,INTERNAL_INCLUSION_DECISION_OPEN,EXPLICIT APPROVAL REQUIRED,EXPLICIT_PUBLICATION_APPROVAL_REQUIRED,NOT STARTED,DO_NOT_PUBLISH_RESTRICTED_OR_UNAPPROVED,NOT_RELEASED,"Internal review candidacy does not establish external publication, release, validation, transmission or manufacturing authority."
ZIP-0094,IMMUTABLE_SOURCE_ZIP_MEMBER,01_BASELINE_THROUGH_2026-08-24_1938Z/EMOPET_BASELINE_v3.0_CONTROLLED/03_HARDWARE_ENGINEERING/TAG/FEASIBILITY/ENG-TAG-001_EMOPET_TAG_Battery_And_Repairability_Feasibility_Gate.docx,ENG-TAG-001,ENG-TAG-001_EMOPET_TAG_Battery_And_Repairability_Feasibility_Gate,BATCH 2,TAG,CONFIDENTIAL,Hardware Engineering,1.0,CONTROLLED GATE / NO BATTERY SELECTED,CURRENT FEASIBILITY GATE — OPEN,RECONCILED 2026-08-27 — NOT RELEASED,INCLUSION TO DECIDE,INTERNAL_INCLUSION_DECISION_OPEN,EXPLICIT APPROVAL REQUIRED,EXPLICIT_PUBLICATION_APPROVAL_REQUIRED,NOT STARTED,DO_NOT_PUBLISH_RESTRICTED_OR_UNAPPROVED,NOT_RELEASED,"Internal review candidacy does not establish external publication, release, validation, transmission or manufacturing authority."
ZIP-0095,IMMUTABLE_SOURCE_ZIP_MEMBER,01_BASELINE_THROUGH_2026-08-24_1938Z/EMOPET_BASELINE_v3.0_CONTROLLED/04_SOFTWARE_AND_CLOUD/architecture/README.md,README,README,BATCH 4,SW,INTERNAL CONTROLLED,Software Engineering / Product — FUNCTIONAL OWNER / HUMAN ASSIGNMENT OPEN,SOURCE REVISION NOT STATED / NOT VERIFIED,HISTORICAL SOFTWARE BUNDLE CONTEXT / SOURCE PRESERVED,RESOLVED AT DOCUMENT LEVEL — EXECUTION / VALIDATION / RELEASE STATUS PRESERVED,DOCUMENT-LEVEL AUTHORITY / EVIDENCE RECONCILED 2026-08-27 — NOT RELEASED,INCLUDE — SOURCE / CONTROL / EVIDENCE RECORD,INTERNAL_REVIEW_CANDIDATE_WITH_CONTROLS,EXPLICIT PUBLICATION APPROVAL REQUIRED,EXPLICIT_PUBLICATION_APPROVAL_REQUIRED,NOT APPLICABLE — SOURCE PRESERVED / STATIC PACKAGE QA ONLY,DO_NOT_PUBLISH_RESTRICTED_OR_UNAPPROVED,NOT_RELEASED,"Internal review candidacy does not establish external publication, release, validation, transmission or manufacturing authority."
ZIP-0096,IMMUTABLE_SOURCE_ZIP_MEMBER,01_BASELINE_THROUGH_2026-08-24_1938Z/EMOPET_BASELINE_v3.0_CONTROLLED/04_SOFTWARE_AND_CLOUD/architecture/SW-001_EMOPET_Software_And_Repository_Status.docx,SW-001,SW-001_EMOPET_Software_And_Repository_Status,BATCH 4,SW,INTERNAL CONTROLLED,Software Engineering / Product — FUNCTIONAL OWNER / HUMAN ASSIGNMENT OPEN,3.0,STATUS SNAPSHOT — PARTIALLY SUPERSEDED FOR IMMERSIVE PRODUCT MEMBERSHIP,RESOLVED AT DOCUMENT LEVEL — EXECUTION / VALIDATION / RELEASE STATUS PRESERVED,DOCUMENT-LEVEL AUTHORITY / EVIDENCE RECONCILED 2026-08-27 — NOT RELEASED,INCLUDE — SOURCE / CONTROL / EVIDENCE RECORD,INTERNAL_REVIEW_CANDIDATE_WITH_CONTROLS,EXPLICIT PUBLICATION APPROVAL REQUIRED,EXPLICIT_PUBLICATION_APPROVAL_REQUIRED,NOT APPLICABLE — SOURCE PRESERVED / STATIC PACKAGE QA ONLY,DO_NOT_PUBLISH_RESTRICTED_OR_UNAPPROVED,NOT_RELEASED,"Internal review candidacy does not establish external publication, release, validation, transmission or manufacturing authority."
ZIP-0097,IMMUTABLE_SOURCE_ZIP_MEMBER,01_BASELINE_THROUGH_2026-08-24_1938Z/EMOPET_BASELINE_v3.0_CONTROLLED/04_SOFTWARE_AND_CLOUD/architecture/SW-002_EMOPET_Development_Control.docx,SW-002,SW-002_EMOPET_Development_Control,BATCH 4,SW,INTERNAL CONTROLLED,Software Engineering / Product — FUNCTIONAL OWNER / HUMAN ASSIGNMENT OPEN,1.0,CURRENT CONTROLLED SOFTWARE DEVELOPMENT RULES,RESOLVED AT DOCUMENT LEVEL — EXECUTION / VALIDATION / RELEASE STATUS PRESERVED,DOCUMENT-LEVEL AUTHORITY / EVIDENCE RECONCILED 2026-08-27 — NOT RELEASED,INCLUDE — SOURCE / CONTROL / EVIDENCE RECORD,INTERNAL_REVIEW_CANDIDATE_WITH_CONTROLS,EXPLICIT PUBLICATION APPROVAL REQUIRED,EXPLICIT_PUBLICATION_APPROVAL_REQUIRED,NOT APPLICABLE — SOURCE PRESERVED / STATIC PACKAGE QA ONLY,DO_NOT_PUBLISH_RESTRICTED_OR_UNAPPROVED,NOT_RELEASED,"Internal review candidacy does not establish external publication, release, validation, transmission or manufacturing authority."
ZIP-0098,IMMUTABLE_SOURCE_ZIP_MEMBER,01_BASELINE_THROUGH_2026-08-24_1938Z/EMOPET_BASELINE_v3.0_CONTROLLED/04_SOFTWARE_AND_CLOUD/architecture/SW-003_EMOPET_GitHub_Workflow_Status.docx,SW-003,SW-003_EMOPET_GitHub_Workflow_Status,BATCH 4,SW,INTERNAL CONTROLLED,Software Engineering / Product — FUNCTIONAL OWNER / HUMAN ASSIGNMENT OPEN,1.0,SUPPORTING EVIDENCE — CI ENABLEMENT / RUN RESULT UNPROVEN,RESOLVED AT DOCUMENT LEVEL — EXECUTION / VALIDATION / RELEASE STATUS PRESERVED,DOCUMENT-LEVEL AUTHORITY / EVIDENCE RECONCILED 2026-08-27 — NOT RELEASED,INCLUDE — SOURCE / CONTROL / EVIDENCE RECORD,INTERNAL_REVIEW_CANDIDATE_WITH_CONTROLS,EXPLICIT PUBLICATION APPROVAL REQUIRED,EXPLICIT_PUBLICATION_APPROVAL_REQUIRED,NOT APPLICABLE — SOURCE PRESERVED / STATIC PACKAGE QA ONLY,DO_NOT_PUBLISH_RESTRICTED_OR_UNAPPROVED,NOT_RELEASED,"Internal review candidacy does not establish external publication, release, validation, transmission or manufacturing authority."
ZIP-0099,IMMUTABLE_SOURCE_ZIP_MEMBER,01_BASELINE_THROUGH_2026-08-24_1938Z/EMOPET_BASELINE_v3.0_CONTROLLED/04_SOFTWARE_AND_CLOUD/architecture/SYS-002_EMOPET_Application_Platform_Architecture.docx,SYS-002,SYS-002_EMOPET_Application_Platform_Architecture,BATCH 4,SW,INTERNAL CONTROLLED,Software Engineering / Product — FUNCTIONAL OWNER / HUMAN ASSIGNMENT OPEN,3.0,CURRENT FOR PLATFORM ARCHITECTURE / HISTORICAL CAPABILITY TRACES NON-PRODUCT-AUTHORITY,RESOLVED AT DOCUMENT LEVEL — EXECUTION / VALIDATION / RELEASE STATUS PRESERVED,DOCUMENT-LEVEL AUTHORITY / EVIDENCE RECONCILED 2026-08-27 — NOT RELEASED,INCLUDE — SOURCE / CONTROL / EVIDENCE RECORD,INTERNAL_REVIEW_CANDIDATE_WITH_CONTROLS,EXPLICIT PUBLICATION APPROVAL REQUIRED,EXPLICIT_PUBLICATION_APPROVAL_REQUIRED,NOT APPLICABLE — SOURCE PRESERVED / STATIC PACKAGE QA ONLY,DO_NOT_PUBLISH_RESTRICTED_OR_UNAPPROVED,NOT_RELEASED,"Internal review candidacy does not establish external publication, release, validation, transmission or manufacturing authority."
ZIP-0100,IMMUTABLE_SOURCE_ZIP_MEMBER,01_BASELINE_THROUGH_2026-08-24_1938Z/EMOPET_BASELINE_v3.0_CONTROLLED/04_SOFTWARE_AND_CLOUD/ci/scaleway-build-images.yml,scaleway-build-images,scaleway-build-images,BATCH 4,SW,INTERNAL CONTROLLED,Software Engineering / DevOps — FUNCTIONAL OWNER / HUMAN ASSIGNMENT OPEN,SOURCE REVISION NOT STATED / NOT VERIFIED,CURRENT SOURCE ARTIFACT — NOT EXECUTION EVIDENCE,RESOLVED AT DOCUMENT LEVEL — EXECUTION / VALIDATION / RELEASE STATUS PRESERVED,DOCUMENT-LEVEL AUTHORITY / EVIDENCE RECONCILED 2026-08-27 — NOT RELEASED,INCLUDE — SOURCE / CONTROL / EVIDENCE RECORD,INTERNAL_REVIEW_CANDIDATE_WITH_CONTROLS,EXPLICIT PUBLICATION APPROVAL REQUIRED,EXPLICIT_PUBLICATION_APPROVAL_REQUIRED,NOT APPLICABLE — SOURCE PRESERVED / STATIC PACKAGE QA ONLY,DO_NOT_PUBLISH_RESTRICTED_OR_UNAPPROVED,NOT_RELEASED,"Internal review candidacy does not establish external publication, release, validation, transmission or manufacturing authority."
ZIP-0101,IMMUTABLE_SOURCE_ZIP_MEMBER,01_BASELINE_THROUGH_2026-08-24_1938Z/EMOPET_BASELINE_v3.0_CONTROLLED/04_SOFTWARE_AND_CLOUD/ci/scaleway-iac-validate.yml,scaleway-iac-validate,scaleway-iac-validate,BATCH 4,SW,INTERNAL CONTROLLED,Software Engineering / DevOps — FUNCTIONAL OWNER / HUMAN ASSIGNMENT OPEN,SOURCE REVISION NOT STATED / NOT VERIFIED,CURRENT SOURCE ARTIFACT — NOT EXECUTION EVIDENCE,RESOLVED AT DOCUMENT LEVEL — EXECUTION / VALIDATION / RELEASE STATUS PRESERVED,DOCUMENT-LEVEL AUTHORITY / EVIDENCE RECONCILED 2026-08-27 — NOT RELEASED,INCLUDE — SOURCE / CONTROL / EVIDENCE RECORD,INTERNAL_REVIEW_CANDIDATE_WITH_CONTROLS,EXPLICIT PUBLICATION APPROVAL REQUIRED,EXPLICIT_PUBLICATION_APPROVAL_REQUIRED,NOT APPLICABLE — SOURCE PRESERVED / STATIC PACKAGE QA ONLY,DO_NOT_PUBLISH_RESTRICTED_OR_UNAPPROVED,NOT_RELEASED,"Internal review candidacy does not establish external publication, release, validation, transmission or manufacturing authority."
ZIP-0102,IMMUTABLE_SOURCE_ZIP_MEMBER,01_BASELINE_THROUGH_2026-08-24_1938Z/EMOPET_BASELINE_v3.0_CONTROLLED/04_SOFTWARE_AND_CLOUD/cloud/.env.scaleway.example,.env.scaleway,.env.scaleway,BATCH 4,SW,INTERNAL CONTROLLED,Cloud / Platform Engineering — FUNCTIONAL OWNER / HUMAN ASSIGNMENT OPEN,SOURCE REVISION NOT STATED / NOT VERIFIED,CURRENT CLOUD CONTROL SOURCE — PRODUCTION NOT AUTHORISED,RESOLVED AT DOCUMENT LEVEL — EXECUTION / VALIDATION / RELEASE STATUS PRESERVED,DOCUMENT-LEVEL AUTHORITY / EVIDENCE RECONCILED 2026-08-27 — NOT RELEASED,INCLUDE — SOURCE / CONTROL / EVIDENCE RECORD,INTERNAL_REVIEW_CANDIDATE_WITH_CONTROLS,EXPLICIT PUBLICATION APPROVAL REQUIRED,EXPLICIT_PUBLICATION_APPROVAL_REQUIRED,NOT APPLICABLE — SOURCE PRESERVED / STATIC PACKAGE QA ONLY,DO_NOT_PUBLISH_RESTRICTED_OR_UNAPPROVED,NOT_RELEASED,"Internal review candidacy does not establish external publication, release, validation, transmission or manufacturing authority."
ZIP-0103,IMMUTABLE_SOURCE_ZIP_MEMBER,01_BASELINE_THROUGH_2026-08-24_1938Z/EMOPET_BASELINE_v3.0_CONTROLLED/04_SOFTWARE_AND_CLOUD/cloud/README.md,README,README,BATCH 4,SW,INTERNAL CONTROLLED,Cloud / Platform Engineering — FUNCTIONAL OWNER / HUMAN ASSIGNMENT OPEN,SOURCE REVISION NOT STATED / NOT VERIFIED,CURRENT CLOUD CONTROL SOURCE — PRODUCTION NOT AUTHORISED,RESOLVED AT DOCUMENT LEVEL — EXECUTION / VALIDATION / RELEASE STATUS PRESERVED,DOCUMENT-LEVEL AUTHORITY / EVIDENCE RECONCILED 2026-08-27 — NOT RELEASED,INCLUDE — SOURCE / CONTROL / EVIDENCE RECORD,INTERNAL_REVIEW_CANDIDATE_WITH_CONTROLS,EXPLICIT PUBLICATION APPROVAL REQUIRED,EXPLICIT_PUBLICATION_APPROVAL_REQUIRED,NOT APPLICABLE — SOURCE PRESERVED / STATIC PACKAGE QA ONLY,DO_NOT_PUBLISH_RESTRICTED_OR_UNAPPROVED,NOT_RELEASED,"Internal review candidacy does not establish external publication, release, validation, transmission or manufacturing authority."
ZIP-0104,IMMUTABLE_SOURCE_ZIP_MEMBER,01_BASELINE_THROUGH_2026-08-24_1938Z/EMOPET_BASELINE_v3.0_CONTROLLED/04_SOFTWARE_AND_CLOUD/cloud/SW-CLOUD-001_EMOPET_Scaleway_Cloud_Foundation.docx,SW-CLOUD-001,SW-CLOUD-001_EMOPET_Scaleway_Cloud_Foundation,BATCH 4,SW,INTERNAL CONTROLLED,Cloud / Platform Engineering — FUNCTIONAL OWNER / HUMAN ASSIGNMENT OPEN,2.0,CURRENT CLOUD CONTROL SOURCE — PRODUCTION NOT AUTHORISED,RESOLVED AT DOCUMENT LEVEL — EXECUTION / VALIDATION / RELEASE STATUS PRESERVED,DOCUMENT-LEVEL AUTHORITY / EVIDENCE RECONCILED 2026-08-27 — NOT RELEASED,INCLUDE — SOURCE / CONTROL / EVIDENCE RECORD,INTERNAL_REVIEW_CANDIDATE_WITH_CONTROLS,EXPLICIT PUBLICATION APPROVAL REQUIRED,EXPLICIT_PUBLICATION_APPROVAL_REQUIRED,NOT APPLICABLE — SOURCE PRESERVED / STATIC PACKAGE QA ONLY,DO_NOT_PUBLISH_RESTRICTED_OR_UNAPPROVED,NOT_RELEASED,"Internal review candidacy does not establish external publication, release, validation, transmission or manufacturing authority."
ZIP-0105,IMMUTABLE_SOURCE_ZIP_MEMBER,01_BASELINE_THROUGH_2026-08-24_1938Z/EMOPET_BASELINE_v3.0_CONTROLLED/04_SOFTWARE_AND_CLOUD/cloud/SW-CLOUD-002_EMOPET_Scaleway_Production_Decision.docx,SW-CLOUD-002,SW-CLOUD-002_EMOPET_Scaleway_Production_Decision,BATCH 4,SW,INTERNAL CONTROLLED,Cloud / Platform Engineering — FUNCTIONAL OWNER / HUMAN ASSIGNMENT OPEN,1.0,CURRENT CLOUD CONTROL SOURCE — PRODUCTION NOT AUTHORISED,RESOLVED AT DOCUMENT LEVEL — EXECUTION / VALIDATION / RELEASE STATUS PRESERVED,DOCUMENT-LEVEL AUTHORITY / EVIDENCE RECONCILED 2026-08-27 — NOT RELEASED,INCLUDE — SOURCE / CONTROL / EVIDENCE RECORD,INTERNAL_REVIEW_CANDIDATE_WITH_CONTROLS,EXPLICIT PUBLICATION APPROVAL REQUIRED,EXPLICIT_PUBLICATION_APPROVAL_REQUIRED,NOT APPLICABLE — SOURCE PRESERVED / STATIC PACKAGE QA ONLY,DO_NOT_PUBLISH_RESTRICTED_OR_UNAPPROVED,NOT_RELEASED,"Internal review candidacy does not establish external publication, release, validation, transmission or manufacturing authority."
ZIP-0106,IMMUTABLE_SOURCE_ZIP_MEMBER,01_BASELINE_THROUGH_2026-08-24_1938Z/EMOPET_BASELINE_v3.0_CONTROLLED/04_SOFTWARE_AND_CLOUD/cloud/SW-CLOUD-003_EMOPET_Deployment_Runbook.docx,SW-CLOUD-003,SW-CLOUD-003_EMOPET_Deployment_Runbook,BATCH 4,SW,INTERNAL CONTROLLED,Cloud / Platform Engineering — FUNCTIONAL OWNER / HUMAN ASSIGNMENT OPEN,1.0,CURRENT CLOUD CONTROL SOURCE — PRODUCTION NOT AUTHORISED,RESOLVED AT DOCUMENT LEVEL — EXECUTION / VALIDATION / RELEASE STATUS PRESERVED,DOCUMENT-LEVEL AUTHORITY / EVIDENCE RECONCILED 2026-08-27 — NOT RELEASED,INCLUDE — SOURCE / CONTROL / EVIDENCE RECORD,INTERNAL_REVIEW_CANDIDATE_WITH_CONTROLS,EXPLICIT PUBLICATION APPROVAL REQUIRED,EXPLICIT_PUBLICATION_APPROVAL_REQUIRED,NOT APPLICABLE — SOURCE PRESERVED / STATIC PACKAGE QA ONLY,DO_NOT_PUBLISH_RESTRICTED_OR_UNAPPROVED,NOT_RELEASED,"Internal review candidacy does not establish external publication, release, validation, transmission or manufacturing authority."
ZIP-0107,IMMUTABLE_SOURCE_ZIP_MEMBER,01_BASELINE_THROUGH_2026-08-24_1938Z/EMOPET_BASELINE_v3.0_CONTROLLED/04_SOFTWARE_AND_CLOUD/cloud/SW-CLOUD-004_EMOPET_Scaleway_Provider_Compatibility_Notes.docx,SW-CLOUD-004,SW-CLOUD-004_EMOPET_Scaleway_Provider_Compatibility_Notes,BATCH 4,SW,INTERNAL CONTROLLED,Cloud / Platform Engineering — FUNCTIONAL OWNER / HUMAN ASSIGNMENT OPEN,1.0,REFERENCE / OPERATIONAL INPUT — NOT PRODUCTION EVIDENCE,RESOLVED AT DOCUMENT LEVEL — EXECUTION / VALIDATION / RELEASE STATUS PRESERVED,DOCUMENT-LEVEL AUTHORITY / EVIDENCE RECONCILED 2026-08-27 — NOT RELEASED,INCLUDE — SOURCE / CONTROL / EVIDENCE RECORD,INTERNAL_REVIEW_CANDIDATE_WITH_CONTROLS,EXPLICIT PUBLICATION APPROVAL REQUIRED,EXPLICIT_PUBLICATION_APPROVAL_REQUIRED,NOT APPLICABLE — SOURCE PRESERVED / STATIC PACKAGE QA ONLY,DO_NOT_PUBLISH_RESTRICTED_OR_UNAPPROVED,NOT_RELEASED,"Internal review candidacy does not establish external publication, release, validation, transmission or manufacturing authority."
ZIP-0108,IMMUTABLE_SOURCE_ZIP_MEMBER,01_BASELINE_THROUGH_2026-08-24_1938Z/EMOPET_BASELINE_v3.0_CONTROLLED/04_SOFTWARE_AND_CLOUD/cloud/SW-CLOUD-005_EMOPET_Scaleway_Account_Session_Checklist.docx,SW-CLOUD-005,SW-CLOUD-005_EMOPET_Scaleway_Account_Session_Checklist,BATCH 4,SW,INTERNAL CONTROLLED,Cloud / Platform Engineering — FUNCTIONAL OWNER / HUMAN ASSIGNMENT OPEN,1.0,REFERENCE / OPERATIONAL INPUT — NOT PRODUCTION EVIDENCE,RESOLVED AT DOCUMENT LEVEL — EXECUTION / VALIDATION / RELEASE STATUS PRESERVED,DOCUMENT-LEVEL AUTHORITY / EVIDENCE RECONCILED 2026-08-27 — NOT RELEASED,INCLUDE — SOURCE / CONTROL / EVIDENCE RECORD,INTERNAL_REVIEW_CANDIDATE_WITH_CONTROLS,EXPLICIT PUBLICATION APPROVAL REQUIRED,EXPLICIT_PUBLICATION_APPROVAL_REQUIRED,NOT APPLICABLE — SOURCE PRESERVED / STATIC PACKAGE QA ONLY,DO_NOT_PUBLISH_RESTRICTED_OR_UNAPPROVED,NOT_RELEASED,"Internal review candidacy does not establish external publication, release, validation, transmission or manufacturing authority."
ZIP-0109,IMMUTABLE_SOURCE_ZIP_MEMBER,01_BASELINE_THROUGH_2026-08-24_1938Z/EMOPET_BASELINE_v3.0_CONTROLLED/04_SOFTWARE_AND_CLOUD/cloud/SW-CLOUD-006_EMOPET_Terraform_Generation_Reconciliation_Report.docx,SW-CLOUD-006,SW-CLOUD-006_EMOPET_Terraform_Generation_Reconciliation_Report,BATCH 4,SW,INTERNAL CONTROLLED,Cloud / Platform Engineering — FUNCTIONAL OWNER / HUMAN ASSIGNMENT OPEN,1.0,CURRENT CLOUD CONTROL SOURCE — PRODUCTION NOT AUTHORISED,RESOLVED AT DOCUMENT LEVEL — EXECUTION / VALIDATION / RELEASE STATUS PRESERVED,DOCUMENT-LEVEL AUTHORITY / EVIDENCE RECONCILED 2026-08-27 — NOT RELEASED,INCLUDE — SOURCE / CONTROL / EVIDENCE RECORD,INTERNAL_REVIEW_CANDIDATE_WITH_CONTROLS,EXPLICIT PUBLICATION APPROVAL REQUIRED,EXPLICIT_PUBLICATION_APPROVAL_REQUIRED,NOT APPLICABLE — SOURCE PRESERVED / STATIC PACKAGE QA ONLY,DO_NOT_PUBLISH_RESTRICTED_OR_UNAPPROVED,NOT_RELEASED,"Internal review candidacy does not establish external publication, release, validation, transmission or manufacturing authority."
ZIP-0110,IMMUTABLE_SOURCE_ZIP_MEMBER,01_BASELINE_THROUGH_2026-08-24_1938Z/EMOPET_BASELINE_v3.0_CONTROLLED/04_SOFTWARE_AND_CLOUD/cloud/local/docker-compose.local.yml,docker-compose.local,docker-compose.local,BATCH 4,SW,INTERNAL CONTROLLED,Cloud / Platform Engineering — FUNCTIONAL OWNER / HUMAN ASSIGNMENT OPEN,SOURCE REVISION NOT STATED / NOT VERIFIED,CURRENT CLOUD CONTROL SOURCE — PRODUCTION NOT AUTHORISED,RESOLVED AT DOCUMENT LEVEL — EXECUTION / VALIDATION / RELEASE STATUS PRESERVED,DOCUMENT-LEVEL AUTHORITY / EVIDENCE RECONCILED 2026-08-27 — NOT RELEASED,INCLUDE — SOURCE / CONTROL / EVIDENCE RECORD,INTERNAL_REVIEW_CANDIDATE_WITH_CONTROLS,EXPLICIT PUBLICATION APPROVAL REQUIRED,EXPLICIT_PUBLICATION_APPROVAL_REQUIRED,NOT APPLICABLE — SOURCE PRESERVED / STATIC PACKAGE QA ONLY,DO_NOT_PUBLISH_RESTRICTED_OR_UNAPPROVED,NOT_RELEASED,"Internal review candidacy does not establish external publication, release, validation, transmission or manufacturing authority."
ZIP-0111,IMMUTABLE_SOURCE_ZIP_MEMBER,01_BASELINE_THROUGH_2026-08-24_1938Z/EMOPET_BASELINE_v3.0_CONTROLLED/04_SOFTWARE_AND_CLOUD/cloud/terraform/bootstrap/main.tf,main,main,BATCH 4,SW,INTERNAL CONTROLLED,Cloud / Platform Engineering — FUNCTIONAL OWNER / HUMAN ASSIGNMENT OPEN,SOURCE REVISION NOT STATED / NOT VERIFIED,CURRENT SOURCE ARTIFACT — RUNTIME STATE NOT ESTABLISHED,RESOLVED AT DOCUMENT LEVEL — EXECUTION / VALIDATION / RELEASE STATUS PRESERVED,DOCUMENT-LEVEL AUTHORITY / EVIDENCE RECONCILED 2026-08-27 — NOT RELEASED,INCLUDE — SOURCE / CONTROL / EVIDENCE RECORD,INTERNAL_REVIEW_CANDIDATE_WITH_CONTROLS,EXPLICIT PUBLICATION APPROVAL REQUIRED,EXPLICIT_PUBLICATION_APPROVAL_REQUIRED,NOT APPLICABLE — SOURCE PRESERVED / STATIC PACKAGE QA ONLY,DO_NOT_PUBLISH_RESTRICTED_OR_UNAPPROVED,NOT_RELEASED,"Internal review candidacy does not establish external publication, release, validation, transmission or manufacturing authority."
ZIP-0112,IMMUTABLE_SOURCE_ZIP_MEMBER,01_BASELINE_THROUGH_2026-08-24_1938Z/EMOPET_BASELINE_v3.0_CONTROLLED/04_SOFTWARE_AND_CLOUD/cloud/terraform/bootstrap/terraform.tfvars.example,terraform.tfvars,terraform.tfvars,BATCH 4,SW,INTERNAL CONTROLLED,Cloud / Platform Engineering — FUNCTIONAL OWNER / HUMAN ASSIGNMENT OPEN,SOURCE REVISION NOT STATED / NOT VERIFIED,CURRENT SOURCE ARTIFACT — RUNTIME STATE NOT ESTABLISHED,RESOLVED AT DOCUMENT LEVEL — EXECUTION / VALIDATION / RELEASE STATUS PRESERVED,DOCUMENT-LEVEL AUTHORITY / EVIDENCE RECONCILED 2026-08-27 — NOT RELEASED,INCLUDE — SOURCE / CONTROL / EVIDENCE RECORD,INTERNAL_REVIEW_CANDIDATE_WITH_CONTROLS,EXPLICIT PUBLICATION APPROVAL REQUIRED,EXPLICIT_PUBLICATION_APPROVAL_REQUIRED,NOT APPLICABLE — SOURCE PRESERVED / STATIC PACKAGE QA ONLY,DO_NOT_PUBLISH_RESTRICTED_OR_UNAPPROVED,NOT_RELEASED,"Internal review candidacy does not establish external publication, release, validation, transmission or manufacturing authority."
ZIP-0113,IMMUTABLE_SOURCE_ZIP_MEMBER,01_BASELINE_THROUGH_2026-08-24_1938Z/EMOPET_BASELINE_v3.0_CONTROLLED/04_SOFTWARE_AND_CLOUD/cloud/terraform/bootstrap/variables.tf,variables,variables,BATCH 4,SW,INTERNAL CONTROLLED,Cloud / Platform Engineering — FUNCTIONAL OWNER / HUMAN ASSIGNMENT OPEN,SOURCE REVISION NOT STATED / NOT VERIFIED,CURRENT SOURCE ARTIFACT — RUNTIME STATE NOT ESTABLISHED,RESOLVED AT DOCUMENT LEVEL — EXECUTION / VALIDATION / RELEASE STATUS PRESERVED,DOCUMENT-LEVEL AUTHORITY / EVIDENCE RECONCILED 2026-08-27 — NOT RELEASED,INCLUDE — SOURCE / CONTROL / EVIDENCE RECORD,INTERNAL_REVIEW_CANDIDATE_WITH_CONTROLS,EXPLICIT PUBLICATION APPROVAL REQUIRED,EXPLICIT_PUBLICATION_APPROVAL_REQUIRED,NOT APPLICABLE — SOURCE PRESERVED / STATIC PACKAGE QA ONLY,DO_NOT_PUBLISH_RESTRICTED_OR_UNAPPROVED,NOT_RELEASED,"Internal review candidacy does not establish external publication, release, validation, transmission or manufacturing authority."
ZIP-0114,IMMUTABLE_SOURCE_ZIP_MEMBER,01_BASELINE_THROUGH_2026-08-24_1938Z/EMOPET_BASELINE_v3.0_CONTROLLED/04_SOFTWARE_AND_CLOUD/cloud/terraform/bootstrap/versions.tf,versions,versions,BATCH 4,SW,INTERNAL CONTROLLED,Cloud / Platform Engineering — FUNCTIONAL OWNER / HUMAN ASSIGNMENT OPEN,SOURCE REVISION NOT STATED / NOT VERIFIED,CURRENT SOURCE ARTIFACT — RUNTIME STATE NOT ESTABLISHED,RESOLVED AT DOCUMENT LEVEL — EXECUTION / VALIDATION / RELEASE STATUS PRESERVED,DOCUMENT-LEVEL AUTHORITY / EVIDENCE RECONCILED 2026-08-27 — NOT RELEASED,INCLUDE — SOURCE / CONTROL / EVIDENCE RECORD,INTERNAL_REVIEW_CANDIDATE_WITH_CONTROLS,EXPLICIT PUBLICATION APPROVAL REQUIRED,EXPLICIT_PUBLICATION_APPROVAL_REQUIRED,NOT APPLICABLE — SOURCE PRESERVED / STATIC PACKAGE QA ONLY,DO_NOT_PUBLISH_RESTRICTED_OR_UNAPPROVED,NOT_RELEASED,"Internal review candidacy does not establish external publication, release, validation, transmission or manufacturing authority."
ZIP-0115,IMMUTABLE_SOURCE_ZIP_MEMBER,01_BASELINE_THROUGH_2026-08-24_1938Z/EMOPET_BASELINE_v3.0_CONTROLLED/04_SOFTWARE_AND_CLOUD/cloud/terraform/main/backend.hcl.example,backend.hcl,backend.hcl,BATCH 4,SW,INTERNAL CONTROLLED,Cloud / Platform Engineering — FUNCTIONAL OWNER / HUMAN ASSIGNMENT OPEN,SOURCE REVISION NOT STATED / NOT VERIFIED,CURRENT SOURCE ARTIFACT — RUNTIME STATE NOT ESTABLISHED,RESOLVED AT DOCUMENT LEVEL — EXECUTION / VALIDATION / RELEASE STATUS PRESERVED,DOCUMENT-LEVEL AUTHORITY / EVIDENCE RECONCILED 2026-08-27 — NOT RELEASED,INCLUDE — SOURCE / CONTROL / EVIDENCE RECORD,INTERNAL_REVIEW_CANDIDATE_WITH_CONTROLS,EXPLICIT PUBLICATION APPROVAL REQUIRED,EXPLICIT_PUBLICATION_APPROVAL_REQUIRED,NOT APPLICABLE — SOURCE PRESERVED / STATIC PACKAGE QA ONLY,DO_NOT_PUBLISH_RESTRICTED_OR_UNAPPROVED,NOT_RELEASED,"Internal review candidacy does not establish external publication, release, validation, transmission or manufacturing authority."
ZIP-0116,IMMUTABLE_SOURCE_ZIP_MEMBER,01_BASELINE_THROUGH_2026-08-24_1938Z/EMOPET_BASELINE_v3.0_CONTROLLED/04_SOFTWARE_AND_CLOUD/cloud/terraform/main/cloud-init/nakama-bootstrap.yml,nakama-bootstrap,nakama-bootstrap,BATCH 4,SW,INTERNAL CONTROLLED,Cloud / Platform Engineering — FUNCTIONAL OWNER / HUMAN ASSIGNMENT OPEN,SOURCE REVISION NOT STATED / NOT VERIFIED,CURRENT SOURCE ARTIFACT — RUNTIME STATE NOT ESTABLISHED,RESOLVED AT DOCUMENT LEVEL — EXECUTION / VALIDATION / RELEASE STATUS PRESERVED,DOCUMENT-LEVEL AUTHORITY / EVIDENCE RECONCILED 2026-08-27 — NOT RELEASED,INCLUDE — SOURCE / CONTROL / EVIDENCE RECORD,INTERNAL_REVIEW_CANDIDATE_WITH_CONTROLS,EXPLICIT PUBLICATION APPROVAL REQUIRED,EXPLICIT_PUBLICATION_APPROVAL_REQUIRED,NOT APPLICABLE — SOURCE PRESERVED / STATIC PACKAGE QA ONLY,DO_NOT_PUBLISH_RESTRICTED_OR_UNAPPROVED,NOT_RELEASED,"Internal review candidacy does not establish external publication, release, validation, transmission or manufacturing authority."
ZIP-0117,IMMUTABLE_SOURCE_ZIP_MEMBER,01_BASELINE_THROUGH_2026-08-24_1938Z/EMOPET_BASELINE_v3.0_CONTROLLED/04_SOFTWARE_AND_CLOUD/cloud/terraform/main/containers.tf,containers,containers,BATCH 4,SW,INTERNAL CONTROLLED,Cloud / Platform Engineering — FUNCTIONAL OWNER / HUMAN ASSIGNMENT OPEN,SOURCE REVISION NOT STATED / NOT VERIFIED,CURRENT SOURCE ARTIFACT — RUNTIME STATE NOT ESTABLISHED,RESOLVED AT DOCUMENT LEVEL — EXECUTION / VALIDATION / RELEASE STATUS PRESERVED,DOCUMENT-LEVEL AUTHORITY / EVIDENCE RECONCILED 2026-08-27 — NOT RELEASED,INCLUDE — SOURCE / CONTROL / EVIDENCE RECORD,INTERNAL_REVIEW_CANDIDATE_WITH_CONTROLS,EXPLICIT PUBLICATION APPROVAL REQUIRED,EXPLICIT_PUBLICATION_APPROVAL_REQUIRED,NOT APPLICABLE — SOURCE PRESERVED / STATIC PACKAGE QA ONLY,DO_NOT_PUBLISH_RESTRICTED_OR_UNAPPROVED,NOT_RELEASED,"Internal review candidacy does not establish external publication, release, validation, transmission or manufacturing authority."
ZIP-0118,IMMUTABLE_SOURCE_ZIP_MEMBER,01_BASELINE_THROUGH_2026-08-24_1938Z/EMOPET_BASELINE_v3.0_CONTROLLED/04_SOFTWARE_AND_CLOUD/cloud/terraform/main/database.tf,database,database,BATCH 4,SW,INTERNAL CONTROLLED,Cloud / Platform Engineering — FUNCTIONAL OWNER / HUMAN ASSIGNMENT OPEN,SOURCE REVISION NOT STATED / NOT VERIFIED,CURRENT SOURCE ARTIFACT — RUNTIME STATE NOT ESTABLISHED,RESOLVED AT DOCUMENT LEVEL — EXECUTION / VALIDATION / RELEASE STATUS PRESERVED,DOCUMENT-LEVEL AUTHORITY / EVIDENCE RECONCILED 2026-08-27 — NOT RELEASED,INCLUDE — SOURCE / CONTROL / EVIDENCE RECORD,INTERNAL_REVIEW_CANDIDATE_WITH_CONTROLS,EXPLICIT PUBLICATION APPROVAL REQUIRED,EXPLICIT_PUBLICATION_APPROVAL_REQUIRED,NOT APPLICABLE — SOURCE PRESERVED / STATIC PACKAGE QA ONLY,DO_NOT_PUBLISH_RESTRICTED_OR_UNAPPROVED,NOT_RELEASED,"Internal review candidacy does not establish external publication, release, validation, transmission or manufacturing authority."
ZIP-0119,IMMUTABLE_SOURCE_ZIP_MEMBER,01_BASELINE_THROUGH_2026-08-24_1938Z/EMOPET_BASELINE_v3.0_CONTROLLED/04_SOFTWARE_AND_CLOUD/cloud/terraform/main/dev.tfvars.example,dev.tfvars,dev.tfvars,BATCH 4,SW,INTERNAL CONTROLLED,Cloud / Platform Engineering — FUNCTIONAL OWNER / HUMAN ASSIGNMENT OPEN,SOURCE REVISION NOT STATED / NOT VERIFIED,CURRENT SOURCE ARTIFACT — RUNTIME STATE NOT ESTABLISHED,RESOLVED AT DOCUMENT LEVEL — EXECUTION / VALIDATION / RELEASE STATUS PRESERVED,DOCUMENT-LEVEL AUTHORITY / EVIDENCE RECONCILED 2026-08-27 — NOT RELEASED,INCLUDE — SOURCE / CONTROL / EVIDENCE RECORD,INTERNAL_REVIEW_CANDIDATE_WITH_CONTROLS,EXPLICIT PUBLICATION APPROVAL REQUIRED,EXPLICIT_PUBLICATION_APPROVAL_REQUIRED,NOT APPLICABLE — SOURCE PRESERVED / STATIC PACKAGE QA ONLY,DO_NOT_PUBLISH_RESTRICTED_OR_UNAPPROVED,NOT_RELEASED,"Internal review candidacy does not establish external publication, release, validation, transmission or manufacturing authority."
ZIP-0120,IMMUTABLE_SOURCE_ZIP_MEMBER,01_BASELINE_THROUGH_2026-08-24_1938Z/EMOPET_BASELINE_v3.0_CONTROLLED/04_SOFTWARE_AND_CLOUD/cloud/terraform/main/generated-secrets.tf,generated-secrets,generated-secrets,BATCH 4,SW,INTERNAL CONTROLLED,Cloud / Platform Engineering — FUNCTIONAL OWNER / HUMAN ASSIGNMENT OPEN,SOURCE REVISION NOT STATED / NOT VERIFIED,CURRENT SOURCE ARTIFACT — RUNTIME STATE NOT ESTABLISHED,RESOLVED AT DOCUMENT LEVEL — EXECUTION / VALIDATION / RELEASE STATUS PRESERVED,DOCUMENT-LEVEL AUTHORITY / EVIDENCE RECONCILED 2026-08-27 — NOT RELEASED,INCLUDE — SOURCE / CONTROL / EVIDENCE RECORD,INTERNAL_REVIEW_CANDIDATE_WITH_CONTROLS,EXPLICIT PUBLICATION APPROVAL REQUIRED,EXPLICIT_PUBLICATION_APPROVAL_REQUIRED,NOT APPLICABLE — SOURCE PRESERVED / STATIC PACKAGE QA ONLY,DO_NOT_PUBLISH_RESTRICTED_OR_UNAPPROVED,NOT_RELEASED,"Internal review candidacy does not establish external publication, release, validation, transmission or manufacturing authority."
ZIP-0121,IMMUTABLE_SOURCE_ZIP_MEMBER,01_BASELINE_THROUGH_2026-08-24_1938Z/EMOPET_BASELINE_v3.0_CONTROLLED/04_SOFTWARE_AND_CLOUD/cloud/terraform/main/locals.tf,locals,locals,BATCH 4,SW,INTERNAL CONTROLLED,Cloud / Platform Engineering — FUNCTIONAL OWNER / HUMAN ASSIGNMENT OPEN,SOURCE REVISION NOT STATED / NOT VERIFIED,CURRENT SOURCE ARTIFACT — RUNTIME STATE NOT ESTABLISHED,RESOLVED AT DOCUMENT LEVEL — EXECUTION / VALIDATION / RELEASE STATUS PRESERVED,DOCUMENT-LEVEL AUTHORITY / EVIDENCE RECONCILED 2026-08-27 — NOT RELEASED,INCLUDE — SOURCE / CONTROL / EVIDENCE RECORD,INTERNAL_REVIEW_CANDIDATE_WITH_CONTROLS,EXPLICIT PUBLICATION APPROVAL REQUIRED,EXPLICIT_PUBLICATION_APPROVAL_REQUIRED,NOT APPLICABLE — SOURCE PRESERVED / STATIC PACKAGE QA ONLY,DO_NOT_PUBLISH_RESTRICTED_OR_UNAPPROVED,NOT_RELEASED,"Internal review candidacy does not establish external publication, release, validation, transmission or manufacturing authority."
ZIP-0122,IMMUTABLE_SOURCE_ZIP_MEMBER,01_BASELINE_THROUGH_2026-08-24_1938Z/EMOPET_BASELINE_v3.0_CONTROLLED/04_SOFTWARE_AND_CLOUD/cloud/terraform/main/nakama.tf,nakama,nakama,BATCH 4,SW,INTERNAL CONTROLLED,Cloud / Platform Engineering — FUNCTIONAL OWNER / HUMAN ASSIGNMENT OPEN,SOURCE REVISION NOT STATED / NOT VERIFIED,CURRENT SOURCE ARTIFACT — RUNTIME STATE NOT ESTABLISHED,RESOLVED AT DOCUMENT LEVEL — EXECUTION / VALIDATION / RELEASE STATUS PRESERVED,DOCUMENT-LEVEL AUTHORITY / EVIDENCE RECONCILED 2026-08-27 — NOT RELEASED,INCLUDE — SOURCE / CONTROL / EVIDENCE RECORD,INTERNAL_REVIEW_CANDIDATE_WITH_CONTROLS,EXPLICIT PUBLICATION APPROVAL REQUIRED,EXPLICIT_PUBLICATION_APPROVAL_REQUIRED,NOT APPLICABLE — SOURCE PRESERVED / STATIC PACKAGE QA ONLY,DO_NOT_PUBLISH_RESTRICTED_OR_UNAPPROVED,NOT_RELEASED,"Internal review candidacy does not establish external publication, release, validation, transmission or manufacturing authority."
ZIP-0123,IMMUTABLE_SOURCE_ZIP_MEMBER,01_BASELINE_THROUGH_2026-08-24_1938Z/EMOPET_BASELINE_v3.0_CONTROLLED/04_SOFTWARE_AND_CLOUD/cloud/terraform/main/network.tf,network,network,BATCH 4,SW,INTERNAL CONTROLLED,Cloud / Platform Engineering — FUNCTIONAL OWNER / HUMAN ASSIGNMENT OPEN,SOURCE REVISION NOT STATED / NOT VERIFIED,CURRENT SOURCE ARTIFACT — RUNTIME STATE NOT ESTABLISHED,RESOLVED AT DOCUMENT LEVEL — EXECUTION / VALIDATION / RELEASE STATUS PRESERVED,DOCUMENT-LEVEL AUTHORITY / EVIDENCE RECONCILED 2026-08-27 — NOT RELEASED,INCLUDE — SOURCE / CONTROL / EVIDENCE RECORD,INTERNAL_REVIEW_CANDIDATE_WITH_CONTROLS,EXPLICIT PUBLICATION APPROVAL REQUIRED,EXPLICIT_PUBLICATION_APPROVAL_REQUIRED,NOT APPLICABLE — SOURCE PRESERVED / STATIC PACKAGE QA ONLY,DO_NOT_PUBLISH_RESTRICTED_OR_UNAPPROVED,NOT_RELEASED,"Internal review candidacy does not establish external publication, release, validation, transmission or manufacturing authority."
ZIP-0124,IMMUTABLE_SOURCE_ZIP_MEMBER,01_BASELINE_THROUGH_2026-08-24_1938Z/EMOPET_BASELINE_v3.0_CONTROLLED/04_SOFTWARE_AND_CLOUD/cloud/terraform/main/outputs.tf,outputs,outputs,BATCH 4,SW,INTERNAL CONTROLLED,Cloud / Platform Engineering — FUNCTIONAL OWNER / HUMAN ASSIGNMENT OPEN,SOURCE REVISION NOT STATED / NOT VERIFIED,CURRENT SOURCE ARTIFACT — RUNTIME STATE NOT ESTABLISHED,RESOLVED AT DOCUMENT LEVEL — EXECUTION / VALIDATION / RELEASE STATUS PRESERVED,DOCUMENT-LEVEL AUTHORITY / EVIDENCE RECONCILED 2026-08-27 — NOT RELEASED,INCLUDE — SOURCE / CONTROL / EVIDENCE RECORD,INTERNAL_REVIEW_CANDIDATE_WITH_CONTROLS,EXPLICIT PUBLICATION APPROVAL REQUIRED,EXPLICIT_PUBLICATION_APPROVAL_REQUIRED,NOT APPLICABLE — SOURCE PRESERVED / STATIC PACKAGE QA ONLY,DO_NOT_PUBLISH_RESTRICTED_OR_UNAPPROVED,NOT_RELEASED,"Internal review candidacy does not establish external publication, release, validation, transmission or manufacturing authority."
ZIP-0125,IMMUTABLE_SOURCE_ZIP_MEMBER,01_BASELINE_THROUGH_2026-08-24_1938Z/EMOPET_BASELINE_v3.0_CONTROLLED/04_SOFTWARE_AND_CLOUD/cloud/terraform/main/prod.tfvars.example,prod.tfvars,prod.tfvars,BATCH 4,SW,INTERNAL CONTROLLED,Cloud / Platform Engineering — FUNCTIONAL OWNER / HUMAN ASSIGNMENT OPEN,SOURCE REVISION NOT STATED / NOT VERIFIED,CURRENT SOURCE ARTIFACT — RUNTIME STATE NOT ESTABLISHED,RESOLVED AT DOCUMENT LEVEL — EXECUTION / VALIDATION / RELEASE STATUS PRESERVED,DOCUMENT-LEVEL AUTHORITY / EVIDENCE RECONCILED 2026-08-27 — NOT RELEASED,INCLUDE — SOURCE / CONTROL / EVIDENCE RECORD,INTERNAL_REVIEW_CANDIDATE_WITH_CONTROLS,EXPLICIT PUBLICATION APPROVAL REQUIRED,EXPLICIT_PUBLICATION_APPROVAL_REQUIRED,NOT APPLICABLE — SOURCE PRESERVED / STATIC PACKAGE QA ONLY,DO_NOT_PUBLISH_RESTRICTED_OR_UNAPPROVED,NOT_RELEASED,"Internal review candidacy does not establish external publication, release, validation, transmission or manufacturing authority."
ZIP-0126,IMMUTABLE_SOURCE_ZIP_MEMBER,01_BASELINE_THROUGH_2026-08-24_1938Z/EMOPET_BASELINE_v3.0_CONTROLLED/04_SOFTWARE_AND_CLOUD/cloud/terraform/main/providers.tf,providers,providers,BATCH 4,SW,INTERNAL CONTROLLED,Cloud / Platform Engineering — FUNCTIONAL OWNER / HUMAN ASSIGNMENT OPEN,SOURCE REVISION NOT STATED / NOT VERIFIED,CURRENT SOURCE ARTIFACT — RUNTIME STATE NOT ESTABLISHED,RESOLVED AT DOCUMENT LEVEL — EXECUTION / VALIDATION / RELEASE STATUS PRESERVED,DOCUMENT-LEVEL AUTHORITY / EVIDENCE RECONCILED 2026-08-27 — NOT RELEASED,INCLUDE — SOURCE / CONTROL / EVIDENCE RECORD,INTERNAL_REVIEW_CANDIDATE_WITH_CONTROLS,EXPLICIT PUBLICATION APPROVAL REQUIRED,EXPLICIT_PUBLICATION_APPROVAL_REQUIRED,NOT APPLICABLE — SOURCE PRESERVED / STATIC PACKAGE QA ONLY,DO_NOT_PUBLISH_RESTRICTED_OR_UNAPPROVED,NOT_RELEASED,"Internal review candidacy does not establish external publication, release, validation, transmission or manufacturing authority."
ZIP-0127,IMMUTABLE_SOURCE_ZIP_MEMBER,01_BASELINE_THROUGH_2026-08-24_1938Z/EMOPET_BASELINE_v3.0_CONTROLLED/04_SOFTWARE_AND_CLOUD/cloud/terraform/main/redis.tf,redis,redis,BATCH 4,SW,INTERNAL CONTROLLED,Cloud / Platform Engineering — FUNCTIONAL OWNER / HUMAN ASSIGNMENT OPEN,SOURCE REVISION NOT STATED / NOT VERIFIED,CURRENT SOURCE ARTIFACT — RUNTIME STATE NOT ESTABLISHED,RESOLVED AT DOCUMENT LEVEL — EXECUTION / VALIDATION / RELEASE STATUS PRESERVED,DOCUMENT-LEVEL AUTHORITY / EVIDENCE RECONCILED 2026-08-27 — NOT RELEASED,INCLUDE — SOURCE / CONTROL / EVIDENCE RECORD,INTERNAL_REVIEW_CANDIDATE_WITH_CONTROLS,EXPLICIT PUBLICATION APPROVAL REQUIRED,EXPLICIT_PUBLICATION_APPROVAL_REQUIRED,NOT APPLICABLE — SOURCE PRESERVED / STATIC PACKAGE QA ONLY,DO_NOT_PUBLISH_RESTRICTED_OR_UNAPPROVED,NOT_RELEASED,"Internal review candidacy does not establish external publication, release, validation, transmission or manufacturing authority."
ZIP-0128,IMMUTABLE_SOURCE_ZIP_MEMBER,01_BASELINE_THROUGH_2026-08-24_1938Z/EMOPET_BASELINE_v3.0_CONTROLLED/04_SOFTWARE_AND_CLOUD/cloud/terraform/main/registry.tf,registry,registry,BATCH 4,SW,INTERNAL CONTROLLED,Cloud / Platform Engineering — FUNCTIONAL OWNER / HUMAN ASSIGNMENT OPEN,SOURCE REVISION NOT STATED / NOT VERIFIED,CURRENT SOURCE ARTIFACT — RUNTIME STATE NOT ESTABLISHED,RESOLVED AT DOCUMENT LEVEL — EXECUTION / VALIDATION / RELEASE STATUS PRESERVED,DOCUMENT-LEVEL AUTHORITY / EVIDENCE RECONCILED 2026-08-27 — NOT RELEASED,INCLUDE — SOURCE / CONTROL / EVIDENCE RECORD,INTERNAL_REVIEW_CANDIDATE_WITH_CONTROLS,EXPLICIT PUBLICATION APPROVAL REQUIRED,EXPLICIT_PUBLICATION_APPROVAL_REQUIRED,NOT APPLICABLE — SOURCE PRESERVED / STATIC PACKAGE QA ONLY,DO_NOT_PUBLISH_RESTRICTED_OR_UNAPPROVED,NOT_RELEASED,"Internal review candidacy does not establish external publication, release, validation, transmission or manufacturing authority."
ZIP-0129,IMMUTABLE_SOURCE_ZIP_MEMBER,01_BASELINE_THROUGH_2026-08-24_1938Z/EMOPET_BASELINE_v3.0_CONTROLLED/04_SOFTWARE_AND_CLOUD/cloud/terraform/main/secrets.tf,secrets,secrets,BATCH 4,SW,INTERNAL CONTROLLED,Cloud / Platform Engineering — FUNCTIONAL OWNER / HUMAN ASSIGNMENT OPEN,SOURCE REVISION NOT STATED / NOT VERIFIED,CURRENT SOURCE ARTIFACT — RUNTIME STATE NOT ESTABLISHED,RESOLVED AT DOCUMENT LEVEL — EXECUTION / VALIDATION / RELEASE STATUS PRESERVED,DOCUMENT-LEVEL AUTHORITY / EVIDENCE RECONCILED 2026-08-27 — NOT RELEASED,INCLUDE — SOURCE / CONTROL / EVIDENCE RECORD,INTERNAL_REVIEW_CANDIDATE_WITH_CONTROLS,EXPLICIT PUBLICATION APPROVAL REQUIRED,EXPLICIT_PUBLICATION_APPROVAL_REQUIRED,NOT APPLICABLE — SOURCE PRESERVED / STATIC PACKAGE QA ONLY,DO_NOT_PUBLISH_RESTRICTED_OR_UNAPPROVED,NOT_RELEASED,"Internal review candidacy does not establish external publication, release, validation, transmission or manufacturing authority."
ZIP-0130,IMMUTABLE_SOURCE_ZIP_MEMBER,01_BASELINE_THROUGH_2026-08-24_1938Z/EMOPET_BASELINE_v3.0_CONTROLLED/04_SOFTWARE_AND_CLOUD/cloud/terraform/main/staging.tfvars.example,staging.tfvars,staging.tfvars,BATCH 4,SW,INTERNAL CONTROLLED,Cloud / Platform Engineering — FUNCTIONAL OWNER / HUMAN ASSIGNMENT OPEN,SOURCE REVISION NOT STATED / NOT VERIFIED,CURRENT SOURCE ARTIFACT — RUNTIME STATE NOT ESTABLISHED,RESOLVED AT DOCUMENT LEVEL — EXECUTION / VALIDATION / RELEASE STATUS PRESERVED,DOCUMENT-LEVEL AUTHORITY / EVIDENCE RECONCILED 2026-08-27 — NOT RELEASED,INCLUDE — SOURCE / CONTROL / EVIDENCE RECORD,INTERNAL_REVIEW_CANDIDATE_WITH_CONTROLS,EXPLICIT PUBLICATION APPROVAL REQUIRED,EXPLICIT_PUBLICATION_APPROVAL_REQUIRED,NOT APPLICABLE — SOURCE PRESERVED / STATIC PACKAGE QA ONLY,DO_NOT_PUBLISH_RESTRICTED_OR_UNAPPROVED,NOT_RELEASED,"Internal review candidacy does not establish external publication, release, validation, transmission or manufacturing authority."
ZIP-0131,IMMUTABLE_SOURCE_ZIP_MEMBER,01_BASELINE_THROUGH_2026-08-24_1938Z/EMOPET_BASELINE_v3.0_CONTROLLED/04_SOFTWARE_AND_CLOUD/cloud/terraform/main/storage.tf,storage,storage,BATCH 4,SW,INTERNAL CONTROLLED,Cloud / Platform Engineering — FUNCTIONAL OWNER / HUMAN ASSIGNMENT OPEN,SOURCE REVISION NOT STATED / NOT VERIFIED,CURRENT SOURCE ARTIFACT — RUNTIME STATE NOT ESTABLISHED,RESOLVED AT DOCUMENT LEVEL — EXECUTION / VALIDATION / RELEASE STATUS PRESERVED,DOCUMENT-LEVEL AUTHORITY / EVIDENCE RECONCILED 2026-08-27 — NOT RELEASED,INCLUDE — SOURCE / CONTROL / EVIDENCE RECORD,INTERNAL_REVIEW_CANDIDATE_WITH_CONTROLS,EXPLICIT PUBLICATION APPROVAL REQUIRED,EXPLICIT_PUBLICATION_APPROVAL_REQUIRED,NOT APPLICABLE — SOURCE PRESERVED / STATIC PACKAGE QA ONLY,DO_NOT_PUBLISH_RESTRICTED_OR_UNAPPROVED,NOT_RELEASED,"Internal review candidacy does not establish external publication, release, validation, transmission or manufacturing authority."
ZIP-0132,IMMUTABLE_SOURCE_ZIP_MEMBER,01_BASELINE_THROUGH_2026-08-24_1938Z/EMOPET_BASELINE_v3.0_CONTROLLED/04_SOFTWARE_AND_CLOUD/cloud/terraform/main/terraform.tfvars.example,terraform.tfvars,terraform.tfvars,BATCH 4,SW,INTERNAL CONTROLLED,Cloud / Platform Engineering — FUNCTIONAL OWNER / HUMAN ASSIGNMENT OPEN,SOURCE REVISION NOT STATED / NOT VERIFIED,CURRENT SOURCE ARTIFACT — RUNTIME STATE NOT ESTABLISHED,RESOLVED AT DOCUMENT LEVEL — EXECUTION / VALIDATION / RELEASE STATUS PRESERVED,DOCUMENT-LEVEL AUTHORITY / EVIDENCE RECONCILED 2026-08-27 — NOT RELEASED,INCLUDE — SOURCE / CONTROL / EVIDENCE RECORD,INTERNAL_REVIEW_CANDIDATE_WITH_CONTROLS,EXPLICIT PUBLICATION APPROVAL REQUIRED,EXPLICIT_PUBLICATION_APPROVAL_REQUIRED,NOT APPLICABLE — SOURCE PRESERVED / STATIC PACKAGE QA ONLY,DO_NOT_PUBLISH_RESTRICTED_OR_UNAPPROVED,NOT_RELEASED,"Internal review candidacy does not establish external publication, release, validation, transmission or manufacturing authority."
ZIP-0133,IMMUTABLE_SOURCE_ZIP_MEMBER,01_BASELINE_THROUGH_2026-08-24_1938Z/EMOPET_BASELINE_v3.0_CONTROLLED/04_SOFTWARE_AND_CLOUD/cloud/terraform/main/variables.tf,variables,variables,BATCH 4,SW,INTERNAL CONTROLLED,Cloud / Platform Engineering — FUNCTIONAL OWNER / HUMAN ASSIGNMENT OPEN,SOURCE REVISION NOT STATED / NOT VERIFIED,CURRENT SOURCE ARTIFACT — RUNTIME STATE NOT ESTABLISHED,RESOLVED AT DOCUMENT LEVEL — EXECUTION / VALIDATION / RELEASE STATUS PRESERVED,DOCUMENT-LEVEL AUTHORITY / EVIDENCE RECONCILED 2026-08-27 — NOT RELEASED,INCLUDE — SOURCE / CONTROL / EVIDENCE RECORD,INTERNAL_REVIEW_CANDIDATE_WITH_CONTROLS,EXPLICIT PUBLICATION APPROVAL REQUIRED,EXPLICIT_PUBLICATION_APPROVAL_REQUIRED,NOT APPLICABLE — SOURCE PRESERVED / STATIC PACKAGE QA ONLY,DO_NOT_PUBLISH_RESTRICTED_OR_UNAPPROVED,NOT_RELEASED,"Internal review candidacy does not establish external publication, release, validation, transmission or manufacturing authority."
ZIP-0134,IMMUTABLE_SOURCE_ZIP_MEMBER,01_BASELINE_THROUGH_2026-08-24_1938Z/EMOPET_BASELINE_v3.0_CONTROLLED/04_SOFTWARE_AND_CLOUD/cloud/terraform/main/versions.tf,versions,versions,BATCH 4,SW,INTERNAL CONTROLLED,Cloud / Platform Engineering — FUNCTIONAL OWNER / HUMAN ASSIGNMENT OPEN,SOURCE REVISION NOT STATED / NOT VERIFIED,CURRENT SOURCE ARTIFACT — RUNTIME STATE NOT ESTABLISHED,RESOLVED AT DOCUMENT LEVEL — EXECUTION / VALIDATION / RELEASE STATUS PRESERVED,DOCUMENT-LEVEL AUTHORITY / EVIDENCE RECONCILED 2026-08-27 — NOT RELEASED,INCLUDE — SOURCE / CONTROL / EVIDENCE RECORD,INTERNAL_REVIEW_CANDIDATE_WITH_CONTROLS,EXPLICIT PUBLICATION APPROVAL REQUIRED,EXPLICIT_PUBLICATION_APPROVAL_REQUIRED,NOT APPLICABLE — SOURCE PRESERVED / STATIC PACKAGE QA ONLY,DO_NOT_PUBLISH_RESTRICTED_OR_UNAPPROVED,NOT_RELEASED,"Internal review candidacy does not establish external publication, release, validation, transmission or manufacturing authority."
ZIP-0135,IMMUTABLE_SOURCE_ZIP_MEMBER,01_BASELINE_THROUGH_2026-08-24_1938Z/EMOPET_BASELINE_v3.0_CONTROLLED/04_SOFTWARE_AND_CLOUD/data_model/DATA-001_EMOPET_PostgreSQL_Migration_Program.docx,DATA-001,DATA-001_EMOPET_PostgreSQL_Migration_Program,BATCH 4,DATA,INTERNAL CONTROLLED,Data / Backend Engineering — FUNCTIONAL OWNER / HUMAN ASSIGNMENT OPEN,3.0,CURRENT MIGRATION SOURCE — PRODUCTION APPLICATION NOT ESTABLISHED,RESOLVED AT DOCUMENT LEVEL — EXECUTION / VALIDATION / RELEASE STATUS PRESERVED,DOCUMENT-LEVEL AUTHORITY / EVIDENCE RECONCILED 2026-08-27 — NOT RELEASED,INCLUDE — SOURCE / CONTROL / EVIDENCE RECORD,INTERNAL_REVIEW_CANDIDATE_WITH_CONTROLS,EXPLICIT PUBLICATION APPROVAL REQUIRED,EXPLICIT_PUBLICATION_APPROVAL_REQUIRED,NOT APPLICABLE — SOURCE PRESERVED / STATIC PACKAGE QA ONLY,DO_NOT_PUBLISH_RESTRICTED_OR_UNAPPROVED,NOT_RELEASED,"Internal review candidacy does not establish external publication, release, validation, transmission or manufacturing authority."
ZIP-0136,IMMUTABLE_SOURCE_ZIP_MEMBER,01_BASELINE_THROUGH_2026-08-24_1938Z/EMOPET_BASELINE_v3.0_CONTROLLED/04_SOFTWARE_AND_CLOUD/data_model/migrations/0005_guardian_relationships.sql,0005_guardian_relationships,0005_guardian_relationships,BATCH 4,DATA,INTERNAL CONTROLLED,Data / Backend Engineering — FUNCTIONAL OWNER / HUMAN ASSIGNMENT OPEN,SOURCE REVISION NOT STATED / NOT VERIFIED,CURRENT MIGRATION SOURCE — PRODUCTION APPLICATION NOT ESTABLISHED,RESOLVED AT DOCUMENT LEVEL — EXECUTION / VALIDATION / RELEASE STATUS PRESERVED,DOCUMENT-LEVEL AUTHORITY / EVIDENCE RECONCILED 2026-08-27 — NOT RELEASED,INCLUDE — SOURCE / CONTROL / EVIDENCE RECORD,INTERNAL_REVIEW_CANDIDATE_WITH_CONTROLS,EXPLICIT PUBLICATION APPROVAL REQUIRED,EXPLICIT_PUBLICATION_APPROVAL_REQUIRED,NOT APPLICABLE — SOURCE PRESERVED / STATIC PACKAGE QA ONLY,DO_NOT_PUBLISH_RESTRICTED_OR_UNAPPROVED,NOT_RELEASED,"Internal review candidacy does not establish external publication, release, validation, transmission or manufacturing authority."
ZIP-0137,IMMUTABLE_SOURCE_ZIP_MEMBER,01_BASELINE_THROUGH_2026-08-24_1938Z/EMOPET_BASELINE_v3.0_CONTROLLED/04_SOFTWARE_AND_CLOUD/data_model/migrations/0006_permissions_consents.sql,0006_permissions_consents,0006_permissions_consents,BATCH 4,DATA,INTERNAL CONTROLLED,Data / Backend Engineering — FUNCTIONAL OWNER / HUMAN ASSIGNMENT OPEN,SOURCE REVISION NOT STATED / NOT VERIFIED,CURRENT MIGRATION SOURCE — PRODUCTION APPLICATION NOT ESTABLISHED,RESOLVED AT DOCUMENT LEVEL — EXECUTION / VALIDATION / RELEASE STATUS PRESERVED,DOCUMENT-LEVEL AUTHORITY / EVIDENCE RECONCILED 2026-08-27 — NOT RELEASED,INCLUDE — SOURCE / CONTROL / EVIDENCE RECORD,INTERNAL_REVIEW_CANDIDATE_WITH_CONTROLS,EXPLICIT PUBLICATION APPROVAL REQUIRED,EXPLICIT_PUBLICATION_APPROVAL_REQUIRED,NOT APPLICABLE — SOURCE PRESERVED / STATIC PACKAGE QA ONLY,DO_NOT_PUBLISH_RESTRICTED_OR_UNAPPROVED,NOT_RELEASED,"Internal review candidacy does not establish external publication, release, validation, transmission or manufacturing authority."
ZIP-0138,IMMUTABLE_SOURCE_ZIP_MEMBER,01_BASELINE_THROUGH_2026-08-24_1938Z/EMOPET_BASELINE_v3.0_CONTROLLED/04_SOFTWARE_AND_CLOUD/data_model/migrations/0007_memories.sql,0007_memories,0007_memories,BATCH 4,DATA,INTERNAL CONTROLLED,Data / Backend Engineering — FUNCTIONAL OWNER / HUMAN ASSIGNMENT OPEN,SOURCE REVISION NOT STATED / NOT VERIFIED,CURRENT MIGRATION SOURCE — PRODUCTION APPLICATION NOT ESTABLISHED,RESOLVED AT DOCUMENT LEVEL — EXECUTION / VALIDATION / RELEASE STATUS PRESERVED,DOCUMENT-LEVEL AUTHORITY / EVIDENCE RECONCILED 2026-08-27 — NOT RELEASED,INCLUDE — SOURCE / CONTROL / EVIDENCE RECORD,INTERNAL_REVIEW_CANDIDATE_WITH_CONTROLS,EXPLICIT PUBLICATION APPROVAL REQUIRED,EXPLICIT_PUBLICATION_APPROVAL_REQUIRED,NOT APPLICABLE — SOURCE PRESERVED / STATIC PACKAGE QA ONLY,DO_NOT_PUBLISH_RESTRICTED_OR_UNAPPROVED,NOT_RELEASED,"Internal review candidacy does not establish external publication, release, validation, transmission or manufacturing authority."
ZIP-0139,IMMUTABLE_SOURCE_ZIP_MEMBER,01_BASELINE_THROUGH_2026-08-24_1938Z/EMOPET_BASELINE_v3.0_CONTROLLED/04_SOFTWARE_AND_CLOUD/data_model/migrations/0008_entitlements.sql,0008_entitlements,0008_entitlements,BATCH 4,DATA,INTERNAL CONTROLLED,Data / Backend Engineering — FUNCTIONAL OWNER / HUMAN ASSIGNMENT OPEN,SOURCE REVISION NOT STATED / NOT VERIFIED,CURRENT MIGRATION SOURCE — PRODUCTION APPLICATION NOT ESTABLISHED,RESOLVED AT DOCUMENT LEVEL — EXECUTION / VALIDATION / RELEASE STATUS PRESERVED,DOCUMENT-LEVEL AUTHORITY / EVIDENCE RECONCILED 2026-08-27 — NOT RELEASED,INCLUDE — SOURCE / CONTROL / EVIDENCE RECORD,INTERNAL_REVIEW_CANDIDATE_WITH_CONTROLS,EXPLICIT PUBLICATION APPROVAL REQUIRED,EXPLICIT_PUBLICATION_APPROVAL_REQUIRED,NOT APPLICABLE — SOURCE PRESERVED / STATIC PACKAGE QA ONLY,DO_NOT_PUBLISH_RESTRICTED_OR_UNAPPROVED,NOT_RELEASED,"Internal review candidacy does not establish external publication, release, validation, transmission or manufacturing authority."
ZIP-0140,IMMUTABLE_SOURCE_ZIP_MEMBER,01_BASELINE_THROUGH_2026-08-24_1938Z/EMOPET_BASELINE_v3.0_CONTROLLED/04_SOFTWARE_AND_CLOUD/data_model/migrations/0010_trust_ledger.sql,0010_trust_ledger,0010_trust_ledger,BATCH 4,DATA,INTERNAL CONTROLLED,Data / Backend Engineering — FUNCTIONAL OWNER / HUMAN ASSIGNMENT OPEN,SOURCE REVISION NOT STATED / NOT VERIFIED,CURRENT MIGRATION SOURCE — PRODUCTION APPLICATION NOT ESTABLISHED,RESOLVED AT DOCUMENT LEVEL — EXECUTION / VALIDATION / RELEASE STATUS PRESERVED,DOCUMENT-LEVEL AUTHORITY / EVIDENCE RECONCILED 2026-08-27 — NOT RELEASED,INCLUDE — SOURCE / CONTROL / EVIDENCE RECORD,INTERNAL_REVIEW_CANDIDATE_WITH_CONTROLS,EXPLICIT PUBLICATION APPROVAL REQUIRED,EXPLICIT_PUBLICATION_APPROVAL_REQUIRED,NOT APPLICABLE — SOURCE PRESERVED / STATIC PACKAGE QA ONLY,DO_NOT_PUBLISH_RESTRICTED_OR_UNAPPROVED,NOT_RELEASED,"Internal review candidacy does not establish external publication, release, validation, transmission or manufacturing authority."
ZIP-0141,IMMUTABLE_SOURCE_ZIP_MEMBER,01_BASELINE_THROUGH_2026-08-24_1938Z/EMOPET_BASELINE_v3.0_CONTROLLED/04_SOFTWARE_AND_CLOUD/data_model/migrations/0014_audit_and_retention.sql,0014_audit_and_retention,0014_audit_and_retention,BATCH 4,DATA,INTERNAL CONTROLLED,Data / Backend Engineering — FUNCTIONAL OWNER / HUMAN ASSIGNMENT OPEN,SOURCE REVISION NOT STATED / NOT VERIFIED,CURRENT MIGRATION SOURCE — PRODUCTION APPLICATION NOT ESTABLISHED,RESOLVED AT DOCUMENT LEVEL — EXECUTION / VALIDATION / RELEASE STATUS PRESERVED,DOCUMENT-LEVEL AUTHORITY / EVIDENCE RECONCILED 2026-08-27 — NOT RELEASED,INCLUDE — SOURCE / CONTROL / EVIDENCE RECORD,INTERNAL_REVIEW_CANDIDATE_WITH_CONTROLS,EXPLICIT PUBLICATION APPROVAL REQUIRED,EXPLICIT_PUBLICATION_APPROVAL_REQUIRED,NOT APPLICABLE — SOURCE PRESERVED / STATIC PACKAGE QA ONLY,DO_NOT_PUBLISH_RESTRICTED_OR_UNAPPROVED,NOT_RELEASED,"Internal review candidacy does not establish external publication, release, validation, transmission or manufacturing authority."
ZIP-0142,IMMUTABLE_SOURCE_ZIP_MEMBER,01_BASELINE_THROUGH_2026-08-24_1938Z/EMOPET_BASELINE_v3.0_CONTROLLED/04_SOFTWARE_AND_CLOUD/data_model/review/0009_world_server_authority.sql,0009_world_server_authority,0009_world_server_authority,BATCH 4,DATA,INTERNAL CONTROLLED,Data / Backend Engineering — FUNCTIONAL OWNER / HUMAN ASSIGNMENT OPEN,SOURCE REVISION NOT STATED / NOT VERIFIED,REVIEW INPUT / NOT APPROVED FOR APPLICATION,RESOLVED AT DOCUMENT LEVEL — EXECUTION / VALIDATION / RELEASE STATUS PRESERVED,DOCUMENT-LEVEL AUTHORITY / EVIDENCE RECONCILED 2026-08-27 — NOT RELEASED,INCLUDE — SOURCE / CONTROL / EVIDENCE RECORD,INTERNAL_REVIEW_CANDIDATE_WITH_CONTROLS,EXPLICIT PUBLICATION APPROVAL REQUIRED,EXPLICIT_PUBLICATION_APPROVAL_REQUIRED,NOT APPLICABLE — SOURCE PRESERVED / STATIC PACKAGE QA ONLY,DO_NOT_PUBLISH_RESTRICTED_OR_UNAPPROVED,NOT_RELEASED,"Internal review candidacy does not establish external publication, release, validation, transmission or manufacturing authority."
ZIP-0143,IMMUTABLE_SOURCE_ZIP_MEMBER,01_BASELINE_THROUGH_2026-08-24_1938Z/EMOPET_BASELINE_v3.0_CONTROLLED/04_SOFTWARE_AND_CLOUD/data_model/review/0011_els_registry.sql,0011_els_registry,0011_els_registry,BATCH 4,DATA,INTERNAL CONTROLLED,Data / Backend Engineering — FUNCTIONAL OWNER / HUMAN ASSIGNMENT OPEN,SOURCE REVISION NOT STATED / NOT VERIFIED,REVIEW INPUT / NOT APPROVED FOR APPLICATION,RESOLVED AT DOCUMENT LEVEL — EXECUTION / VALIDATION / RELEASE STATUS PRESERVED,DOCUMENT-LEVEL AUTHORITY / EVIDENCE RECONCILED 2026-08-27 — NOT RELEASED,INCLUDE — SOURCE / CONTROL / EVIDENCE RECORD,INTERNAL_REVIEW_CANDIDATE_WITH_CONTROLS,EXPLICIT PUBLICATION APPROVAL REQUIRED,EXPLICIT_PUBLICATION_APPROVAL_REQUIRED,NOT APPLICABLE — SOURCE PRESERVED / STATIC PACKAGE QA ONLY,DO_NOT_PUBLISH_RESTRICTED_OR_UNAPPROVED,NOT_RELEASED,"Internal review candidacy does not establish external publication, release, validation, transmission or manufacturing authority."
ZIP-0144,IMMUTABLE_SOURCE_ZIP_MEMBER,01_BASELINE_THROUGH_2026-08-24_1938Z/EMOPET_BASELINE_v3.0_CONTROLLED/04_SOFTWARE_AND_CLOUD/data_model/review/0012_activity_relationship_engine.sql,0012_activity_relationship_engine,0012_activity_relationship_engine,BATCH 4,DATA,INTERNAL CONTROLLED,Data / Backend Engineering — FUNCTIONAL OWNER / HUMAN ASSIGNMENT OPEN,SOURCE REVISION NOT STATED / NOT VERIFIED,REVIEW INPUT / NOT APPROVED FOR APPLICATION,RESOLVED AT DOCUMENT LEVEL — EXECUTION / VALIDATION / RELEASE STATUS PRESERVED,DOCUMENT-LEVEL AUTHORITY / EVIDENCE RECONCILED 2026-08-27 — NOT RELEASED,INCLUDE — SOURCE / CONTROL / EVIDENCE RECORD,INTERNAL_REVIEW_CANDIDATE_WITH_CONTROLS,EXPLICIT PUBLICATION APPROVAL REQUIRED,EXPLICIT_PUBLICATION_APPROVAL_REQUIRED,NOT APPLICABLE — SOURCE PRESERVED / STATIC PACKAGE QA ONLY,DO_NOT_PUBLISH_RESTRICTED_OR_UNAPPROVED,NOT_RELEASED,"Internal review candidacy does not establish external publication, release, validation, transmission or manufacturing authority."
ZIP-0145,IMMUTABLE_SOURCE_ZIP_MEMBER,01_BASELINE_THROUGH_2026-08-24_1938Z/EMOPET_BASELINE_v3.0_CONTROLLED/04_SOFTWARE_AND_CLOUD/data_model/review/0013_nakama_identity_mapping.sql,0013_nakama_identity_mapping,0013_nakama_identity_mapping,BATCH 4,DATA,INTERNAL CONTROLLED,Data / Backend Engineering — FUNCTIONAL OWNER / HUMAN ASSIGNMENT OPEN,SOURCE REVISION NOT STATED / NOT VERIFIED,REVIEW INPUT / NOT APPROVED FOR APPLICATION,RESOLVED AT DOCUMENT LEVEL — EXECUTION / VALIDATION / RELEASE STATUS PRESERVED,DOCUMENT-LEVEL AUTHORITY / EVIDENCE RECONCILED 2026-08-27 — NOT RELEASED,INCLUDE — SOURCE / CONTROL / EVIDENCE RECORD,INTERNAL_REVIEW_CANDIDATE_WITH_CONTROLS,EXPLICIT PUBLICATION APPROVAL REQUIRED,EXPLICIT_PUBLICATION_APPROVAL_REQUIRED,NOT APPLICABLE — SOURCE PRESERVED / STATIC PACKAGE QA ONLY,DO_NOT_PUBLISH_RESTRICTED_OR_UNAPPROVED,NOT_RELEASED,"Internal review candidacy does not establish external publication, release, validation, transmission or manufacturing authority."
ZIP-0146,IMMUTABLE_SOURCE_ZIP_MEMBER,01_BASELINE_THROUGH_2026-08-24_1938Z/EMOPET_BASELINE_v3.0_CONTROLLED/04_SOFTWARE_AND_CLOUD/i18n/SW-I18N-001_EMOPET_Internationalisation_Architecture.docx,SW-I18N-001,SW-I18N-001_EMOPET_Internationalisation_Architecture,BATCH 4,SW,INTERNAL CONTROLLED,Software Engineering / Product — FUNCTIONAL OWNER / HUMAN ASSIGNMENT OPEN,2.0,CURRENT CONTROLLED SOFTWARE SOURCE — FULL ARCHITECTURE TO BUILD,RESOLVED AT DOCUMENT LEVEL — EXECUTION / VALIDATION / RELEASE STATUS PRESERVED,DOCUMENT-LEVEL AUTHORITY / EVIDENCE RECONCILED 2026-08-27 — NOT RELEASED,INCLUDE — SOURCE / CONTROL / EVIDENCE RECORD,INTERNAL_REVIEW_CANDIDATE_WITH_CONTROLS,EXPLICIT PUBLICATION APPROVAL REQUIRED,EXPLICIT_PUBLICATION_APPROVAL_REQUIRED,NOT APPLICABLE — SOURCE PRESERVED / STATIC PACKAGE QA ONLY,DO_NOT_PUBLISH_RESTRICTED_OR_UNAPPROVED,NOT_RELEASED,"Internal review candidacy does not establish external publication, release, validation, transmission or manufacturing authority."
ZIP-0147,IMMUTABLE_SOURCE_ZIP_MEMBER,01_BASELINE_THROUGH_2026-08-24_1938Z/EMOPET_BASELINE_v3.0_CONTROLLED/04_SOFTWARE_AND_CLOUD/i18n/SW-I18N-002_EMOPET_Web_i18n_Migration_Plan.docx,SW-I18N-002,SW-I18N-002_EMOPET_Web_i18n_Migration_Plan,BATCH 4,SW,INTERNAL CONTROLLED,Software Engineering / Product — FUNCTIONAL OWNER / HUMAN ASSIGNMENT OPEN,2.0,CURRENT CONTROLLED SOFTWARE SOURCE — FULL ARCHITECTURE TO BUILD,RESOLVED AT DOCUMENT LEVEL — EXECUTION / VALIDATION / RELEASE STATUS PRESERVED,DOCUMENT-LEVEL AUTHORITY / EVIDENCE RECONCILED 2026-08-27 — NOT RELEASED,INCLUDE — SOURCE / CONTROL / EVIDENCE RECORD,INTERNAL_REVIEW_CANDIDATE_WITH_CONTROLS,EXPLICIT PUBLICATION APPROVAL REQUIRED,EXPLICIT_PUBLICATION_APPROVAL_REQUIRED,NOT APPLICABLE — SOURCE PRESERVED / STATIC PACKAGE QA ONLY,DO_NOT_PUBLISH_RESTRICTED_OR_UNAPPROVED,NOT_RELEASED,"Internal review candidacy does not establish external publication, release, validation, transmission or manufacturing authority."
ZIP-0148,IMMUTABLE_SOURCE_ZIP_MEMBER,01_BASELINE_THROUGH_2026-08-24_1938Z/EMOPET_BASELINE_v3.0_CONTROLLED/04_SOFTWARE_AND_CLOUD/immersive/SW-004_EMOPET_Immersive_Runtime_And_Realtime_Technical_Review.docx,SW-004,SW-004_EMOPET_Immersive_Runtime_And_Realtime_Technical_Review,BATCH 4,SW,INTERNAL CONTROLLED,Software Engineering / Product — FUNCTIONAL OWNER / HUMAN ASSIGNMENT OPEN,1.0,PROPOSED IMPLEMENTATION INPUT — NOT CURRENT RUNTIME PROOF,RESOLVED AT DOCUMENT LEVEL — EXECUTION / VALIDATION / RELEASE STATUS PRESERVED,DOCUMENT-LEVEL AUTHORITY / EVIDENCE RECONCILED 2026-08-27 — NOT RELEASED,INCLUDE — SOURCE / CONTROL / EVIDENCE RECORD,INTERNAL_REVIEW_CANDIDATE_WITH_CONTROLS,EXPLICIT PUBLICATION APPROVAL REQUIRED,EXPLICIT_PUBLICATION_APPROVAL_REQUIRED,NOT APPLICABLE — SOURCE PRESERVED / STATIC PACKAGE QA ONLY,DO_NOT_PUBLISH_RESTRICTED_OR_UNAPPROVED,NOT_RELEASED,"Internal review candidacy does not establish external publication, release, validation, transmission or manufacturing authority."
ZIP-0149,IMMUTABLE_SOURCE_ZIP_MEMBER,01_BASELINE_THROUGH_2026-08-24_1938Z/EMOPET_BASELINE_v3.0_CONTROLLED/04_SOFTWARE_AND_CLOUD/immersive/review/EMOPET_UNITY_BACKEND_PHASE0_IMPLEMENTATION_PATCH_v1.0.diff,EMOPET_UNITY_BACKEND_PHASE0_IMPLEMENTATION_PATCH_v1.0,EMOPET_UNITY_BACKEND_PHASE0_IMPLEMENTATION_PATCH_v1.0,BATCH 4,SW,INTERNAL CONTROLLED,Software Engineering / Product — FUNCTIONAL OWNER / HUMAN ASSIGNMENT OPEN,SOURCE REVISION NOT STATED / NOT VERIFIED,PROPOSED IMPLEMENTATION INPUT — NOT CURRENT RUNTIME PROOF,RESOLVED AT DOCUMENT LEVEL — EXECUTION / VALIDATION / RELEASE STATUS PRESERVED,DOCUMENT-LEVEL AUTHORITY / EVIDENCE RECONCILED 2026-08-27 — NOT RELEASED,INCLUDE — SOURCE / CONTROL / EVIDENCE RECORD,INTERNAL_REVIEW_CANDIDATE_WITH_CONTROLS,EXPLICIT PUBLICATION APPROVAL REQUIRED,EXPLICIT_PUBLICATION_APPROVAL_REQUIRED,NOT APPLICABLE — SOURCE PRESERVED / STATIC PACKAGE QA ONLY,DO_NOT_PUBLISH_RESTRICTED_OR_UNAPPROVED,NOT_RELEASED,"Internal review candidacy does not establish external publication, release, validation, transmission or manufacturing authority."
ZIP-0150,IMMUTABLE_SOURCE_ZIP_MEMBER,01_BASELINE_THROUGH_2026-08-24_1938Z/EMOPET_BASELINE_v3.0_CONTROLLED/04_SOFTWARE_AND_CLOUD/immersive/review/EMOPET_UNITY_BACKEND_PHASE0_PROPOSAL_v1.0.zip,EMOPET_UNITY_BACKEND_PHASE0_PROPOSAL_v1.0,EMOPET_UNITY_BACKEND_PHASE0_PROPOSAL_v1.0,BATCH 4,SW,INTERNAL CONTROLLED,Software Engineering / Product — FUNCTIONAL OWNER / HUMAN ASSIGNMENT OPEN,SOURCE REVISION NOT STATED / NOT VERIFIED,PROPOSED IMPLEMENTATION INPUT — NOT CURRENT RUNTIME PROOF,RESOLVED AT DOCUMENT LEVEL — EXECUTION / VALIDATION / RELEASE STATUS PRESERVED,DOCUMENT-LEVEL AUTHORITY / EVIDENCE RECONCILED 2026-08-27 — NOT RELEASED,INCLUDE — SOURCE / CONTROL / EVIDENCE RECORD,INTERNAL_REVIEW_CANDIDATE_WITH_CONTROLS,EXPLICIT PUBLICATION APPROVAL REQUIRED,EXPLICIT_PUBLICATION_APPROVAL_REQUIRED,NOT APPLICABLE — SOURCE PRESERVED / STATIC PACKAGE QA ONLY,DO_NOT_PUBLISH_RESTRICTED_OR_UNAPPROVED,NOT_RELEASED,"Internal review candidacy does not establish external publication, release, validation, transmission or manufacturing authority."
ZIP-0151,IMMUTABLE_SOURCE_ZIP_MEMBER,01_BASELINE_THROUGH_2026-08-24_1938Z/EMOPET_BASELINE_v3.0_CONTROLLED/04_SOFTWARE_AND_CLOUD/immersive/review/UNITY_CSHARP_DTO_STARTER_v1.cs,UNITY_CSHARP_DTO_STARTER_v1,UNITY_CSHARP_DTO_STARTER_v1,BATCH 4,SW,INTERNAL CONTROLLED,Software Engineering / Product — FUNCTIONAL OWNER / HUMAN ASSIGNMENT OPEN,SOURCE REVISION NOT STATED / NOT VERIFIED,PROPOSED IMPLEMENTATION INPUT — NOT CURRENT RUNTIME PROOF,RESOLVED AT DOCUMENT LEVEL — EXECUTION / VALIDATION / RELEASE STATUS PRESERVED,DOCUMENT-LEVEL AUTHORITY / EVIDENCE RECONCILED 2026-08-27 — NOT RELEASED,INCLUDE — SOURCE / CONTROL / EVIDENCE RECORD,INTERNAL_REVIEW_CANDIDATE_WITH_CONTROLS,EXPLICIT PUBLICATION APPROVAL REQUIRED,EXPLICIT_PUBLICATION_APPROVAL_REQUIRED,NOT APPLICABLE — SOURCE PRESERVED / STATIC PACKAGE QA ONLY,DO_NOT_PUBLISH_RESTRICTED_OR_UNAPPROVED,NOT_RELEASED,"Internal review candidacy does not establish external publication, release, validation, transmission or manufacturing authority."
ZIP-0152,IMMUTABLE_SOURCE_ZIP_MEMBER,01_BASELINE_THROUGH_2026-08-24_1938Z/EMOPET_BASELINE_v3.0_CONTROLLED/04_SOFTWARE_AND_CLOUD/immersive/review/proposed/backend/api/routes/client-v1.ts,client-v1,client-v1,BATCH 4,SW,INTERNAL CONTROLLED,Software Engineering / Product — FUNCTIONAL OWNER / HUMAN ASSIGNMENT OPEN,1,PROPOSED IMPLEMENTATION INPUT — NOT CURRENT RUNTIME PROOF,RESOLVED AT DOCUMENT LEVEL — EXECUTION / VALIDATION / RELEASE STATUS PRESERVED,DOCUMENT-LEVEL AUTHORITY / EVIDENCE RECONCILED 2026-08-27 — NOT RELEASED,INCLUDE — SOURCE / CONTROL / EVIDENCE RECORD,INTERNAL_REVIEW_CANDIDATE_WITH_CONTROLS,EXPLICIT PUBLICATION APPROVAL REQUIRED,EXPLICIT_PUBLICATION_APPROVAL_REQUIRED,NOT APPLICABLE — SOURCE PRESERVED / STATIC PACKAGE QA ONLY,DO_NOT_PUBLISH_RESTRICTED_OR_UNAPPROVED,NOT_RELEASED,"Internal review candidacy does not establish external publication, release, validation, transmission or manufacturing authority."
ZIP-0153,IMMUTABLE_SOURCE_ZIP_MEMBER,01_BASELINE_THROUGH_2026-08-24_1938Z/EMOPET_BASELINE_v3.0_CONTROLLED/04_SOFTWARE_AND_CLOUD/immersive/review/proposed/backend/api/services/world-catalog.ts,world-catalog,world-catalog,BATCH 4,SW,INTERNAL CONTROLLED,Software Engineering / Product — FUNCTIONAL OWNER / HUMAN ASSIGNMENT OPEN,SOURCE REVISION NOT STATED / NOT VERIFIED,PROPOSED IMPLEMENTATION INPUT — NOT CURRENT RUNTIME PROOF,RESOLVED AT DOCUMENT LEVEL — EXECUTION / VALIDATION / RELEASE STATUS PRESERVED,DOCUMENT-LEVEL AUTHORITY / EVIDENCE RECONCILED 2026-08-27 — NOT RELEASED,INCLUDE — SOURCE / CONTROL / EVIDENCE RECORD,INTERNAL_REVIEW_CANDIDATE_WITH_CONTROLS,EXPLICIT PUBLICATION APPROVAL REQUIRED,EXPLICIT_PUBLICATION_APPROVAL_REQUIRED,NOT APPLICABLE — SOURCE PRESERVED / STATIC PACKAGE QA ONLY,DO_NOT_PUBLISH_RESTRICTED_OR_UNAPPROVED,NOT_RELEASED,"Internal review candidacy does not establish external publication, release, validation, transmission or manufacturing authority."
ZIP-0154,IMMUTABLE_SOURCE_ZIP_MEMBER,01_BASELINE_THROUGH_2026-08-24_1938Z/EMOPET_BASELINE_v3.0_CONTROLLED/04_SOFTWARE_AND_CLOUD/immersive/review/proposed/packages/shared/src/types/client-v1.ts,client-v1,string;,BATCH 4,SW,INTERNAL CONTROLLED,Software Engineering / Product — FUNCTIONAL OWNER / HUMAN ASSIGNMENT OPEN,1,PROPOSED IMPLEMENTATION INPUT — NOT CURRENT RUNTIME PROOF,RESOLVED AT DOCUMENT LEVEL — EXECUTION / VALIDATION / RELEASE STATUS PRESERVED,DOCUMENT-LEVEL AUTHORITY / EVIDENCE RECONCILED 2026-08-27 — NOT RELEASED,INCLUDE — SOURCE / CONTROL / EVIDENCE RECORD,INTERNAL_REVIEW_CANDIDATE_WITH_CONTROLS,EXPLICIT PUBLICATION APPROVAL REQUIRED,EXPLICIT_PUBLICATION_APPROVAL_REQUIRED,NOT APPLICABLE — SOURCE PRESERVED / STATIC PACKAGE QA ONLY,DO_NOT_PUBLISH_RESTRICTED_OR_UNAPPROVED,NOT_RELEASED,"Internal review candidacy does not establish external publication, release, validation, transmission or manufacturing authority."
ZIP-0155,IMMUTABLE_SOURCE_ZIP_MEMBER,01_BASELINE_THROUGH_2026-08-24_1938Z/EMOPET_BASELINE_v3.0_CONTROLLED/04_SOFTWARE_AND_CLOUD/immersive/review/proposed/packages/shared/src/validators/client-v1.ts,client-v1,client-v1,BATCH 4,SW,INTERNAL CONTROLLED,Software Engineering / Product — FUNCTIONAL OWNER / HUMAN ASSIGNMENT OPEN,1,PROPOSED IMPLEMENTATION INPUT — NOT CURRENT RUNTIME PROOF,RESOLVED AT DOCUMENT LEVEL — EXECUTION / VALIDATION / RELEASE STATUS PRESERVED,DOCUMENT-LEVEL AUTHORITY / EVIDENCE RECONCILED 2026-08-27 — NOT RELEASED,INCLUDE — SOURCE / CONTROL / EVIDENCE RECORD,INTERNAL_REVIEW_CANDIDATE_WITH_CONTROLS,EXPLICIT PUBLICATION APPROVAL REQUIRED,EXPLICIT_PUBLICATION_APPROVAL_REQUIRED,NOT APPLICABLE — SOURCE PRESERVED / STATIC PACKAGE QA ONLY,DO_NOT_PUBLISH_RESTRICTED_OR_UNAPPROVED,NOT_RELEASED,"Internal review candidacy does not establish external publication, release, validation, transmission or manufacturing authority."
ZIP-0156,IMMUTABLE_SOURCE_ZIP_MEMBER,01_BASELINE_THROUGH_2026-08-24_1938Z/EMOPET_BASELINE_v3.0_CONTROLLED/05_DATA_PRIVACY_SECURITY_COMPLIANCE/DATA-002_EMOPET_Data_Privacy_And_Data_Act_Baseline.docx,DATA-002,DATA-002_EMOPET_Data_Privacy_And_Data_Act_Baseline,BATCH 1,SOFTWARE_DATA_CYBER,CONFIDENTIAL,Regulatory,2.0,CURRENT CONTROLLED PRIVACY BASELINE — PRODUCT-SCOPE SENTENCE PARTIALLY SUPERSEDED,RESOLVED — PRIVACY CONTROLS CURRENT; COMMUNITY/V1 MEMBERSHIP WORDING SUPERSEDED,BATCH 1 DOCUMENT-LEVEL AUTHORITY / REVISION / OWNER / CLASSIFICATION / PROFILE RECONCILED; CLAIM EVIDENCE PARTIAL,INCLUDE — CONTROLLED SOURCE / RECONCILIATION RECORD,INTERNAL_REVIEW_CANDIDATE_WITH_CONTROLS,EXPLICIT PUBLICATION APPROVAL REQUIRED,EXPLICIT_PUBLICATION_APPROVAL_REQUIRED,NOT STARTED,DO_NOT_PUBLISH_RESTRICTED_OR_UNAPPROVED,NOT_RELEASED,"Internal review candidacy does not establish external publication, release, validation, transmission or manufacturing authority."
ZIP-0157,IMMUTABLE_SOURCE_ZIP_MEMBER,01_BASELINE_THROUGH_2026-08-24_1938Z/EMOPET_BASELINE_v3.0_CONTROLLED/05_DATA_PRIVACY_SECURITY_COMPLIANCE/REG-001_EMOPET_Regulatory_Baseline.docx,REG-001,REG-001_EMOPET_Regulatory_Baseline,BATCH 1,BUSINESS_LEGAL_FINANCE,CONFIDENTIAL,Regulatory,1.0,CONTROLLED INTERNAL WORKING REGULATORY BASELINE — NOT LEGAL ADVICE,RESOLVED AT DOCUMENT LEVEL — KEY DATES VERIFIED; APPLICABILITY REMAINS OPEN,BATCH 1 DOCUMENT-LEVEL AUTHORITY / REVISION / OWNER / CLASSIFICATION / PROFILE RECONCILED; CLAIM EVIDENCE PARTIAL,INCLUDE — CONTROLLED SOURCE / RECONCILIATION RECORD,INTERNAL_REVIEW_CANDIDATE_WITH_CONTROLS,EXPLICIT PUBLICATION APPROVAL REQUIRED,EXPLICIT_PUBLICATION_APPROVAL_REQUIRED,NOT STARTED,DO_NOT_PUBLISH_RESTRICTED_OR_UNAPPROVED,NOT_RELEASED,"Internal review candidacy does not establish external publication, release, validation, transmission or manufacturing authority."
ZIP-0158,IMMUTABLE_SOURCE_ZIP_MEMBER,01_BASELINE_THROUGH_2026-08-24_1938Z/EMOPET_BASELINE_v3.0_CONTROLLED/05_DATA_PRIVACY_SECURITY_COMPLIANCE/SEC-001_EMOPET_CRA_RED_Security_Baseline.docx,SEC-001,SEC-001_EMOPET_CRA_RED_Security_Baseline,BATCH 4,SEC,INTERNAL CONTROLLED,Security / Software Engineering — FUNCTIONAL OWNER / HUMAN ASSIGNMENT OPEN,1.0,CURRENT REQUIREMENT OR CHECKLIST / NOT CERTIFICATION,RESOLVED AT DOCUMENT LEVEL — EXECUTION / VALIDATION / RELEASE STATUS PRESERVED,DOCUMENT-LEVEL AUTHORITY / EVIDENCE RECONCILED 2026-08-27 — NOT RELEASED,INCLUDE — SOURCE / CONTROL / EVIDENCE RECORD,INTERNAL_REVIEW_CANDIDATE_WITH_CONTROLS,EXPLICIT PUBLICATION APPROVAL REQUIRED,EXPLICIT_PUBLICATION_APPROVAL_REQUIRED,NOT APPLICABLE — SOURCE PRESERVED / STATIC PACKAGE QA ONLY,DO_NOT_PUBLISH_RESTRICTED_OR_UNAPPROVED,NOT_RELEASED,"Internal review candidacy does not establish external publication, release, validation, transmission or manufacturing authority."
ZIP-0159,IMMUTABLE_SOURCE_ZIP_MEMBER,01_BASELINE_THROUGH_2026-08-24_1938Z/EMOPET_BASELINE_v3.0_CONTROLLED/05_DATA_PRIVACY_SECURITY_COMPLIANCE/SEC-002_EMOPET_Cloud_Operations_Security_Checklist.docx,SEC-002,SEC-002_EMOPET_Cloud_Operations_Security_Checklist,BATCH 4,SEC,INTERNAL CONTROLLED,Security / Software Engineering — FUNCTIONAL OWNER / HUMAN ASSIGNMENT OPEN,1.0,CURRENT REQUIREMENT OR CHECKLIST / NOT CERTIFICATION,RESOLVED AT DOCUMENT LEVEL — EXECUTION / VALIDATION / RELEASE STATUS PRESERVED,DOCUMENT-LEVEL AUTHORITY / EVIDENCE RECONCILED 2026-08-27 — NOT RELEASED,INCLUDE — SOURCE / CONTROL / EVIDENCE RECORD,INTERNAL_REVIEW_CANDIDATE_WITH_CONTROLS,EXPLICIT PUBLICATION APPROVAL REQUIRED,EXPLICIT_PUBLICATION_APPROVAL_REQUIRED,NOT APPLICABLE — SOURCE PRESERVED / STATIC PACKAGE QA ONLY,DO_NOT_PUBLISH_RESTRICTED_OR_UNAPPROVED,NOT_RELEASED,"Internal review candidacy does not establish external publication, release, validation, transmission or manufacturing authority."
ZIP-0160,IMMUTABLE_SOURCE_ZIP_MEMBER,01_BASELINE_THROUGH_2026-08-24_1938Z/EMOPET_BASELINE_v3.0_CONTROLLED/05_DATA_PRIVACY_SECURITY_COMPLIANCE/SEC-003_EMOPET_Web_Application_Security_Crosscheck.docx,SEC-003,SEC-003_EMOPET_Web_Application_Security_Crosscheck,BATCH 4,SEC,INTERNAL CONTROLLED,Security / Software Engineering — FUNCTIONAL OWNER / HUMAN ASSIGNMENT OPEN,2.0,CURRENT REQUIREMENT OR CHECKLIST / NOT CERTIFICATION,RESOLVED AT DOCUMENT LEVEL — EXECUTION / VALIDATION / RELEASE STATUS PRESERVED,DOCUMENT-LEVEL AUTHORITY / EVIDENCE RECONCILED 2026-08-27 — NOT RELEASED,INCLUDE — SOURCE / CONTROL / EVIDENCE RECORD,INTERNAL_REVIEW_CANDIDATE_WITH_CONTROLS,EXPLICIT PUBLICATION APPROVAL REQUIRED,EXPLICIT_PUBLICATION_APPROVAL_REQUIRED,NOT APPLICABLE — SOURCE PRESERVED / STATIC PACKAGE QA ONLY,DO_NOT_PUBLISH_RESTRICTED_OR_UNAPPROVED,NOT_RELEASED,"Internal review candidacy does not establish external publication, release, validation, transmission or manufacturing authority."
ZIP-0161,IMMUTABLE_SOURCE_ZIP_MEMBER,01_BASELINE_THROUGH_2026-08-24_1938Z/EMOPET_BASELINE_v3.0_CONTROLLED/05_DATA_PRIVACY_SECURITY_COMPLIANCE/SEC-004_EMOPET_Cybersecurity_Review_Pack_v0.6_EN.docx,SEC-004,EMOPET Full Digital Ecosystem Cybersecurity Review Pack v0.6,BATCH 4,SEC,INTERNAL CONTROLLED,Security / Software Engineering — FUNCTIONAL OWNER / HUMAN ASSIGNMENT OPEN,0.6,WORKING REVIEW INPUT — NOT CURRENT IMPLEMENTATION AUTHORITY,RESOLVED AT DOCUMENT LEVEL — EXECUTION / VALIDATION / RELEASE STATUS PRESERVED,DOCUMENT-LEVEL AUTHORITY / EVIDENCE RECONCILED 2026-08-27 — NOT RELEASED,INCLUDE — SOURCE / CONTROL / EVIDENCE RECORD,INTERNAL_REVIEW_CANDIDATE_WITH_CONTROLS,EXPLICIT PUBLICATION APPROVAL REQUIRED,EXPLICIT_PUBLICATION_APPROVAL_REQUIRED,NOT APPLICABLE — SOURCE PRESERVED / STATIC PACKAGE QA ONLY,DO_NOT_PUBLISH_RESTRICTED_OR_UNAPPROVED,NOT_RELEASED,"Internal review candidacy does not establish external publication, release, validation, transmission or manufacturing authority."
ZIP-0162,IMMUTABLE_SOURCE_ZIP_MEMBER,01_BASELINE_THROUGH_2026-08-24_1938Z/EMOPET_BASELINE_v3.0_CONTROLLED/06_BRAND_AND_PUBLIC/BRD-001_EMOPET_Presentation_Master_Narrative.docx,BRD-001,EMOPET — Presentation Master Narrative,BATCH 0,BRAND,CONFIDENTIAL,Brand,2.0,CONTROLLED — SOURCE,RESOLVED AT DOCUMENT LEVEL — COR-004,DOCUMENT-LEVEL AUTHORITY / REVISION / OWNER / CLASSIFICATION / PROFILE RECONCILED,INCLUDE — SOURCE / CONTROL / EVIDENCE RECORD,INTERNAL_REVIEW_CANDIDATE_WITH_CONTROLS,EXPLICIT PUBLICATION APPROVAL REQUIRED,EXPLICIT_PUBLICATION_APPROVAL_REQUIRED,NOT STARTED,DO_NOT_PUBLISH_RESTRICTED_OR_UNAPPROVED,NOT_RELEASED,"Internal review candidacy does not establish external publication, release, validation, transmission or manufacturing authority."
ZIP-0163,IMMUTABLE_SOURCE_ZIP_MEMBER,01_BASELINE_THROUGH_2026-08-24_1938Z/EMOPET_BASELINE_v3.0_CONTROLLED/06_BRAND_AND_PUBLIC/BRD-002_EMOPET_Public_Language_And_Lexicon.docx,BRD-002,EMOPET — Public Language & Lexicon,BATCH 0,BRAND,CONFIDENTIAL,Brand,2.0,CONTROLLED — SOURCE,RESOLVED AT DOCUMENT LEVEL — COR-004,DOCUMENT-LEVEL AUTHORITY / REVISION / OWNER / CLASSIFICATION / PROFILE RECONCILED,INCLUDE — SOURCE / CONTROL / EVIDENCE RECORD,INTERNAL_REVIEW_CANDIDATE_WITH_CONTROLS,EXPLICIT PUBLICATION APPROVAL REQUIRED,EXPLICIT_PUBLICATION_APPROVAL_REQUIRED,NOT STARTED,DO_NOT_PUBLISH_RESTRICTED_OR_UNAPPROVED,NOT_RELEASED,"Internal review candidacy does not establish external publication, release, validation, transmission or manufacturing authority."
ZIP-0164,IMMUTABLE_SOURCE_ZIP_MEMBER,01_BASELINE_THROUGH_2026-08-24_1938Z/EMOPET_BASELINE_v3.0_CONTROLLED/06_BRAND_AND_PUBLIC/BRD-003_EMOPET_Relationship_Led_Brand_Doctrine.docx,BRD-003,BRD-003_EMOPET_Relationship_Led_Brand_Doctrine,BATCH 7,BRAND,CONFIDENTIAL,Founder — EMOPET / Product,2.0,SUPPORTING BRAND CONTENT AUTHORITY / BRAND-AUTHORITY-001 GOVERNS VISUALS,CURRENT FOR CONTENT DOCTRINE ONLY / NOT VISUAL AUTHORITY,RECONCILED 2026-08-28 — BATCH 7 / NOT RELEASED,INCLUDE WITH CONTROL NOTES,INTERNAL_REVIEW_CANDIDATE_WITH_CONTROLS,EXCLUDE,EXCLUDED_FROM_PUBLIC_PROFILE,STATIC QA ONLY / PRIOR QA REUSED WHERE APPLICABLE / NOT FINAL PUBLICATION EVIDENCE,DO_NOT_PUBLISH_RESTRICTED_OR_UNAPPROVED,NOT_RELEASED,"Internal review candidacy does not establish external publication, release, validation, transmission or manufacturing authority."
ZIP-0165,IMMUTABLE_SOURCE_ZIP_MEMBER,01_BASELINE_THROUGH_2026-08-24_1938Z/EMOPET_BASELINE_v3.0_CONTROLLED/06_BRAND_AND_PUBLIC/BRD-004_EMOPET_Product_Story_Architecture.docx,BRD-004,EMOPET — Product Story Architecture,BATCH 0,BRAND,CONFIDENTIAL,Brand,2.0,CONTROLLED — DERIVATIVE,RESOLVED AT DOCUMENT LEVEL — COR-004,DOCUMENT-LEVEL AUTHORITY / REVISION / OWNER / CLASSIFICATION / PROFILE RECONCILED,INCLUDE — SOURCE / CONTROL / EVIDENCE RECORD,INTERNAL_REVIEW_CANDIDATE_WITH_CONTROLS,EXPLICIT PUBLICATION APPROVAL REQUIRED,EXPLICIT_PUBLICATION_APPROVAL_REQUIRED,NOT STARTED,DO_NOT_PUBLISH_RESTRICTED_OR_UNAPPROVED,NOT_RELEASED,"Internal review candidacy does not establish external publication, release, validation, transmission or manufacturing authority."
ZIP-0166,IMMUTABLE_SOURCE_ZIP_MEMBER,01_BASELINE_THROUGH_2026-08-24_1938Z/EMOPET_BASELINE_v3.0_CONTROLLED/06_BRAND_AND_PUBLIC/BRD-005_EMOPET_Voice_Messaging_And_Narrative_Doctrine.docx,BRD-005,"EMOPET — Voice, Messaging & Narrative Doctrine",BATCH 0,BRAND,CONFIDENTIAL,Brand,1.0,CONTROLLED — SOURCE,RESOLVED AT DOCUMENT LEVEL — COR-004,DOCUMENT-LEVEL AUTHORITY / REVISION / OWNER / CLASSIFICATION / PROFILE RECONCILED,INCLUDE — SOURCE / CONTROL / EVIDENCE RECORD,INTERNAL_REVIEW_CANDIDATE_WITH_CONTROLS,EXPLICIT PUBLICATION APPROVAL REQUIRED,EXPLICIT_PUBLICATION_APPROVAL_REQUIRED,NOT STARTED,DO_NOT_PUBLISH_RESTRICTED_OR_UNAPPROVED,NOT_RELEASED,"Internal review candidacy does not establish external publication, release, validation, transmission or manufacturing authority."
ZIP-0167,IMMUTABLE_SOURCE_ZIP_MEMBER,01_BASELINE_THROUGH_2026-08-24_1938Z/EMOPET_BASELINE_v3.0_CONTROLLED/06_BRAND_AND_PUBLIC/BRD-006_EMOPET_Context_Tag_Relationship_And_Memory_Lens.docx,BRD-006,BRD-006_EMOPET_Context_Tag_Relationship_And_Memory_Lens,BATCH 7,TAG,CONFIDENTIAL,Founder — EMOPET / Product,2.0,SUPPORTING BRAND CONTENT AUTHORITY / BRAND-AUTHORITY-001 GOVERNS VISUALS,CURRENT FOR CONTENT DOCTRINE ONLY / NOT VISUAL AUTHORITY,RECONCILED 2026-08-28 — BATCH 7 / NOT RELEASED,INCLUDE WITH CONTROL NOTES,INTERNAL_REVIEW_CANDIDATE_WITH_CONTROLS,EXCLUDE,EXCLUDED_FROM_PUBLIC_PROFILE,STATIC QA ONLY / PRIOR QA REUSED WHERE APPLICABLE / NOT FINAL PUBLICATION EVIDENCE,DO_NOT_PUBLISH_RESTRICTED_OR_UNAPPROVED,NOT_RELEASED,"Internal review candidacy does not establish external publication, release, validation, transmission or manufacturing authority."
ZIP-0168,IMMUTABLE_SOURCE_ZIP_MEMBER,01_BASELINE_THROUGH_2026-08-24_1938Z/EMOPET_BASELINE_v3.0_CONTROLLED/06_BRAND_AND_PUBLIC/BRD-007_EMOPET_Branding_Brief.docx,BRD-007,EMOPET — Branding Brief,BATCH 0,BRAND,CONFIDENTIAL,Brand,1.0,REFERENCE — REFERENCE,RESOLVED AT DOCUMENT LEVEL — COR-004,DOCUMENT-LEVEL AUTHORITY / REVISION / OWNER / CLASSIFICATION / PROFILE RECONCILED,INCLUDE — SOURCE / CONTROL / EVIDENCE RECORD,INTERNAL_REVIEW_CANDIDATE_WITH_CONTROLS,EXPLICIT PUBLICATION APPROVAL REQUIRED,EXPLICIT_PUBLICATION_APPROVAL_REQUIRED,NOT STARTED,DO_NOT_PUBLISH_RESTRICTED_OR_UNAPPROVED,NOT_RELEASED,"Internal review candidacy does not establish external publication, release, validation, transmission or manufacturing authority."
ZIP-0169,IMMUTABLE_SOURCE_ZIP_MEMBER,01_BASELINE_THROUGH_2026-08-24_1938Z/EMOPET_BASELINE_v3.0_CONTROLLED/06_BRAND_AND_PUBLIC/BRD-008_EMOPET_Voice_And_Visual_Pass.docx,BRD-008,EMOPET — Voice & Visual Pass,BATCH 0,BRAND,CONFIDENTIAL,Brand,1.0,REFERENCE — REFERENCE,RESOLVED AT DOCUMENT LEVEL — COR-004,DOCUMENT-LEVEL AUTHORITY / REVISION / OWNER / CLASSIFICATION / PROFILE RECONCILED,INCLUDE — SOURCE / CONTROL / EVIDENCE RECORD,INTERNAL_REVIEW_CANDIDATE_WITH_CONTROLS,EXPLICIT PUBLICATION APPROVAL REQUIRED,EXPLICIT_PUBLICATION_APPROVAL_REQUIRED,NOT STARTED,DO_NOT_PUBLISH_RESTRICTED_OR_UNAPPROVED,NOT_RELEASED,"Internal review candidacy does not establish external publication, release, validation, transmission or manufacturing authority."
ZIP-0170,IMMUTABLE_SOURCE_ZIP_MEMBER,01_BASELINE_THROUGH_2026-08-24_1938Z/EMOPET_BASELINE_v3.0_CONTROLLED/06_BRAND_AND_PUBLIC/BRD-009_EMOPET_Branding_Input_Register.csv,BRD-009,EMOPET — Branding Input Register,BATCH 0,BRAND,CONFIDENTIAL,Brand,1.0,REFERENCE — REFERENCE,RESOLVED AT DOCUMENT LEVEL — COR-004,DOCUMENT-LEVEL AUTHORITY / REVISION / OWNER / CLASSIFICATION / PROFILE RECONCILED,INCLUDE — SOURCE / CONTROL / EVIDENCE RECORD,INTERNAL_REVIEW_CANDIDATE_WITH_CONTROLS,EXPLICIT PUBLICATION APPROVAL REQUIRED,EXPLICIT_PUBLICATION_APPROVAL_REQUIRED,NOT STARTED,DO_NOT_PUBLISH_RESTRICTED_OR_UNAPPROVED,NOT_RELEASED,"Internal review candidacy does not establish external publication, release, validation, transmission or manufacturing authority."
ZIP-0171,IMMUTABLE_SOURCE_ZIP_MEMBER,01_BASELINE_THROUGH_2026-08-24_1938Z/EMOPET_BASELINE_v3.0_CONTROLLED/06_BRAND_AND_PUBLIC/institutional_film/BRD-FILM-001_EMOPET_Institutional_Film_Script.docx,BRD-FILM-001,EMOPET — Institutional Film Script,BATCH 0,BRAND,CONFIDENTIAL,Brand,0.3,DRAFT — DERIVATIVE,RESOLVED AT DOCUMENT LEVEL — COR-004,DOCUMENT-LEVEL AUTHORITY / REVISION / OWNER / CLASSIFICATION / PROFILE RECONCILED,INCLUDE — SOURCE / CONTROL / EVIDENCE RECORD,INTERNAL_REVIEW_CANDIDATE_WITH_CONTROLS,EXPLICIT PUBLICATION APPROVAL REQUIRED,EXPLICIT_PUBLICATION_APPROVAL_REQUIRED,NOT STARTED,DO_NOT_PUBLISH_RESTRICTED_OR_UNAPPROVED,NOT_RELEASED,"Internal review candidacy does not establish external publication, release, validation, transmission or manufacturing authority."
ZIP-0172,IMMUTABLE_SOURCE_ZIP_MEMBER,01_BASELINE_THROUGH_2026-08-24_1938Z/EMOPET_BASELINE_v3.0_CONTROLLED/06_BRAND_AND_PUBLIC/institutional_film/source_evidence/BRD-FILM-002_EMOPET_Film_Identity_Asset_Gate_Pack.docx,BRD-FILM-002,EMOPET — Film Identity Asset Gate Pack (source evidence),BATCH 0,BRAND,CONFIDENTIAL,Brand,1.0,EVIDENCE — EVIDENCE,RESOLVED AT DOCUMENT LEVEL — COR-004,DOCUMENT-LEVEL AUTHORITY / REVISION / OWNER / CLASSIFICATION / PROFILE RECONCILED,INCLUDE — SOURCE / CONTROL / EVIDENCE RECORD,INTERNAL_REVIEW_CANDIDATE_WITH_CONTROLS,EXPLICIT PUBLICATION APPROVAL REQUIRED,EXPLICIT_PUBLICATION_APPROVAL_REQUIRED,NOT STARTED,DO_NOT_PUBLISH_RESTRICTED_OR_UNAPPROVED,NOT_RELEASED,"Internal review candidacy does not establish external publication, release, validation, transmission or manufacturing authority."
ZIP-0173,IMMUTABLE_SOURCE_ZIP_MEMBER,01_BASELINE_THROUGH_2026-08-24_1938Z/EMOPET_BASELINE_v3.0_CONTROLLED/06_BRAND_AND_PUBLIC/institutional_film/source_evidence/gate_pack_v1.4/00_CONTROL/IDENTITY_ASSET_GATE_v1.4.md,ASSET::IDENTITY_ASSET_GATE_v1.4,IDENTITY_ASSET_GATE_v1.4,BATCH 0,BRAND,INTERNAL PRE-PRODUCTION EVIDENCE,Brand — FUNCTIONAL OWNER / HUMAN ASSIGNMENT OPEN-DOC-004,1.4 / SOURCE-SPECIFIC,DRAFT / AUTHORITY CONFLICT — NOT CURRENT BRAND OR PRODUCT AUTHORITY,RESOLVED AT DOCUMENT LEVEL,DOCUMENT-LEVEL AUTHORITY / REVISION / OWNER / CLASSIFICATION / PROFILE RECONCILED,INCLUDE — SOURCE / CONTROL / EVIDENCE RECORD,INTERNAL_REVIEW_CANDIDATE_WITH_CONTROLS,EXPLICIT PUBLICATION APPROVAL REQUIRED,EXPLICIT_PUBLICATION_APPROVAL_REQUIRED,NOT STARTED,DO_NOT_PUBLISH_RESTRICTED_OR_UNAPPROVED,NOT_RELEASED,"Internal review candidacy does not establish external publication, release, validation, transmission or manufacturing authority."
ZIP-0174,IMMUTABLE_SOURCE_ZIP_MEMBER,01_BASELINE_THROUGH_2026-08-24_1938Z/EMOPET_BASELINE_v3.0_CONTROLLED/06_BRAND_AND_PUBLIC/institutional_film/source_evidence/gate_pack_v1.4/00_CONTROL/MAT_SCALE_AND_COMFORT_RECORD_v1.0.md,ASSET::MAT_SCALE_AND_COMFORT_RECORD_v1.0,MAT_SCALE_AND_COMFORT_RECORD_v1.0,BATCH 0,BRAND,INTERNAL PRE-PRODUCTION EVIDENCE,Brand — FUNCTIONAL OWNER / HUMAN ASSIGNMENT OPEN-DOC-004,1.4 / SOURCE-SPECIFIC,HISTORICAL / VISUAL PRE-PRODUCTION INPUT — PRODUCT V1 FOOTPRINT NOT FROZEN,RESOLVED AT DOCUMENT LEVEL,DOCUMENT-LEVEL AUTHORITY / REVISION / OWNER / CLASSIFICATION / PROFILE RECONCILED,INCLUDE — SOURCE / CONTROL / EVIDENCE RECORD,INTERNAL_REVIEW_CANDIDATE_WITH_CONTROLS,EXPLICIT PUBLICATION APPROVAL REQUIRED,EXPLICIT_PUBLICATION_APPROVAL_REQUIRED,NOT STARTED,DO_NOT_PUBLISH_RESTRICTED_OR_UNAPPROVED,NOT_RELEASED,"Internal review candidacy does not establish external publication, release, validation, transmission or manufacturing authority."
ZIP-0175,IMMUTABLE_SOURCE_ZIP_MEMBER,01_BASELINE_THROUGH_2026-08-24_1938Z/EMOPET_BASELINE_v3.0_CONTROLLED/06_BRAND_AND_PUBLIC/institutional_film/source_evidence/gate_pack_v1.4/00_README_FIRST.md,ASSET::FILM_GATE_PACK_README_v1.4,00_README_FIRST,BATCH 0,BRAND,INTERNAL PRE-PRODUCTION EVIDENCE,Brand — FUNCTIONAL OWNER / HUMAN ASSIGNMENT OPEN-DOC-004,1.4 / SOURCE-SPECIFIC,EVIDENCE README — NOT CURRENT BRAND OR PRODUCT AUTHORITY,RESOLVED AT DOCUMENT LEVEL,DOCUMENT-LEVEL AUTHORITY / REVISION / OWNER / CLASSIFICATION / PROFILE RECONCILED,INCLUDE — SOURCE / CONTROL / EVIDENCE RECORD,INTERNAL_REVIEW_CANDIDATE_WITH_CONTROLS,EXPLICIT PUBLICATION APPROVAL REQUIRED,EXPLICIT_PUBLICATION_APPROVAL_REQUIRED,NOT STARTED,DO_NOT_PUBLISH_RESTRICTED_OR_UNAPPROVED,NOT_RELEASED,"Internal review candidacy does not establish external publication, release, validation, transmission or manufacturing authority."
ZIP-0176,IMMUTABLE_SOURCE_ZIP_MEMBER,01_BASELINE_THROUGH_2026-08-24_1938Z/EMOPET_BASELINE_v3.0_CONTROLLED/06_BRAND_AND_PUBLIC/institutional_film/source_evidence/gate_pack_v1.4/02_VISUAL_REFERENCES/dog_identity_plate_APPROVED.png,ASSET::dog_identity_plate_APPROVED,dog_identity_plate_APPROVED,BATCH 0,BRAND,INTERNAL PRE-PRODUCTION EVIDENCE,Brand — FUNCTIONAL OWNER / HUMAN ASSIGNMENT OPEN-DOC-004,1.4 / SOURCE-SPECIFIC,APPROVED FILM VISUAL REFERENCE — NOT PRODUCT/SCIENTIFIC VALIDATION,RESOLVED AT DOCUMENT LEVEL,DOCUMENT-LEVEL AUTHORITY / REVISION / OWNER / CLASSIFICATION / PROFILE RECONCILED,INCLUDE — SOURCE / CONTROL / EVIDENCE RECORD,INTERNAL_REVIEW_CANDIDATE_WITH_CONTROLS,EXPLICIT PUBLICATION APPROVAL REQUIRED,EXPLICIT_PUBLICATION_APPROVAL_REQUIRED,NOT STARTED,DO_NOT_PUBLISH_RESTRICTED_OR_UNAPPROVED,NOT_RELEASED,"Internal review candidacy does not establish external publication, release, validation, transmission or manufacturing authority."
ZIP-0177,IMMUTABLE_SOURCE_ZIP_MEMBER,01_BASELINE_THROUGH_2026-08-24_1938Z/EMOPET_BASELINE_v3.0_CONTROLLED/06_BRAND_AND_PUBLIC/institutional_film/source_evidence/gate_pack_v1.4/02_VISUAL_REFERENCES/mat_reference.png,ASSET::mat_reference,mat_reference,BATCH 0,BRAND,INTERNAL PRE-PRODUCTION EVIDENCE,Brand — FUNCTIONAL OWNER / HUMAN ASSIGNMENT OPEN-DOC-004,1.4 / SOURCE-SPECIFIC,HISTORICAL FILM VISUAL REFERENCE — NOT PHYSICAL GEOMETRY AUTHORITY,RESOLVED AT DOCUMENT LEVEL,DOCUMENT-LEVEL AUTHORITY / REVISION / OWNER / CLASSIFICATION / PROFILE RECONCILED,INCLUDE — SOURCE / CONTROL / EVIDENCE RECORD,INTERNAL_REVIEW_CANDIDATE_WITH_CONTROLS,EXPLICIT PUBLICATION APPROVAL REQUIRED,EXPLICIT_PUBLICATION_APPROVAL_REQUIRED,NOT STARTED,DO_NOT_PUBLISH_RESTRICTED_OR_UNAPPROVED,NOT_RELEASED,"Internal review candidacy does not establish external publication, release, validation, transmission or manufacturing authority."
ZIP-0178,IMMUTABLE_SOURCE_ZIP_MEMBER,01_BASELINE_THROUGH_2026-08-24_1938Z/EMOPET_BASELINE_v3.0_CONTROLLED/06_BRAND_AND_PUBLIC/institutional_film/source_evidence/gate_pack_v1.4/02_VISUAL_REFERENCES/tag_product_plate_v3_CANDIDATE_PARTIAL.png,ASSET::tag_product_plate_v3_CANDIDATE_PARTIAL,tag_product_plate_v3_CANDIDATE_PARTIAL,BATCH 0,BRAND,INTERNAL PRE-PRODUCTION EVIDENCE,Brand — FUNCTIONAL OWNER / HUMAN ASSIGNMENT OPEN-DOC-004,1.4 / SOURCE-SPECIFIC,SUPPORTING FILM VISUAL REFERENCE — DOES NOT SATISFY GATE B,RESOLVED AT DOCUMENT LEVEL,DOCUMENT-LEVEL AUTHORITY / REVISION / OWNER / CLASSIFICATION / PROFILE RECONCILED,INCLUDE — SOURCE / CONTROL / EVIDENCE RECORD,INTERNAL_REVIEW_CANDIDATE_WITH_CONTROLS,EXPLICIT PUBLICATION APPROVAL REQUIRED,EXPLICIT_PUBLICATION_APPROVAL_REQUIRED,NOT STARTED,DO_NOT_PUBLISH_RESTRICTED_OR_UNAPPROVED,NOT_RELEASED,"Internal review candidacy does not establish external publication, release, validation, transmission or manufacturing authority."
ZIP-0179,IMMUTABLE_SOURCE_ZIP_MEMBER,01_BASELINE_THROUGH_2026-08-24_1938Z/EMOPET_BASELINE_v3.0_CONTROLLED/06_BRAND_AND_PUBLIC/institutional_film/source_evidence/gate_pack_v1.4/02_VISUAL_REFERENCES/tag_reference.png,ASSET::tag_reference,tag_reference,BATCH 0,BRAND,INTERNAL PRE-PRODUCTION EVIDENCE,Brand — FUNCTIONAL OWNER / HUMAN ASSIGNMENT OPEN-DOC-004,1.4 / SOURCE-SPECIFIC,HISTORICAL FILM VISUAL REFERENCE — NOT ENGINEERING TRUTH,RESOLVED AT DOCUMENT LEVEL,DOCUMENT-LEVEL AUTHORITY / REVISION / OWNER / CLASSIFICATION / PROFILE RECONCILED,INCLUDE — SOURCE / CONTROL / EVIDENCE RECORD,INTERNAL_REVIEW_CANDIDATE_WITH_CONTROLS,EXPLICIT PUBLICATION APPROVAL REQUIRED,EXPLICIT_PUBLICATION_APPROVAL_REQUIRED,NOT STARTED,DO_NOT_PUBLISH_RESTRICTED_OR_UNAPPROVED,NOT_RELEASED,"Internal review candidacy does not establish external publication, release, validation, transmission or manufacturing authority."
ZIP-0180,IMMUTABLE_SOURCE_ZIP_MEMBER,01_BASELINE_THROUGH_2026-08-24_1938Z/EMOPET_BASELINE_v3.0_CONTROLLED/06_BRAND_AND_PUBLIC/institutional_film/source_evidence/gate_pack_v1.4/SHA256_MANIFEST.txt,ASSET::FILM_GATE_PACK_SHA256_v1.4,SHA256_MANIFEST,BATCH 0,BRAND,INTERNAL PRE-PRODUCTION EVIDENCE,Brand — FUNCTIONAL OWNER / HUMAN ASSIGNMENT OPEN-DOC-004,1.4 / SOURCE-SPECIFIC,EVIDENCE — INTERNAL HASH MANIFEST PASS,RESOLVED AT DOCUMENT LEVEL,DOCUMENT-LEVEL AUTHORITY / REVISION / OWNER / CLASSIFICATION / PROFILE RECONCILED,INCLUDE — SOURCE / CONTROL / EVIDENCE RECORD,INTERNAL_REVIEW_CANDIDATE_WITH_CONTROLS,EXPLICIT PUBLICATION APPROVAL REQUIRED,EXPLICIT_PUBLICATION_APPROVAL_REQUIRED,NOT STARTED,DO_NOT_PUBLISH_RESTRICTED_OR_UNAPPROVED,NOT_RELEASED,"Internal review candidacy does not establish external publication, release, validation, transmission or manufacturing authority."
ZIP-0181,IMMUTABLE_SOURCE_ZIP_MEMBER,01_BASELINE_THROUGH_2026-08-24_1938Z/EMOPET_BASELINE_v3.0_CONTROLLED/06_BRAND_AND_PUBLIC/institutional_presentation/BRD-PUB-001_EMOPET_Institutional_Presentation_FR_r1.0.pdf,BRD-PUB-001,EMOPET — Institutional Presentation (FR),BATCH 0,BRAND,PUBLIC,Brand,1.0,RELEASED — HISTORICAL DERIVATIVE / CORRECTION PENDING SOURCE RECOVERY,RESOLVED AT DOCUMENT LEVEL — COR-004,DOCUMENT-LEVEL AUTHORITY / REVISION / OWNER / CLASSIFICATION / PROFILE RECONCILED,INCLUDE — SOURCE / CONTROL / EVIDENCE RECORD,INTERNAL_REVIEW_CANDIDATE_WITH_CONTROLS,HISTORICAL PUBLIC RELEASE — CORRECTION PENDING SOURCE RECOVERY; DO NOT REPUBLISH,EXCLUDED_FROM_PUBLIC_PROFILE,NOT STARTED,HOLD_UNTIL_EXPLICIT_RELEASE_APPROVAL,NOT_RELEASED,"Internal review candidacy does not establish external publication, release, validation, transmission or manufacturing authority."
ZIP-0182,IMMUTABLE_SOURCE_ZIP_MEMBER,01_BASELINE_THROUGH_2026-08-24_1938Z/EMOPET_BASELINE_v3.0_CONTROLLED/06_BRAND_AND_PUBLIC/institutional_presentation/BRD-PUB-002_EMOPET_Institutional_Presentation_EN_r1.0.pdf,BRD-PUB-002,EMOPET — Institutional Presentation (EN),BATCH 0,BRAND,PUBLIC,Brand,1.0,RELEASED — HISTORICAL DERIVATIVE / CORRECTION PENDING SOURCE RECOVERY,RESOLVED AT DOCUMENT LEVEL — COR-004,DOCUMENT-LEVEL AUTHORITY / REVISION / OWNER / CLASSIFICATION / PROFILE RECONCILED,INCLUDE — SOURCE / CONTROL / EVIDENCE RECORD,INTERNAL_REVIEW_CANDIDATE_WITH_CONTROLS,HISTORICAL PUBLIC RELEASE — CORRECTION PENDING SOURCE RECOVERY; DO NOT REPUBLISH,EXCLUDED_FROM_PUBLIC_PROFILE,NOT STARTED,HOLD_UNTIL_EXPLICIT_RELEASE_APPROVAL,NOT_RELEASED,"Internal review candidacy does not establish external publication, release, validation, transmission or manufacturing authority."
ZIP-0183,IMMUTABLE_SOURCE_ZIP_MEMBER,01_BASELINE_THROUGH_2026-08-24_1938Z/EMOPET_BASELINE_v3.0_CONTROLLED/06_BRAND_AND_PUBLIC/institutional_presentation/BRD-PUB-003_EMOPET_Presentation_Status_And_Scope.docx,BRD-PUB-003,EMOPET — Presentation Status & Scope,BATCH 0,BRAND,CONFIDENTIAL,Brand,1.0,CONTROLLED — SOURCE,RESOLVED AT DOCUMENT LEVEL — COR-004,DOCUMENT-LEVEL AUTHORITY / REVISION / OWNER / CLASSIFICATION / PROFILE RECONCILED,INCLUDE — SOURCE / CONTROL / EVIDENCE RECORD,INTERNAL_REVIEW_CANDIDATE_WITH_CONTROLS,EXPLICIT PUBLICATION APPROVAL REQUIRED,EXPLICIT_PUBLICATION_APPROVAL_REQUIRED,NOT STARTED,DO_NOT_PUBLISH_RESTRICTED_OR_UNAPPROVED,NOT_RELEASED,"Internal review candidacy does not establish external publication, release, validation, transmission or manufacturing authority."
ZIP-0184,IMMUTABLE_SOURCE_ZIP_MEMBER,01_BASELINE_THROUGH_2026-08-24_1938Z/EMOPET_BASELINE_v3.0_CONTROLLED/06_BRAND_AND_PUBLIC/institutional_presentation/BRD-PUB-003_EMOPET_Presentation_Status_And_Scope_r1.0.pdf,BRD-PUB-003,EMOPET — Presentation Status & Scope,BATCH 0,BRAND,CONFIDENTIAL,Brand,1.0,RELEASED DERIVATIVE — CONTROLLED SOURCE DOCX RETAINS AUTHORITY,RESOLVED — DERIVATIVE LINKED BY COR-004,DOCUMENT-LEVEL AUTHORITY / REVISION / OWNER / CLASSIFICATION / PROFILE RECONCILED,INCLUDE — SOURCE / CONTROL / EVIDENCE RECORD,INTERNAL_REVIEW_CANDIDATE_WITH_CONTROLS,EXPLICIT PUBLICATION APPROVAL REQUIRED,EXPLICIT_PUBLICATION_APPROVAL_REQUIRED,NOT STARTED,DO_NOT_PUBLISH_RESTRICTED_OR_UNAPPROVED,NOT_RELEASED,"Internal review candidacy does not establish external publication, release, validation, transmission or manufacturing authority."
ZIP-0185,IMMUTABLE_SOURCE_ZIP_MEMBER,01_BASELINE_THROUGH_2026-08-24_1938Z/EMOPET_BASELINE_v3.0_CONTROLLED/06_BRAND_AND_PUBLIC/public_website/BRD-WEB-001_EMOPET_Public_Website_Information_Architecture.docx,BRD-WEB-001,EMOPET — Public Website Information Architecture,BATCH 0,BRAND,CONFIDENTIAL,Brand,3.0,CONTROLLED — SOURCE,RESOLVED AT DOCUMENT LEVEL — COR-004,DOCUMENT-LEVEL AUTHORITY / REVISION / OWNER / CLASSIFICATION / PROFILE RECONCILED,INCLUDE — SOURCE / CONTROL / EVIDENCE RECORD,INTERNAL_REVIEW_CANDIDATE_WITH_CONTROLS,PUBLIC-DERIVATIVE SOURCE — EXPLICIT PUBLICATION APPROVAL REQUIRED,EXPLICIT_PUBLICATION_APPROVAL_REQUIRED,NOT STARTED,DO_NOT_PUBLISH_RESTRICTED_OR_UNAPPROVED,NOT_RELEASED,"Internal review candidacy does not establish external publication, release, validation, transmission or manufacturing authority."
ZIP-0186,IMMUTABLE_SOURCE_ZIP_MEMBER,01_BASELINE_THROUGH_2026-08-24_1938Z/EMOPET_BASELINE_v3.0_CONTROLLED/06_BRAND_AND_PUBLIC/public_website/BRD-WEB-002_EMOPET_Homepage_Storyboard.docx,BRD-WEB-002,EMOPET — Homepage Storyboard,BATCH 0,BRAND,CONFIDENTIAL,Brand,2.0,CONTROLLED — DERIVATIVE,RESOLVED AT DOCUMENT LEVEL — COR-004,DOCUMENT-LEVEL AUTHORITY / REVISION / OWNER / CLASSIFICATION / PROFILE RECONCILED,INCLUDE — SOURCE / CONTROL / EVIDENCE RECORD,INTERNAL_REVIEW_CANDIDATE_WITH_CONTROLS,PUBLIC-DERIVATIVE SOURCE — EXPLICIT PUBLICATION APPROVAL REQUIRED,EXPLICIT_PUBLICATION_APPROVAL_REQUIRED,NOT STARTED,DO_NOT_PUBLISH_RESTRICTED_OR_UNAPPROVED,NOT_RELEASED,"Internal review candidacy does not establish external publication, release, validation, transmission or manufacturing authority."
ZIP-0187,IMMUTABLE_SOURCE_ZIP_MEMBER,01_BASELINE_THROUGH_2026-08-24_1938Z/EMOPET_BASELINE_v3.0_CONTROLLED/06_BRAND_AND_PUBLIC/public_website/BRD-WEB-003_EMOPET_Public_Website_Copy_Deck.docx,BRD-WEB-003,EMOPET — Public Website Copy Deck,BATCH 0,BRAND,CONFIDENTIAL,Brand,2.0,CONTROLLED — DERIVATIVE,RESOLVED AT DOCUMENT LEVEL — COR-004,DOCUMENT-LEVEL AUTHORITY / REVISION / OWNER / CLASSIFICATION / PROFILE RECONCILED,INCLUDE — SOURCE / CONTROL / EVIDENCE RECORD,INTERNAL_REVIEW_CANDIDATE_WITH_CONTROLS,PUBLIC-DERIVATIVE SOURCE — EXPLICIT PUBLICATION APPROVAL REQUIRED,EXPLICIT_PUBLICATION_APPROVAL_REQUIRED,NOT STARTED,DO_NOT_PUBLISH_RESTRICTED_OR_UNAPPROVED,NOT_RELEASED,"Internal review candidacy does not establish external publication, release, validation, transmission or manufacturing authority."
ZIP-0188,IMMUTABLE_SOURCE_ZIP_MEMBER,01_BASELINE_THROUGH_2026-08-24_1938Z/EMOPET_BASELINE_v3.0_CONTROLLED/06_BRAND_AND_PUBLIC/public_website/BRD-WEB-004_EMOPET_Public_Site_Component_Inventory.docx,BRD-WEB-004,EMOPET — Public Site Component Inventory,BATCH 0,BRAND,CONFIDENTIAL,Software Engineering,2.0,CONTROLLED — DERIVATIVE,RESOLVED AT DOCUMENT LEVEL — COR-004,DOCUMENT-LEVEL AUTHORITY / REVISION / OWNER / CLASSIFICATION / PROFILE RECONCILED,INCLUDE — SOURCE / CONTROL / EVIDENCE RECORD,INTERNAL_REVIEW_CANDIDATE_WITH_CONTROLS,PUBLIC-DERIVATIVE SOURCE — EXPLICIT PUBLICATION APPROVAL REQUIRED,EXPLICIT_PUBLICATION_APPROVAL_REQUIRED,NOT STARTED,DO_NOT_PUBLISH_RESTRICTED_OR_UNAPPROVED,NOT_RELEASED,"Internal review candidacy does not establish external publication, release, validation, transmission or manufacturing authority."
ZIP-0189,IMMUTABLE_SOURCE_ZIP_MEMBER,01_BASELINE_THROUGH_2026-08-24_1938Z/EMOPET_BASELINE_v3.0_CONTROLLED/06_BRAND_AND_PUBLIC/public_website/BRD-WEB-005_EMOPET_Veterinary_Public_Page_Blueprint.docx,BRD-WEB-005,EMOPET — Veterinary Public Page Blueprint,BATCH 0,BRAND,CONFIDENTIAL,Brand,2.0,CONTROLLED — DERIVATIVE,RESOLVED AT DOCUMENT LEVEL — COR-004,DOCUMENT-LEVEL AUTHORITY / REVISION / OWNER / CLASSIFICATION / PROFILE RECONCILED,INCLUDE — SOURCE / CONTROL / EVIDENCE RECORD,INTERNAL_REVIEW_CANDIDATE_WITH_CONTROLS,PUBLIC-DERIVATIVE SOURCE — EXPLICIT PUBLICATION APPROVAL REQUIRED,EXPLICIT_PUBLICATION_APPROVAL_REQUIRED,NOT STARTED,DO_NOT_PUBLISH_RESTRICTED_OR_UNAPPROVED,NOT_RELEASED,"Internal review candidacy does not establish external publication, release, validation, transmission or manufacturing authority."
ZIP-0190,IMMUTABLE_SOURCE_ZIP_MEMBER,01_BASELINE_THROUGH_2026-08-24_1938Z/EMOPET_BASELINE_v3.0_CONTROLLED/06_BRAND_AND_PUBLIC/public_website/BRD-WEB-006_EMOPET_Trust_Center_Website_Blueprint.docx,BRD-WEB-006,EMOPET — Trust Center Website Blueprint,BATCH 0,BRAND,CONFIDENTIAL,Brand,2.0,CONTROLLED — DERIVATIVE,RESOLVED AT DOCUMENT LEVEL — COR-004,DOCUMENT-LEVEL AUTHORITY / REVISION / OWNER / CLASSIFICATION / PROFILE RECONCILED,INCLUDE — SOURCE / CONTROL / EVIDENCE RECORD,INTERNAL_REVIEW_CANDIDATE_WITH_CONTROLS,PUBLIC-DERIVATIVE SOURCE — EXPLICIT PUBLICATION APPROVAL REQUIRED,EXPLICIT_PUBLICATION_APPROVAL_REQUIRED,NOT STARTED,DO_NOT_PUBLISH_RESTRICTED_OR_UNAPPROVED,NOT_RELEASED,"Internal review candidacy does not establish external publication, release, validation, transmission or manufacturing authority."
ZIP-0191,IMMUTABLE_SOURCE_ZIP_MEMBER,01_BASELINE_THROUGH_2026-08-24_1938Z/EMOPET_BASELINE_v3.0_CONTROLLED/06_BRAND_AND_PUBLIC/public_website/BRD-WEB-007_EMOPET_Website_Implementation_Plan.docx,BRD-WEB-007,EMOPET — Website Implementation Plan,BATCH 0,BRAND,CONFIDENTIAL,Software Engineering,2.0,CONTROLLED — DERIVATIVE,RESOLVED AT DOCUMENT LEVEL — COR-004,DOCUMENT-LEVEL AUTHORITY / REVISION / OWNER / CLASSIFICATION / PROFILE RECONCILED,INCLUDE — SOURCE / CONTROL / EVIDENCE RECORD,INTERNAL_REVIEW_CANDIDATE_WITH_CONTROLS,PUBLIC-DERIVATIVE SOURCE — EXPLICIT PUBLICATION APPROVAL REQUIRED,EXPLICIT_PUBLICATION_APPROVAL_REQUIRED,NOT STARTED,DO_NOT_PUBLISH_RESTRICTED_OR_UNAPPROVED,NOT_RELEASED,"Internal review candidacy does not establish external publication, release, validation, transmission or manufacturing authority."
ZIP-0192,IMMUTABLE_SOURCE_ZIP_MEMBER,01_BASELINE_THROUGH_2026-08-24_1938Z/EMOPET_BASELINE_v3.0_CONTROLLED/06_BRAND_AND_PUBLIC/public_website/BRD-WEB-008_EMOPET_Website_Motion_And_Visual_Direction.docx,BRD-WEB-008,EMOPET — Website Motion & Visual Direction,BATCH 0,BRAND,CONFIDENTIAL,Brand,2.0,CONTROLLED SOURCE — VISUAL IDENTITY PORTION SUPERSEDED BY BRAND-AUTHORITY-001,RESOLVED AT DOCUMENT LEVEL — COR-004,DOCUMENT-LEVEL AUTHORITY / REVISION / OWNER / CLASSIFICATION / PROFILE RECONCILED,INCLUDE — SOURCE / CONTROL / EVIDENCE RECORD,INTERNAL_REVIEW_CANDIDATE_WITH_CONTROLS,PUBLIC-DERIVATIVE SOURCE — EXPLICIT PUBLICATION APPROVAL REQUIRED,EXPLICIT_PUBLICATION_APPROVAL_REQUIRED,NOT STARTED,DO_NOT_PUBLISH_RESTRICTED_OR_UNAPPROVED,NOT_RELEASED,"Internal review candidacy does not establish external publication, release, validation, transmission or manufacturing authority."
ZIP-0193,IMMUTABLE_SOURCE_ZIP_MEMBER,01_BASELINE_THROUGH_2026-08-24_1938Z/EMOPET_BASELINE_v3.0_CONTROLLED/06_BRAND_AND_PUBLIC/public_website/BRD-WEB-009_EMOPET_Website_Conversion_And_Measurement_Plan.docx,BRD-WEB-009,EMOPET — Website Conversion & Measurement Plan,BATCH 0,BRAND,CONFIDENTIAL,Brand,2.0,CONTROLLED — DERIVATIVE,RESOLVED AT DOCUMENT LEVEL — COR-004,DOCUMENT-LEVEL AUTHORITY / REVISION / OWNER / CLASSIFICATION / PROFILE RECONCILED,INCLUDE — SOURCE / CONTROL / EVIDENCE RECORD,INTERNAL_REVIEW_CANDIDATE_WITH_CONTROLS,PUBLIC-DERIVATIVE SOURCE — EXPLICIT PUBLICATION APPROVAL REQUIRED,EXPLICIT_PUBLICATION_APPROVAL_REQUIRED,NOT STARTED,DO_NOT_PUBLISH_RESTRICTED_OR_UNAPPROVED,NOT_RELEASED,"Internal review candidacy does not establish external publication, release, validation, transmission or manufacturing authority."
ZIP-0194,IMMUTABLE_SOURCE_ZIP_MEMBER,01_BASELINE_THROUGH_2026-08-24_1938Z/EMOPET_BASELINE_v3.0_CONTROLLED/06_BRAND_AND_PUBLIC/public_website/BRD-WEB-010_EMOPET_Website_Strategic_Audit_2026-08.docx,BRD-WEB-010,EMOPET — Website Strategic Audit 2026-08,BATCH 0,BRAND,CONFIDENTIAL,Brand,2.0,EVIDENCE — EVIDENCE,RESOLVED AT DOCUMENT LEVEL — COR-004,DOCUMENT-LEVEL AUTHORITY / REVISION / OWNER / CLASSIFICATION / PROFILE RECONCILED,INCLUDE — SOURCE / CONTROL / EVIDENCE RECORD,INTERNAL_REVIEW_CANDIDATE_WITH_CONTROLS,PUBLIC-DERIVATIVE SOURCE — EXPLICIT PUBLICATION APPROVAL REQUIRED,EXPLICIT_PUBLICATION_APPROVAL_REQUIRED,NOT STARTED,DO_NOT_PUBLISH_RESTRICTED_OR_UNAPPROVED,NOT_RELEASED,"Internal review candidacy does not establish external publication, release, validation, transmission or manufacturing authority."
ZIP-0195,IMMUTABLE_SOURCE_ZIP_MEMBER,01_BASELINE_THROUGH_2026-08-24_1938Z/EMOPET_BASELINE_v3.0_CONTROLLED/06_BRAND_AND_PUBLIC/public_website/repo_patch/IMPLEMENTATION_BRIEF.md,ASSET::BRD-WEB-007::IMPLEMENTATION_BRIEF.md,IMPLEMENTATION_BRIEF,BATCH 0,BRAND,CONFIDENTIAL,Software Engineering — FUNCTIONAL OWNER / HUMAN ASSIGNMENT OPEN-DOC-004,DRAFT / REVISION NOT STATED,GOVERNED NATIVE ASSET — NOT PROOF OF IMPLEMENTATION OR DEPLOYMENT,RESOLVED AT DOCUMENT LEVEL,DOCUMENT-LEVEL AUTHORITY / REVISION / OWNER / CLASSIFICATION / PROFILE RECONCILED,INCLUDE — SOURCE / CONTROL / EVIDENCE RECORD,INTERNAL_REVIEW_CANDIDATE_WITH_CONTROLS,EXPLICIT PUBLICATION APPROVAL REQUIRED,EXPLICIT_PUBLICATION_APPROVAL_REQUIRED,NOT STARTED,DO_NOT_PUBLISH_RESTRICTED_OR_UNAPPROVED,NOT_RELEASED,"Internal review candidacy does not establish external publication, release, validation, transmission or manufacturing authority."
ZIP-0196,IMMUTABLE_SOURCE_ZIP_MEMBER,01_BASELINE_THROUGH_2026-08-24_1938Z/EMOPET_BASELINE_v3.0_CONTROLLED/06_BRAND_AND_PUBLIC/public_website/repo_patch/README.md,ASSET::BRD-WEB-007::README.md,README,BATCH 0,BRAND,CONFIDENTIAL,Software Engineering — FUNCTIONAL OWNER / HUMAN ASSIGNMENT OPEN-DOC-004,DRAFT / REVISION NOT STATED,GOVERNED NATIVE ASSET — NOT PROOF OF IMPLEMENTATION OR DEPLOYMENT,RESOLVED AT DOCUMENT LEVEL,DOCUMENT-LEVEL AUTHORITY / REVISION / OWNER / CLASSIFICATION / PROFILE RECONCILED,INCLUDE — SOURCE / CONTROL / EVIDENCE RECORD,INTERNAL_REVIEW_CANDIDATE_WITH_CONTROLS,EXPLICIT PUBLICATION APPROVAL REQUIRED,EXPLICIT_PUBLICATION_APPROVAL_REQUIRED,NOT STARTED,DO_NOT_PUBLISH_RESTRICTED_OR_UNAPPROVED,NOT_RELEASED,"Internal review candidacy does not establish external publication, release, validation, transmission or manufacturing authority."
ZIP-0197,IMMUTABLE_SOURCE_ZIP_MEMBER,01_BASELINE_THROUGH_2026-08-24_1938Z/EMOPET_BASELINE_v3.0_CONTROLLED/06_BRAND_AND_PUBLIC/public_website/repo_patch/apps/web/lib/public-site/content.ts,ASSET::BRD-WEB-003::content.ts,"'Built around the life you share.',",BATCH 0,BRAND,CONFIDENTIAL,Brand / Software Engineering — FUNCTIONAL OWNER / HUMAN ASSIGNMENT OPEN-DOC-004,BASELINE v3.0 / DATE 2026-08-11,GOVERNED NATIVE ASSET — NOT PROOF OF IMPLEMENTATION OR DEPLOYMENT,RESOLVED AT DOCUMENT LEVEL,DOCUMENT-LEVEL AUTHORITY / REVISION / OWNER / CLASSIFICATION / PROFILE RECONCILED,INCLUDE — SOURCE / CONTROL / EVIDENCE RECORD,INTERNAL_REVIEW_CANDIDATE_WITH_CONTROLS,EXPLICIT PUBLICATION APPROVAL REQUIRED,EXPLICIT_PUBLICATION_APPROVAL_REQUIRED,NOT STARTED,DO_NOT_PUBLISH_RESTRICTED_OR_UNAPPROVED,NOT_RELEASED,"Internal review candidacy does not establish external publication, release, validation, transmission or manufacturing authority."
ZIP-0198,IMMUTABLE_SOURCE_ZIP_MEMBER,01_BASELINE_THROUGH_2026-08-24_1938Z/EMOPET_BASELINE_v3.0_CONTROLLED/07_BUSINESS_AND_FINANCE/FIN-001_EMOPET_Financial_Decisions.docx,FIN-001,FIN-001_EMOPET_Financial_Decisions,BATCH 5,BUSINESS_LEGAL_FINANCE,CONFIDENTIAL,Founder — EMOPET / Finance,3.0,CURRENT CONTROLLED INTERNAL FINANCE POLICY / NOT A FINANCIAL ACTUAL,CURRENT FOR INTERNAL COST CATEGORIES AND DECISION BOUNDARIES,RECONCILED 2026-08-27 — BATCH 5 / NOT RELEASED,INCLUDE WITH STATUS / SOURCE PRESERVED,INTERNAL_REVIEW_CANDIDATE_WITH_CONTROLS,EXCLUDE — NOT APPROVED / NOT RELEASED,EXCLUDED_FROM_PUBLIC_PROFILE,PASS — 2 PAGES LEGIBLE / SOURCE STYLE ONLY / NOT V2 PUBLICATION QA,DO_NOT_PUBLISH_RESTRICTED_OR_UNAPPROVED,NOT_RELEASED,"Internal review candidacy does not establish external publication, release, validation, transmission or manufacturing authority."
ZIP-0199,IMMUTABLE_SOURCE_ZIP_MEMBER,01_BASELINE_THROUGH_2026-08-24_1938Z/EMOPET_BASELINE_v3.0_CONTROLLED/07_BUSINESS_AND_FINANCE/FIN-002_EMOPET_Financial_View_2026.docx,FIN-002,FIN-002_EMOPET_Financial_View_2026,BATCH 5,BUSINESS_LEGAL_FINANCE,CONFIDENTIAL,Founder — EMOPET / Finance,1.0,CURRENT DATED PLANNING MODEL WITH SOURCE-REFRESH AND VISUAL LIMITATIONS,SUPPORTING DATED MODEL / FIN-001 AND FIN-003 GOVERN FREEZE STATUS,RECONCILED 2026-08-27 — BATCH 5 / NOT RELEASED,INCLUDE WITH STATUS / SOURCE PRESERVED,INTERNAL_REVIEW_CANDIDATE_WITH_CONTROLS,EXCLUDE — NOT APPROVED / NOT RELEASED,EXCLUDED_FROM_PUBLIC_PROFILE,FAIL — SOURCE RENDER DEFECT ON PAGE 4 (UNITY CAVEAT WORD SPACING) / SOURCE PRESERVED / NOT PUBLICATION-READY,DO_NOT_PUBLISH_RESTRICTED_OR_UNAPPROVED,NOT_RELEASED,"Internal review candidacy does not establish external publication, release, validation, transmission or manufacturing authority."
ZIP-0200,IMMUTABLE_SOURCE_ZIP_MEMBER,01_BASELINE_THROUGH_2026-08-24_1938Z/EMOPET_BASELINE_v3.0_CONTROLLED/07_BUSINESS_AND_FINANCE/FIN-003_EMOPET_Cost_Freeze_Register.docx,FIN-003,FIN-003_EMOPET_Cost_Freeze_Register,BATCH 5,BUSINESS_LEGAL_FINANCE,CONFIDENTIAL,Founder — EMOPET / Finance,1.0,CURRENT CONTROLLED INTERNAL COST REGISTER / NOT QUOTE OR SPEND AUTHORITY,CURRENT FOR INTERNAL BUDGET-FREEZE VALUES AND REVIEW TRIGGERS,RECONCILED 2026-08-27 — BATCH 5 / NOT RELEASED,INCLUDE WITH STATUS / SOURCE PRESERVED,INTERNAL_REVIEW_CANDIDATE_WITH_CONTROLS,EXCLUDE — NOT APPROVED / NOT RELEASED,EXCLUDED_FROM_PUBLIC_PROFILE,PASS — 1 PAGE LEGIBLE / SOURCE STYLE ONLY / NOT V2 PUBLICATION QA,DO_NOT_PUBLISH_RESTRICTED_OR_UNAPPROVED,NOT_RELEASED,"Internal review candidacy does not establish external publication, release, validation, transmission or manufacturing authority."
ZIP-0201,IMMUTABLE_SOURCE_ZIP_MEMBER,01_BASELINE_THROUGH_2026-08-24_1938Z/EMOPET_BASELINE_v3.0_CONTROLLED/07_BUSINESS_AND_FINANCE/FIN-004_EMOPET_Bretagne_AudeLor_Funding_Roadmap.docx,FIN-004,FIN-004_EMOPET_Bretagne_AudeLor_Funding_Roadmap,BATCH 5,BUSINESS_LEGAL_FINANCE,CONFIDENTIAL,Founder — EMOPET / Finance,1.0,"CURRENT STRATEGY SNAPSHOT / EMOPET ELIGIBILITY, APPLICATION AND AWARD OPEN",CURRENT INTERNAL ROADMAP / OFFICIAL PROGRAMME SOURCES GOVERN TERMS,RECONCILED 2026-08-27 — BATCH 5 / NOT RELEASED,INCLUDE WITH STATUS / SOURCE PRESERVED,INTERNAL_REVIEW_CANDIDATE_WITH_CONTROLS,EXCLUDE — NOT APPROVED / NOT RELEASED,EXCLUDED_FROM_PUBLIC_PROFILE,PASS — 7 PAGES LEGIBLE / SOURCE STYLE ONLY / NOT V2 PUBLICATION QA,DO_NOT_PUBLISH_RESTRICTED_OR_UNAPPROVED,NOT_RELEASED,"Internal review candidacy does not establish external publication, release, validation, transmission or manufacturing authority."
ZIP-0202,IMMUTABLE_SOURCE_ZIP_MEMBER,01_BASELINE_THROUGH_2026-08-24_1938Z/EMOPET_BASELINE_v3.0_CONTROLLED/07_BUSINESS_AND_FINANCE/FIN-005_EMOPET_AudeLor_Emergys_First_Meeting_Memo.docx,FIN-005,FIN-005_EMOPET_AudeLor_Emergys_First_Meeting_Memo,BATCH 5,BUSINESS_LEGAL_FINANCE,PARTNER,Founder — EMOPET / Finance,2.0,SUPPORTING PREPARATION MEMO / PRODUCT-SCOPE WORDING PARTIALLY SUPERSEDED,PREPARATION AID ONLY / NOT MEETING OR ELIGIBILITY EVIDENCE,RECONCILED 2026-08-27 — BATCH 5 / NOT RELEASED,INCLUDE WITH STATUS / SOURCE PRESERVED,INTERNAL_REVIEW_CANDIDATE_WITH_CONTROLS,EXCLUDE — NOT APPROVED / NOT RELEASED,EXCLUDED_FROM_PUBLIC_PROFILE,PASS — 2 PAGES LEGIBLE / SOURCE STYLE ONLY / NOT V2 PUBLICATION QA,DO_NOT_PUBLISH_RESTRICTED_OR_UNAPPROVED,NOT_RELEASED,"Internal review candidacy does not establish external publication, release, validation, transmission or manufacturing authority."
ZIP-0203,IMMUTABLE_SOURCE_ZIP_MEMBER,01_BASELINE_THROUGH_2026-08-24_1938Z/EMOPET_BASELINE_v3.0_CONTROLLED/07_BUSINESS_AND_FINANCE/FIN-006_EMOPET_Financial_Source_Snapshot_2026-08.docx,FIN-006,FIN-006_EMOPET_Financial_Source_Snapshot_2026-08,BATCH 5,BUSINESS_LEGAL_FINANCE,CONFIDENTIAL,Document Control / Finance,1.0,DATED SUPPORTING SOURCE SNAPSHOT / CLAIM-LEVEL VERIFICATION REQUIRED,NON-NORMATIVE SOURCE INDEX,RECONCILED 2026-08-27 — BATCH 5 / NOT RELEASED,INCLUDE WITH STATUS / SOURCE PRESERVED,INTERNAL_REVIEW_CANDIDATE_WITH_CONTROLS,EXCLUDE — NOT APPROVED / NOT RELEASED,EXCLUDED_FROM_PUBLIC_PROFILE,PASS — 1 PAGE LEGIBLE / SOURCE STYLE ONLY / NOT V2 PUBLICATION QA,DO_NOT_PUBLISH_RESTRICTED_OR_UNAPPROVED,NOT_RELEASED,"Internal review candidacy does not establish external publication, release, validation, transmission or manufacturing authority."
ZIP-0204,IMMUTABLE_SOURCE_ZIP_MEMBER,01_BASELINE_THROUGH_2026-08-24_1938Z/EMOPET_BASELINE_v3.0_CONTROLLED/08_LEGAL_AND_CORPORATE/LEG-001_EMOPET_Cap_Table_And_Voting_Control_Model.docx,LEG-001,LEG-001_EMOPET_Cap_Table_And_Voting_Control_Model,BATCH 5,BUSINESS_LEGAL_FINANCE,RESTRICTED,Founder — EMOPET / Legal Counsel,1.0,CONTROLLED INTERNAL MODEL / NOT VALUATION OR LEGAL INSTRUMENT,CURRENT INTERNAL SCENARIO MODEL / COUNSEL AND CORPORATE ACTS REQUIRED,RECONCILED 2026-08-27 — BATCH 5 / NOT RELEASED,INCLUDE WITH STATUS / SOURCE PRESERVED,INTERNAL_REVIEW_CANDIDATE_WITH_CONTROLS,EXCLUDE — NOT APPROVED / NOT RELEASED,EXCLUDED_FROM_PUBLIC_PROFILE,PASS — 2 PAGES LEGIBLE / SOURCE STYLE ONLY / NOT V2 PUBLICATION QA,DO_NOT_PUBLISH_RESTRICTED_OR_UNAPPROVED,NOT_RELEASED,"Internal review candidacy does not establish external publication, release, validation, transmission or manufacturing authority."
ZIP-0205,IMMUTABLE_SOURCE_ZIP_MEMBER,01_BASELINE_THROUGH_2026-08-24_1938Z/EMOPET_BASELINE_v3.0_CONTROLLED/08_LEGAL_AND_CORPORATE/LEG-002_EMOPET_Founder_Control_Doctrine.docx,LEG-002,LEG-002_EMOPET_Founder_Control_Doctrine,BATCH 5,BUSINESS_LEGAL_FINANCE,RESTRICTED,Founder — EMOPET / Legal Counsel,1.0,CONTROLLED INTERNAL GOVERNANCE DOCTRINE / COUNSEL DRAFTING REQUIRED,CURRENT FOUNDER INTENT / NOT SELF-EXECUTING LAW OR CORPORATE ACT,RECONCILED 2026-08-27 — BATCH 5 / NOT RELEASED,INCLUDE WITH STATUS / SOURCE PRESERVED,INTERNAL_REVIEW_CANDIDATE_WITH_CONTROLS,EXCLUDE — NOT APPROVED / NOT RELEASED,EXCLUDED_FROM_PUBLIC_PROFILE,PASS — 2 PAGES LEGIBLE / SOURCE STYLE ONLY / NOT V2 PUBLICATION QA,DO_NOT_PUBLISH_RESTRICTED_OR_UNAPPROVED,NOT_RELEASED,"Internal review candidacy does not establish external publication, release, validation, transmission or manufacturing authority."
ZIP-0206,IMMUTABLE_SOURCE_ZIP_MEMBER,01_BASELINE_THROUGH_2026-08-24_1938Z/EMOPET_BASELINE_v3.0_CONTROLLED/08_LEGAL_AND_CORPORATE/LEG-003_EMOPET_Governance_Drafting_Points_For_Counsel.docx,LEG-003,LEG-003_EMOPET_Governance_Drafting_Points_For_Counsel,BATCH 5,BUSINESS_LEGAL_FINANCE,RESTRICTED,Founder — EMOPET / Legal Counsel,1.0,CURRENT DRAFTING INPUT / COUNSEL OUTPUT ABSENT,CONTROLLED INSTRUCTION TO COUNSEL / NOT LEGAL ADVICE OR INSTRUMENT,RECONCILED 2026-08-27 — BATCH 5 / NOT RELEASED,INCLUDE WITH STATUS / SOURCE PRESERVED,INTERNAL_REVIEW_CANDIDATE_WITH_CONTROLS,EXCLUDE — NOT APPROVED / NOT RELEASED,EXCLUDED_FROM_PUBLIC_PROFILE,PASS — 2 PAGES LEGIBLE / SOURCE STYLE ONLY / NOT V2 PUBLICATION QA,DO_NOT_PUBLISH_RESTRICTED_OR_UNAPPROVED,NOT_RELEASED,"Internal review candidacy does not establish external publication, release, validation, transmission or manufacturing authority."
ZIP-0207,IMMUTABLE_SOURCE_ZIP_MEMBER,01_BASELINE_THROUGH_2026-08-24_1938Z/EMOPET_BASELINE_v3.0_CONTROLLED/08_LEGAL_AND_CORPORATE/LEG-004_EMOPET_Investor_Term_Sheet_Guardrails.docx,LEG-004,LEG-004_EMOPET_Investor_Term_Sheet_Guardrails,BATCH 5,BUSINESS_LEGAL_FINANCE,RESTRICTED,Founder — EMOPET / Legal Counsel,1.0,"CONTROLLED INTERNAL GUARDRAILS / NOT OFFER, TERM SHEET OR LEGAL ADVICE",CURRENT INTERNAL NEGOTIATION GUARDRAILS / COUNSEL REVIEW REQUIRED,RECONCILED 2026-08-27 — BATCH 5 / NOT RELEASED,INCLUDE WITH STATUS / SOURCE PRESERVED,INTERNAL_REVIEW_CANDIDATE_WITH_CONTROLS,EXCLUDE — NOT APPROVED / NOT RELEASED,EXCLUDED_FROM_PUBLIC_PROFILE,PASS — 3 PAGES LEGIBLE / SOURCE STYLE ONLY / NOT V2 PUBLICATION QA,DO_NOT_PUBLISH_RESTRICTED_OR_UNAPPROVED,NOT_RELEASED,"Internal review candidacy does not establish external publication, release, validation, transmission or manufacturing authority."
ZIP-0208,IMMUTABLE_SOURCE_ZIP_MEMBER,01_BASELINE_THROUGH_2026-08-24_1938Z/EMOPET_BASELINE_v3.0_CONTROLLED/08_LEGAL_AND_CORPORATE/LEG-005_EMOPET_IP_Chain_Of_Title_And_Corporate_Readiness.docx,LEG-005,LEG-005_EMOPET_IP_Chain_Of_Title_And_Corporate_Readiness,BATCH 5,BUSINESS_LEGAL_FINANCE,RESTRICTED,Founder — EMOPET / Legal Counsel,1.0,CONTROLLED CHECKLIST / CHAIN OF TITLE AND CORPORATE READINESS NOT ESTABLISHED,CURRENT INTERNAL READINESS CHECKLIST / COMPLETION EVIDENCE REQUIRED,RECONCILED 2026-08-27 — BATCH 5 / NOT RELEASED,INCLUDE WITH STATUS / SOURCE PRESERVED,INTERNAL_REVIEW_CANDIDATE_WITH_CONTROLS,EXCLUDE — NOT APPROVED / NOT RELEASED,EXCLUDED_FROM_PUBLIC_PROFILE,PASS — 2 PAGES LEGIBLE / SOURCE STYLE ONLY / NOT V2 PUBLICATION QA,DO_NOT_PUBLISH_RESTRICTED_OR_UNAPPROVED,NOT_RELEASED,"Internal review candidacy does not establish external publication, release, validation, transmission or manufacturing authority."
ZIP-0209,IMMUTABLE_SOURCE_ZIP_MEMBER,01_BASELINE_THROUGH_2026-08-24_1938Z/EMOPET_BASELINE_v3.0_CONTROLLED/08_LEGAL_AND_CORPORATE/LEG-006_EMOPET_Pre_Investment_Legal_Gate.docx,LEG-006,LEG-006_EMOPET_Pre_Investment_Legal_Gate,BATCH 5,BUSINESS_LEGAL_FINANCE,RESTRICTED,Founder — EMOPET / Legal Counsel,1.0,CURRENT OPEN INTERNAL LEGAL GATE,CURRENT BINDING INTERNAL PROHIBITION / CLOSE ONLY WITH REQUIRED EVIDENCE,RECONCILED 2026-08-27 — BATCH 5 / NOT RELEASED,INCLUDE WITH STATUS / SOURCE PRESERVED,INTERNAL_REVIEW_CANDIDATE_WITH_CONTROLS,EXCLUDE — NOT APPROVED / NOT RELEASED,EXCLUDED_FROM_PUBLIC_PROFILE,PASS — 2 PAGES LEGIBLE / SOURCE STYLE ONLY / NOT V2 PUBLICATION QA,DO_NOT_PUBLISH_RESTRICTED_OR_UNAPPROVED,NOT_RELEASED,"Internal review candidacy does not establish external publication, release, validation, transmission or manufacturing authority."
ZIP-0210,IMMUTABLE_SOURCE_ZIP_MEMBER,01_BASELINE_THROUGH_2026-08-24_1938Z/EMOPET_BASELINE_v3.0_CONTROLLED/08_LEGAL_AND_CORPORATE/supplier_contracts/LEG-SUP-001_EMOPET_MOKO_Master_NNN_Execution_Copy.docx,,LEG-SUP-001_EMOPET_MOKO_Master_NNN_Execution_Copy,BATCH 5,BUSINESS_LEGAL_FINANCE,PARTNER CONFIDENTIAL HANDLING — SOURCE CLASSIFICATION NOT STATED,Founder — EMOPET / Legal / MOKO,1,HISTORICAL DUPLICATE / NOT AN EXECUTED AGREEMENT,HISTORICAL UNSIGNED WORKING MASTER / SUPERSEDED FOR EXECUTION EVIDENCE,RECONCILED 2026-08-27 — BATCH 5 / NOT RELEASED,INCLUDE WITH STATUS / SOURCE PRESERVED,INTERNAL_REVIEW_CANDIDATE_WITH_CONTROLS,EXCLUDE — NOT APPROVED / NOT RELEASED,EXCLUDED_FROM_PUBLIC_PROFILE,PASS_WITH_NOTES — 6 PAGES / BILINGUAL DOCX FALLBACK RENDER DEGRADES CHINESE / UNSIGNED SOURCE ONLY,DO_NOT_PUBLISH_RESTRICTED_OR_UNAPPROVED,NOT_RELEASED,"Internal review candidacy does not establish external publication, release, validation, transmission or manufacturing authority."
ZIP-0211,IMMUTABLE_SOURCE_ZIP_MEMBER,01_BASELINE_THROUGH_2026-08-24_1938Z/EMOPET_BASELINE_v3.0_CONTROLLED/08_LEGAL_AND_CORPORATE/supplier_contracts/LEG-SUP-002_EMOPET_MOKO_Master_NNN_EN_CN_Executed.pdf,,LEG-SUP-002_EMOPET_MOKO_Master_NNN_EN_CN_Executed,BATCH 5,BUSINESS_LEGAL_FINANCE,PARTNER CONFIDENTIAL,Founder — EMOPET / Legal / MOKO,SOURCE REVISION NOT STATED / NOT VERIFIED,HISTORICAL PARTY-B-ONLY ORIGINAL / PARTY A SIGNATURE AND DATE BLANK,IMMUTABLE HISTORICAL SIGNATURE-STAGE ORIGINAL / SUPERSEDED FOR CURRENT EXECUTION EVIDENCE,RECONCILED 2026-08-27 — BATCH 5 / NOT RELEASED,INCLUDE WITH STATUS / SOURCE PRESERVED,INTERNAL_REVIEW_CANDIDATE_WITH_CONTROLS,EXCLUDE — NOT APPROVED / NOT RELEASED,EXCLUDED_FROM_PUBLIC_PROFILE,PASS — 7 PAGES / PARTY A SIGNATURE AND DATE VISIBLY BLANK / SOURCE PRESERVED,DO_NOT_PUBLISH_RESTRICTED_OR_UNAPPROVED,NOT_RELEASED,"Internal review candidacy does not establish external publication, release, validation, transmission or manufacturing authority."
ZIP-0212,IMMUTABLE_SOURCE_ZIP_MEMBER,01_BASELINE_THROUGH_2026-08-24_1938Z/EMOPET_BASELINE_v3.0_CONTROLLED/08_LEGAL_AND_CORPORATE/supplier_contracts/LEG-SUP-003_EMOPET_MOKO_Master_NNN_EN_CN_Branded.docx,,LEG-SUP-003_EMOPET_MOKO_Master_NNN_EN_CN_Branded,BATCH 5,BUSINESS_LEGAL_FINANCE,PARTNER CONFIDENTIAL HANDLING — SOURCE CLASSIFICATION NOT STATED,Founder — EMOPET / Legal / MOKO,1,HISTORICAL DUPLICATE / NOT AN EXECUTED AGREEMENT,HISTORICAL UNSIGNED WORKING MASTER / SUPERSEDED FOR EXECUTION EVIDENCE,RECONCILED 2026-08-27 — BATCH 5 / NOT RELEASED,INCLUDE WITH STATUS / SOURCE PRESERVED,INTERNAL_REVIEW_CANDIDATE_WITH_CONTROLS,EXCLUDE — NOT APPROVED / NOT RELEASED,EXCLUDED_FROM_PUBLIC_PROFILE,PASS_WITH_NOTES — 6 PAGES / BILINGUAL DOCX FALLBACK RENDER DEGRADES CHINESE / UNSIGNED SOURCE ONLY,DO_NOT_PUBLISH_RESTRICTED_OR_UNAPPROVED,NOT_RELEASED,"Internal review candidacy does not establish external publication, release, validation, transmission or manufacturing authority."
ZIP-0213,IMMUTABLE_SOURCE_ZIP_MEMBER,01_BASELINE_THROUGH_2026-08-24_1938Z/EMOPET_BASELINE_v3.0_CONTROLLED/08_LEGAL_AND_CORPORATE/supplier_contracts/LEG-SUP-004_EMOPET_MOKO_Power_Of_Attorney.docx,,LEG-SUP-004_EMOPET_MOKO_Power_Of_Attorney,BATCH 6,MOKO,PARTNER CONFIDENTIAL HANDLING — SOURCE CLASSIFICATION NOT STATED,Founder — EMOPET / Supplier Governance,1,PRESERVE FOR LINEAGE / NOT EXECUTED,HISTORICAL WORKING MASTER / SUPERSEDED FOR EXECUTION EVIDENCE,RECONCILED 2026-08-28 — BATCH 6 / NOT RELEASED,INCLUDE WITH CONTROL NOTES,INTERNAL_REVIEW_CANDIDATE_WITH_CONTROLS,EXCLUDE,EXCLUDED_FROM_PUBLIC_PROFILE,STATIC QA ONLY / PRIOR QA REUSED WHERE APPLICABLE / NOT FINAL PUBLICATION EVIDENCE,DO_NOT_PUBLISH_RESTRICTED_OR_UNAPPROVED,NOT_RELEASED,"Internal review candidacy does not establish external publication, release, validation, transmission or manufacturing authority."
ZIP-0214,IMMUTABLE_SOURCE_ZIP_MEMBER,01_BASELINE_THROUGH_2026-08-24_1938Z/EMOPET_BASELINE_v3.0_CONTROLLED/08_LEGAL_AND_CORPORATE/supplier_contracts/LEG-SUP-005_EMOPET_MOKO_Power_Of_Attorney_EN_CN_Executed.pdf,,LEG-SUP-005_EMOPET_MOKO_Power_Of_Attorney_EN_CN_Executed,BATCH 6,MOKO,PARTNER CONFIDENTIAL HANDLING — SOURCE CLASSIFICATION NOT STATED,Founder — EMOPET / Supplier Governance,SOURCE REVISION NOT STATED / NOT VERIFIED,THIRD-PARTY ORIGINAL / BYTE PRESERVATION REQUIRED,IMMUTABLE CURRENT LEGAL-LINEAGE ORIGINAL,RECONCILED 2026-08-28 — BATCH 6 / NOT RELEASED,INCLUDE WITH CONTROL NOTES,INTERNAL_REVIEW_CANDIDATE_WITH_CONTROLS,EXCLUDE,EXCLUDED_FROM_PUBLIC_PROFILE,STATIC QA ONLY / PRIOR QA REUSED WHERE APPLICABLE / NOT FINAL PUBLICATION EVIDENCE,DO_NOT_PUBLISH_RESTRICTED_OR_UNAPPROVED,NOT_RELEASED,"Internal review candidacy does not establish external publication, release, validation, transmission or manufacturing authority."
ZIP-0215,IMMUTABLE_SOURCE_ZIP_MEMBER,01_BASELINE_THROUGH_2026-08-24_1938Z/EMOPET_BASELINE_v3.0_CONTROLLED/08_LEGAL_AND_CORPORATE/supplier_contracts/LEG-SUP-006_EMOPET_MOKO_Power_Of_Attorney_EN_CN_Branded.docx,,LEG-SUP-006_EMOPET_MOKO_Power_Of_Attorney_EN_CN_Branded,BATCH 6,MOKO,PARTNER CONFIDENTIAL HANDLING — SOURCE CLASSIFICATION NOT STATED,Founder — EMOPET / Supplier Governance,1,PRESERVE FOR LINEAGE / NOT EXECUTED,HISTORICAL WORKING MASTER / SUPERSEDED FOR EXECUTION EVIDENCE,RECONCILED 2026-08-28 — BATCH 6 / NOT RELEASED,INCLUDE WITH CONTROL NOTES,INTERNAL_REVIEW_CANDIDATE_WITH_CONTROLS,EXCLUDE,EXCLUDED_FROM_PUBLIC_PROFILE,STATIC QA ONLY / PRIOR QA REUSED WHERE APPLICABLE / NOT FINAL PUBLICATION EVIDENCE,DO_NOT_PUBLISH_RESTRICTED_OR_UNAPPROVED,NOT_RELEASED,"Internal review candidacy does not establish external publication, release, validation, transmission or manufacturing authority."
ZIP-0216,IMMUTABLE_SOURCE_ZIP_MEMBER,01_BASELINE_THROUGH_2026-08-24_1938Z/EMOPET_BASELINE_v3.0_CONTROLLED/08_LEGAL_AND_CORPORATE/supplier_contracts/LEG-SUP-007_EMOPET_MOKO_Signing_Checklist.docx,,LEG-SUP-007_EMOPET_MOKO_Signing_Checklist,BATCH 5,BUSINESS_LEGAL_FINANCE,PARTNER CONFIDENTIAL HANDLING — SOURCE CLASSIFICATION NOT STATED,Founder — EMOPET / Legal / MOKO,1,DUPLICATE PROCEDURAL CHECKLIST / NON-AUTHORITATIVE FOR CONTRACT STATUS,HISTORICAL PROCESS AID / NOT EXECUTION OR RELEASE EVIDENCE,RECONCILED 2026-08-27 — BATCH 5 / NOT RELEASED,INCLUDE WITH STATUS / SOURCE PRESERVED,INTERNAL_REVIEW_CANDIDATE_WITH_CONTROLS,EXCLUDE — NOT APPROVED / NOT RELEASED,EXCLUDED_FROM_PUBLIC_PROFILE,PASS_WITH_NOTES — 1 PAGE / BILINGUAL DOCX FALLBACK RENDER DEGRADES CHINESE / PROCESS AID ONLY,DO_NOT_PUBLISH_RESTRICTED_OR_UNAPPROVED,NOT_RELEASED,"Internal review candidacy does not establish external publication, release, validation, transmission or manufacturing authority."
ZIP-0217,IMMUTABLE_SOURCE_ZIP_MEMBER,01_BASELINE_THROUGH_2026-08-24_1938Z/EMOPET_BASELINE_v3.0_CONTROLLED/08_LEGAL_AND_CORPORATE/supplier_contracts/LEG-SUP-008_EMOPET_MOKO_Signing_Package_Completion_Checklist.docx,,LEG-SUP-008_EMOPET_MOKO_Signing_Package_Completion_Checklist,BATCH 5,BUSINESS_LEGAL_FINANCE,PARTNER CONFIDENTIAL HANDLING — SOURCE CLASSIFICATION NOT STATED,Founder — EMOPET / Legal / MOKO,1,DUPLICATE PROCEDURAL CHECKLIST / NON-AUTHORITATIVE FOR CONTRACT STATUS,HISTORICAL PROCESS AID / NOT EXECUTION OR RELEASE EVIDENCE,RECONCILED 2026-08-27 — BATCH 5 / NOT RELEASED,INCLUDE WITH STATUS / SOURCE PRESERVED,INTERNAL_REVIEW_CANDIDATE_WITH_CONTROLS,EXCLUDE — NOT APPROVED / NOT RELEASED,EXCLUDED_FROM_PUBLIC_PROFILE,PASS_WITH_NOTES — 1 PAGE / BILINGUAL DOCX FALLBACK RENDER DEGRADES CHINESE / PROCESS AID ONLY,DO_NOT_PUBLISH_RESTRICTED_OR_UNAPPROVED,NOT_RELEASED,"Internal review candidacy does not establish external publication, release, validation, transmission or manufacturing authority."
ZIP-0218,IMMUTABLE_SOURCE_ZIP_MEMBER,01_BASELINE_THROUGH_2026-08-24_1938Z/EMOPET_BASELINE_v3.0_CONTROLLED/08_LEGAL_AND_CORPORATE/supplier_contracts/LEG-SUP-009_MOKO_Technology_Ltd_Company_Registration.pdf,,LEG-SUP-009_MOKO_Technology_Ltd_Company_Registration,BATCH 5,BUSINESS_LEGAL_FINANCE,PARTNER CONFIDENTIAL,Founder — EMOPET / Legal / Supplier,SOURCE REVISION NOT STATED / NOT VERIFIED,THIRD-PARTY COMPANY PROFILE / TITLE CORRECTED BY SUPR-005,IMMUTABLE THIRD-PARTY MARKETING ORIGINAL / NOT COMPANY REGISTRATION,RECONCILED 2026-08-27 — BATCH 5 / NOT RELEASED,INCLUDE WITH STATUS / SOURCE PRESERVED,INTERNAL_REVIEW_CANDIDATE_WITH_CONTROLS,EXCLUDE — NOT APPROVED / NOT RELEASED,EXCLUDED_FROM_PUBLIC_PROFILE,PASS — 19 PAGES / THIRD-PARTY COMPANY PROFILE / SOURCE PRESERVED,DO_NOT_PUBLISH_RESTRICTED_OR_UNAPPROVED,NOT_RELEASED,"Internal review candidacy does not establish external publication, release, validation, transmission or manufacturing authority."
ZIP-0219,IMMUTABLE_SOURCE_ZIP_MEMBER,01_BASELINE_THROUGH_2026-08-24_1938Z/EMOPET_BASELINE_v3.0_CONTROLLED/08_LEGAL_AND_CORPORATE/supplier_contracts/LEG-SUP-010_Huachuang_Business_Licence_2021-12-24.pdf,,LEG-SUP-010_Huachuang_Business_Licence_2021-12-24,BATCH 5,BUSINESS_LEGAL_FINANCE,PARTNER CONFIDENTIAL,Founder — EMOPET / Legal / Supplier,SOURCE REVISION NOT STATED / NOT VERIFIED,THIRD-PARTY BUSINESS LICENCE DATED 2021-12-24 / VALIDITY AND AUTHENTICITY NOT INDEPENDENTLY VERIFIED,IMMUTABLE THIRD-PARTY DOCUMENT ORIGINAL / CURRENT STATUS NOT ESTABLISHED,RECONCILED 2026-08-27 — BATCH 5 / NOT RELEASED,INCLUDE WITH STATUS / SOURCE PRESERVED,INTERNAL_REVIEW_CANDIDATE_WITH_CONTROLS,EXCLUDE — NOT APPROVED / NOT RELEASED,EXCLUDED_FROM_PUBLIC_PROFILE,PASS_WITH_NOTES — 1 PAGE / QA RASTER RECREATED AFTER TOOL DEFECT / SOURCE PDF INTACT,DO_NOT_PUBLISH_RESTRICTED_OR_UNAPPROVED,NOT_RELEASED,"Internal review candidacy does not establish external publication, release, validation, transmission or manufacturing authority."
ZIP-0220,IMMUTABLE_SOURCE_ZIP_MEMBER,01_BASELINE_THROUGH_2026-08-24_1938Z/EMOPET_BASELINE_v3.0_CONTROLLED/09_SUPPLIERS_AND_INDUSTRIALISATION/SUP-MOKO-001_EMOPET_MOKO_Technical_Disclosure_Maturity.docx,SUP-MOKO-001,SUP-MOKO-001_EMOPET_MOKO_Technical_Disclosure_Maturity,BATCH 6,MAT,PARTNER,Founder — EMOPET / Supplier Governance,2.1,PRESERVE FOR LINEAGE / r1.6 GOVERNS CURRENT CONTENT,HISTORICAL OR SUPERSEDED MOKO INPUT,RECONCILED 2026-08-28 — BATCH 6 / NOT RELEASED,INCLUDE WITH CONTROL NOTES,INTERNAL_REVIEW_CANDIDATE_WITH_CONTROLS,EXCLUDE,EXCLUDED_FROM_PUBLIC_PROFILE,STATIC QA ONLY / PRIOR QA REUSED WHERE APPLICABLE / NOT FINAL PUBLICATION EVIDENCE,DO_NOT_PUBLISH_RESTRICTED_OR_UNAPPROVED,NOT_RELEASED,"Internal review candidacy does not establish external publication, release, validation, transmission or manufacturing authority."
ZIP-0221,IMMUTABLE_SOURCE_ZIP_MEMBER,01_BASELINE_THROUGH_2026-08-24_1938Z/EMOPET_BASELINE_v3.0_CONTROLLED/09_SUPPLIERS_AND_INDUSTRIALISATION/SUP-MOKO-001_EMOPET_MOKO_Technical_Disclosure_Maturity_r2.1.pdf,,MOKO_TECHNICAL_DISCLOSURE_MATURITY_v2.1,BATCH 6,MAT,PARTNER CONFIDENTIAL HANDLING — SOURCE CLASSIFICATION NOT STATED,Founder — EMOPET / Supplier Governance,SOURCE REVISION NOT STATED / NOT VERIFIED,PRESERVE FOR LINEAGE / r1.6 GOVERNS CURRENT CONTENT,HISTORICAL OR SUPERSEDED MOKO INPUT,RECONCILED 2026-08-28 — BATCH 6 / NOT RELEASED,INCLUDE WITH CONTROL NOTES,INTERNAL_REVIEW_CANDIDATE_WITH_CONTROLS,EXCLUDE,EXCLUDED_FROM_PUBLIC_PROFILE,STATIC QA ONLY / PRIOR QA REUSED WHERE APPLICABLE / NOT FINAL PUBLICATION EVIDENCE,DO_NOT_PUBLISH_RESTRICTED_OR_UNAPPROVED,NOT_RELEASED,"Internal review candidacy does not establish external publication, release, validation, transmission or manufacturing authority."
ZIP-0222,IMMUTABLE_SOURCE_ZIP_MEMBER,01_BASELINE_THROUGH_2026-08-24_1938Z/EMOPET_BASELINE_v3.0_CONTROLLED/09_SUPPLIERS_AND_INDUSTRIALISATION/SUP-MOKO-002_EMOPET_MOKO_Execution_Status_2026-08.docx,SUP-MOKO-002,SUP-MOKO-002_EMOPET_MOKO_Execution_Status_2026-08,BATCH 6,MOKO,PARTNER,Founder — EMOPET / Supplier Governance,1.0,PRESERVE FOR LINEAGE / r1.6 GOVERNS CURRENT CONTENT,HISTORICAL OR SUPERSEDED MOKO INPUT,RECONCILED 2026-08-28 — BATCH 6 / NOT RELEASED,INCLUDE WITH CONTROL NOTES,INTERNAL_REVIEW_CANDIDATE_WITH_CONTROLS,EXCLUDE,EXCLUDED_FROM_PUBLIC_PROFILE,STATIC QA ONLY / PRIOR QA REUSED WHERE APPLICABLE / NOT FINAL PUBLICATION EVIDENCE,DO_NOT_PUBLISH_RESTRICTED_OR_UNAPPROVED,NOT_RELEASED,"Internal review candidacy does not establish external publication, release, validation, transmission or manufacturing authority."
ZIP-0223,IMMUTABLE_SOURCE_ZIP_MEMBER,01_BASELINE_THROUGH_2026-08-24_1938Z/EMOPET_BASELINE_v3.0_CONTROLLED/09_SUPPLIERS_AND_INDUSTRIALISATION/SUP-MOKO-002_EMOPET_MOKO_Execution_Status_2026-08_r1.0.pdf,,MOKO_EXECUTION_STATUS_2026-08-07,BATCH 6,MOKO,PARTNER CONFIDENTIAL HANDLING — SOURCE CLASSIFICATION NOT STATED,Founder — EMOPET / Supplier Governance,SOURCE REVISION NOT STATED / NOT VERIFIED,PRESERVE FOR LINEAGE / r1.6 GOVERNS CURRENT CONTENT,HISTORICAL OR SUPERSEDED MOKO INPUT,RECONCILED 2026-08-28 — BATCH 6 / NOT RELEASED,INCLUDE WITH CONTROL NOTES,INTERNAL_REVIEW_CANDIDATE_WITH_CONTROLS,EXCLUDE,EXCLUDED_FROM_PUBLIC_PROFILE,STATIC QA ONLY / PRIOR QA REUSED WHERE APPLICABLE / NOT FINAL PUBLICATION EVIDENCE,DO_NOT_PUBLISH_RESTRICTED_OR_UNAPPROVED,NOT_RELEASED,"Internal review candidacy does not establish external publication, release, validation, transmission or manufacturing authority."
ZIP-0224,IMMUTABLE_SOURCE_ZIP_MEMBER,01_BASELINE_THROUGH_2026-08-24_1938Z/EMOPET_BASELINE_v3.0_CONTROLLED/09_SUPPLIERS_AND_INDUSTRIALISATION/SUP-MOKO-003_EMOPET_MAT_Phase0_Supplier_Safe_RFQ.docx,SUP-MOKO-003,SUP-MOKO-003_EMOPET_MAT_Phase0_Supplier_Safe_RFQ,BATCH 6,MAT,PARTNER,Founder — EMOPET / Supplier Governance,0.6,PRESERVE FOR LINEAGE / r1.6 GOVERNS CURRENT CONTENT,HISTORICAL OR SUPERSEDED MOKO INPUT,RECONCILED 2026-08-28 — BATCH 6 / NOT RELEASED,INCLUDE WITH CONTROL NOTES,INTERNAL_REVIEW_CANDIDATE_WITH_CONTROLS,EXCLUDE,EXCLUDED_FROM_PUBLIC_PROFILE,STATIC QA ONLY / PRIOR QA REUSED WHERE APPLICABLE / NOT FINAL PUBLICATION EVIDENCE,DO_NOT_PUBLISH_RESTRICTED_OR_UNAPPROVED,NOT_RELEASED,"Internal review candidacy does not establish external publication, release, validation, transmission or manufacturing authority."
ZIP-0225,IMMUTABLE_SOURCE_ZIP_MEMBER,01_BASELINE_THROUGH_2026-08-24_1938Z/EMOPET_BASELINE_v3.0_CONTROLLED/09_SUPPLIERS_AND_INDUSTRIALISATION/SUP-MOKO-004_EMOPET_Phase0_MOKO_Package_2026-08_r1.1.zip,,SUP-MOKO-004_EMOPET_Phase0_MOKO_Package_2026-08_r1.1,BATCH 6,MOKO,PARTNER CONFIDENTIAL HANDLING — SOURCE CLASSIFICATION NOT STATED,Founder — EMOPET / Supplier Governance,SOURCE REVISION NOT STATED / NOT VERIFIED,PRESERVE FOR LINEAGE / r1.6 GOVERNS CURRENT CONTENT,HISTORICAL OR SUPERSEDED MOKO INPUT,RECONCILED 2026-08-28 — BATCH 6 / NOT RELEASED,INCLUDE WITH CONTROL NOTES,INTERNAL_REVIEW_CANDIDATE_WITH_CONTROLS,EXCLUDE,EXCLUDED_FROM_PUBLIC_PROFILE,STATIC QA ONLY / PRIOR QA REUSED WHERE APPLICABLE / NOT FINAL PUBLICATION EVIDENCE,DO_NOT_PUBLISH_RESTRICTED_OR_UNAPPROVED,NOT_RELEASED,"Internal review candidacy does not establish external publication, release, validation, transmission or manufacturing authority."
ZIP-0226,IMMUTABLE_SOURCE_ZIP_MEMBER,01_BASELINE_THROUGH_2026-08-24_1938Z/EMOPET_BASELINE_v3.0_CONTROLLED/10_REGISTERS_AND_EVIDENCE/COR-004_EMOPET_Document_Master_Index.xlsx,COR-004,EMOPET — Document Master Index,BATCH 9,GOVERNANCE,CONFIDENTIAL,Document Control / Engineering,1.1,PRESERVE FOR AUDIT TRAIL / NOT CURRENT CONTROL AUTHORITY,HISTORICAL / SUPERSEDED BY LIVING WORK CONTROL REGISTERS,RECONCILED 2026-08-28 — BATCH 9 / NOT RELEASED,INCLUDE WITH CONTROL NOTES,INTERNAL_REVIEW_CANDIDATE_WITH_CONTROLS,EXCLUDE,EXCLUDED_FROM_PUBLIC_PROFILE,STATIC QA ONLY / PRIOR QA REUSED WHERE APPLICABLE / NOT FINAL PUBLICATION EVIDENCE,DO_NOT_PUBLISH_RESTRICTED_OR_UNAPPROVED,NOT_RELEASED,"Internal review candidacy does not establish external publication, release, validation, transmission or manufacturing authority."
ZIP-0227,IMMUTABLE_SOURCE_ZIP_MEMBER,01_BASELINE_THROUGH_2026-08-24_1938Z/EMOPET_BASELINE_v3.0_CONTROLLED/10_REGISTERS_AND_EVIDENCE/COR-005_EMOPET_Authority_And_Maturity_Matrix.xlsx,COR-005,EMOPET — Authority & Maturity Matrix,BATCH 9,GOVERNANCE,CONFIDENTIAL,Document Control / Engineering,3.2,PRESERVE FOR AUDIT TRAIL / NOT CURRENT CONTROL AUTHORITY,HISTORICAL / SUPERSEDED BY LIVING WORK CONTROL REGISTERS,RECONCILED 2026-08-28 — BATCH 9 / NOT RELEASED,INCLUDE WITH CONTROL NOTES,INTERNAL_REVIEW_CANDIDATE_WITH_CONTROLS,EXCLUDE,EXCLUDED_FROM_PUBLIC_PROFILE,STATIC QA ONLY / PRIOR QA REUSED WHERE APPLICABLE / NOT FINAL PUBLICATION EVIDENCE,DO_NOT_PUBLISH_RESTRICTED_OR_UNAPPROVED,NOT_RELEASED,"Internal review candidacy does not establish external publication, release, validation, transmission or manufacturing authority."
ZIP-0228,IMMUTABLE_SOURCE_ZIP_MEMBER,01_BASELINE_THROUGH_2026-08-24_1938Z/EMOPET_BASELINE_v3.0_CONTROLLED/10_REGISTERS_AND_EVIDENCE/COR-006_EMOPET_Exceptions_Register.xlsx,COR-006,EMOPET — Exceptions Register,BATCH 9,GOVERNANCE,CONFIDENTIAL,Document Control / Engineering,2.0,PRESERVE FOR AUDIT TRAIL / NOT CURRENT CONTROL AUTHORITY,HISTORICAL / SUPERSEDED BY LIVING WORK CONTROL REGISTERS,RECONCILED 2026-08-28 — BATCH 9 / NOT RELEASED,INCLUDE WITH CONTROL NOTES,INTERNAL_REVIEW_CANDIDATE_WITH_CONTROLS,EXCLUDE,EXCLUDED_FROM_PUBLIC_PROFILE,STATIC QA ONLY / PRIOR QA REUSED WHERE APPLICABLE / NOT FINAL PUBLICATION EVIDENCE,DO_NOT_PUBLISH_RESTRICTED_OR_UNAPPROVED,NOT_RELEASED,"Internal review candidacy does not establish external publication, release, validation, transmission or manufacturing authority."
ZIP-0229,IMMUTABLE_SOURCE_ZIP_MEMBER,01_BASELINE_THROUGH_2026-08-24_1938Z/EMOPET_BASELINE_v3.0_CONTROLLED/10_REGISTERS_AND_EVIDENCE/COR-007_EMOPET_Manifest_SHA256.csv,COR-007,COR-007_EMOPET_Manifest_SHA256,BATCH 0,SCIENCE,INTERNAL CONTROLLED HANDLING — SOURCE CLASSIFICATION NOT STATED,Science / Evidence Review — FUNCTIONAL OWNER / HUMAN ASSIGNMENT OPEN,SOURCE REVISION NOT STATED / NOT VERIFIED,VALID FOR 267-LINE HISTORICAL SCOPE / NOT CURRENT COMPLETE MANIFEST,RESOLVED AT DOCUMENT LEVEL — VALIDATION / RELEASE STATUS PRESERVED,DOCUMENT-LEVEL AUTHORITY / EVIDENCE RECONCILED 2026-08-27 — NOT RELEASED,INCLUSION TO DECIDE,INTERNAL_INCLUSION_DECISION_OPEN,EXPLICIT APPROVAL REQUIRED,EXPLICIT_PUBLICATION_APPROVAL_REQUIRED,NOT APPLICABLE / SOURCE PRESERVED,DO_NOT_PUBLISH_RESTRICTED_OR_UNAPPROVED,NOT_RELEASED,"Internal review candidacy does not establish external publication, release, validation, transmission or manufacturing authority."
ZIP-0230,IMMUTABLE_SOURCE_ZIP_MEMBER,01_BASELINE_THROUGH_2026-08-24_1938Z/EMOPET_BASELINE_v3.0_CONTROLLED/10_REGISTERS_AND_EVIDENCE/COR-008_EMOPET_Migration_Execution_Record_2026-08.xlsx,COR-008,EMOPET — Migration Execution Record 2026-08,BATCH 4,GOV,INTERNAL CONTROLLED,Document Control / Software Engineering — FUNCTIONAL OWNER / HUMAN ASSIGNMENT OPEN,1.0,HISTORICAL MIGRATION EVIDENCE / NOT CURRENT SOFTWARE IMPLEMENTATION PROOF,RESOLVED AT DOCUMENT LEVEL — EXECUTION / VALIDATION / RELEASE STATUS PRESERVED,DOCUMENT-LEVEL AUTHORITY / EVIDENCE RECONCILED 2026-08-27 — NOT RELEASED,INCLUDE — SOURCE / CONTROL / EVIDENCE RECORD,INTERNAL_REVIEW_CANDIDATE_WITH_CONTROLS,EXPLICIT PUBLICATION APPROVAL REQUIRED,EXPLICIT_PUBLICATION_APPROVAL_REQUIRED,NOT APPLICABLE — SOURCE PRESERVED / STATIC PACKAGE QA ONLY,DO_NOT_PUBLISH_RESTRICTED_OR_UNAPPROVED,NOT_RELEASED,"Internal review candidacy does not establish external publication, release, validation, transmission or manufacturing authority."
ZIP-0231,IMMUTABLE_SOURCE_ZIP_MEMBER,01_BASELINE_THROUGH_2026-08-24_1938Z/EMOPET_BASELINE_v3.0_CONTROLLED/10_REGISTERS_AND_EVIDENCE/COR-009_EMOPET_Migration_Completion_Report_2026-08.docx,COR-009,COR-009_EMOPET_Migration_Completion_Report_2026-08,BATCH 4,GOV,INTERNAL CONTROLLED,Document Control / Software Engineering — FUNCTIONAL OWNER / HUMAN ASSIGNMENT OPEN,1.0,HISTORICAL MIGRATION EVIDENCE / NOT CURRENT SOFTWARE IMPLEMENTATION PROOF,RESOLVED AT DOCUMENT LEVEL — EXECUTION / VALIDATION / RELEASE STATUS PRESERVED,DOCUMENT-LEVEL AUTHORITY / EVIDENCE RECONCILED 2026-08-27 — NOT RELEASED,INCLUDE — SOURCE / CONTROL / EVIDENCE RECORD,INTERNAL_REVIEW_CANDIDATE_WITH_CONTROLS,EXPLICIT PUBLICATION APPROVAL REQUIRED,EXPLICIT_PUBLICATION_APPROVAL_REQUIRED,NOT APPLICABLE — SOURCE PRESERVED / STATIC PACKAGE QA ONLY,DO_NOT_PUBLISH_RESTRICTED_OR_UNAPPROVED,NOT_RELEASED,"Internal review candidacy does not establish external publication, release, validation, transmission or manufacturing authority."
ZIP-0232,IMMUTABLE_SOURCE_ZIP_MEMBER,01_BASELINE_THROUGH_2026-08-24_1938Z/EMOPET_BASELINE_v3.0_CONTROLLED/10_REGISTERS_AND_EVIDENCE/COR-010_EMOPET_Audit_Treatment_Register.xlsx,COR-010,EMOPET — Audit Treatment Register,BATCH 9,GOVERNANCE,CONFIDENTIAL,Document Control / Engineering,1.0,PRESERVE FOR AUDIT TRAIL / NOT CURRENT CONTROL AUTHORITY,HISTORICAL / SUPERSEDED BY LIVING WORK CONTROL REGISTERS,RECONCILED 2026-08-28 — BATCH 9 / NOT RELEASED,INCLUDE WITH CONTROL NOTES,INTERNAL_REVIEW_CANDIDATE_WITH_CONTROLS,EXCLUDE,EXCLUDED_FROM_PUBLIC_PROFILE,STATIC QA ONLY / PRIOR QA REUSED WHERE APPLICABLE / NOT FINAL PUBLICATION EVIDENCE,DO_NOT_PUBLISH_RESTRICTED_OR_UNAPPROVED,NOT_RELEASED,"Internal review candidacy does not establish external publication, release, validation, transmission or manufacturing authority."
ZIP-0233,IMMUTABLE_SOURCE_ZIP_MEMBER,01_BASELINE_THROUGH_2026-08-24_1938Z/EMOPET_BASELINE_v3.0_CONTROLLED/11_REV_A2R1_CURRENT_UPDATE_2026-08-24/BASELINE_UPDATE_RevA2R1_2026-08-24.md,,BASELINE_UPDATE_RevA2R1_2026-08-24,BATCH 9,GOVERNANCE,INTERNAL CONTROLLED HANDLING — SOURCE CLASSIFICATION NOT STATED,Document Control / Engineering,SOURCE REVISION NOT STATED / NOT VERIFIED,PRESERVE FOR TRACEABILITY / NOT CURRENT RELEASE OR IMPLEMENTATION PROOF,HISTORICAL OR SUPPORTING CONTEXT / CURRENT AUTHORITIES GOVERN,RECONCILED 2026-08-28 — BATCH 9 / NOT RELEASED,INCLUDE WITH CONTROL NOTES,INTERNAL_REVIEW_CANDIDATE_WITH_CONTROLS,EXCLUDE,EXCLUDED_FROM_PUBLIC_PROFILE,STATIC QA ONLY / PRIOR QA REUSED WHERE APPLICABLE / NOT FINAL PUBLICATION EVIDENCE,DO_NOT_PUBLISH_RESTRICTED_OR_UNAPPROVED,NOT_RELEASED,"Internal review candidacy does not establish external publication, release, validation, transmission or manufacturing authority."
ZIP-0234,IMMUTABLE_SOURCE_ZIP_MEMBER,01_BASELINE_THROUGH_2026-08-24_1938Z/EMOPET_BASELINE_v3.0_CONTROLLED/11_REV_A2R1_CURRENT_UPDATE_2026-08-24/FULL_PACKAGE_SHA256_MANIFEST.csv,,FULL_PACKAGE_SHA256_MANIFEST,BATCH 9,GOVERNANCE,INTERNAL CONTROLLED HANDLING — SOURCE CLASSIFICATION NOT STATED,Document Control / Engineering,SOURCE REVISION NOT STATED / NOT VERIFIED,PRESERVE FOR TRACEABILITY / NOT CURRENT RELEASE OR IMPLEMENTATION PROOF,HISTORICAL OR SUPPORTING CONTEXT / CURRENT AUTHORITIES GOVERN,RECONCILED 2026-08-28 — BATCH 9 / NOT RELEASED,INCLUDE WITH CONTROL NOTES,INTERNAL_REVIEW_CANDIDATE_WITH_CONTROLS,EXCLUDE,EXCLUDED_FROM_PUBLIC_PROFILE,STATIC QA ONLY / PRIOR QA REUSED WHERE APPLICABLE / NOT FINAL PUBLICATION EVIDENCE,DO_NOT_PUBLISH_RESTRICTED_OR_UNAPPROVED,NOT_RELEASED,"Internal review candidacy does not establish external publication, release, validation, transmission or manufacturing authority."
ZIP-0235,IMMUTABLE_SOURCE_ZIP_MEMBER,01_BASELINE_THROUGH_2026-08-24_1938Z/EMOPET_BASELINE_v3.0_CONTROLLED/11_REV_A2R1_CURRENT_UPDATE_2026-08-24/decisions/ANTENNA_Topology_KeepOut.md,,ANTENNA_Topology_KeepOut,BATCH 9,TAG,INTERNAL CONTROLLED HANDLING — SOURCE CLASSIFICATION NOT STATED,Document Control / Engineering,SOURCE REVISION NOT STATED / NOT VERIFIED,PRESERVE FOR TRACEABILITY / NOT CURRENT RELEASE OR IMPLEMENTATION PROOF,HISTORICAL OR SUPPORTING CONTEXT / CURRENT AUTHORITIES GOVERN,RECONCILED 2026-08-28 — BATCH 9 / NOT RELEASED,INCLUDE WITH CONTROL NOTES,INTERNAL_REVIEW_CANDIDATE_WITH_CONTROLS,EXCLUDE,EXCLUDED_FROM_PUBLIC_PROFILE,STATIC QA ONLY / PRIOR QA REUSED WHERE APPLICABLE / NOT FINAL PUBLICATION EVIDENCE,DO_NOT_PUBLISH_RESTRICTED_OR_UNAPPROVED,NOT_RELEASED,"Internal review candidacy does not establish external publication, release, validation, transmission or manufacturing authority."
ZIP-0236,IMMUTABLE_SOURCE_ZIP_MEMBER,01_BASELINE_THROUGH_2026-08-24_1938Z/EMOPET_BASELINE_v3.0_CONTROLLED/11_REV_A2R1_CURRENT_UPDATE_2026-08-24/decisions/CHARGE_MCP73831_Gate.md,,CHARGE_MCP73831_Gate,BATCH 9,TAG,INTERNAL CONTROLLED HANDLING — SOURCE CLASSIFICATION NOT STATED,Document Control / Engineering,SOURCE REVISION NOT STATED / NOT VERIFIED,PRESERVE FOR TRACEABILITY / NOT CURRENT RELEASE OR IMPLEMENTATION PROOF,HISTORICAL OR SUPPORTING CONTEXT / CURRENT AUTHORITIES GOVERN,RECONCILED 2026-08-28 — BATCH 9 / NOT RELEASED,INCLUDE WITH CONTROL NOTES,INTERNAL_REVIEW_CANDIDATE_WITH_CONTROLS,EXCLUDE,EXCLUDED_FROM_PUBLIC_PROFILE,STATIC QA ONLY / PRIOR QA REUSED WHERE APPLICABLE / NOT FINAL PUBLICATION EVIDENCE,DO_NOT_PUBLISH_RESTRICTED_OR_UNAPPROVED,NOT_RELEASED,"Internal review candidacy does not establish external publication, release, validation, transmission or manufacturing authority."
ZIP-0237,IMMUTABLE_SOURCE_ZIP_MEMBER,01_BASELINE_THROUGH_2026-08-24_1938Z/EMOPET_BASELINE_v3.0_CONTROLLED/11_REV_A2R1_CURRENT_UPDATE_2026-08-24/decisions/CHARGING_Connector_Placement.md,,CHARGING_Connector_Placement,BATCH 9,TAG,INTERNAL CONTROLLED HANDLING — SOURCE CLASSIFICATION NOT STATED,Document Control / Engineering,SOURCE REVISION NOT STATED / NOT VERIFIED,PRESERVE FOR TRACEABILITY / NOT CURRENT RELEASE OR IMPLEMENTATION PROOF,HISTORICAL OR SUPPORTING CONTEXT / CURRENT AUTHORITIES GOVERN,RECONCILED 2026-08-28 — BATCH 9 / NOT RELEASED,INCLUDE WITH CONTROL NOTES,INTERNAL_REVIEW_CANDIDATE_WITH_CONTROLS,EXCLUDE,EXCLUDED_FROM_PUBLIC_PROFILE,STATIC QA ONLY / PRIOR QA REUSED WHERE APPLICABLE / NOT FINAL PUBLICATION EVIDENCE,DO_NOT_PUBLISH_RESTRICTED_OR_UNAPPROVED,NOT_RELEASED,"Internal review candidacy does not establish external publication, release, validation, transmission or manufacturing authority."
ZIP-0238,IMMUTABLE_SOURCE_ZIP_MEMBER,01_BASELINE_THROUGH_2026-08-24_1938Z/EMOPET_BASELINE_v3.0_CONTROLLED/11_REV_A2R1_CURRENT_UPDATE_2026-08-24/decisions/GNSS_GATE_CLOSURE_EVIDENCE_REVIEW_HISTORICAL_CONTEXT.md,,GNSS_GATE_CLOSURE_EVIDENCE_REVIEW_HISTORICAL_CONTEXT,BATCH 8,SCIENCE,PARTNER CONFIDENTIAL HANDLING — SOURCE CLASSIFICATION NOT STATED,Founder — EMOPET / Supplier Governance,SOURCE REVISION NOT STATED / NOT VERIFIED,PRESERVE / NOT CURRENT COMPONENT-SELECTION AUTHORITY,HISTORICAL CONTEXT / SUPERSEDED BY CURRENT GNSS GOVERNANCE,RECONCILED 2026-08-28 — BATCH 8 / NOT RELEASED,INCLUDE WITH CONTROL NOTES,INTERNAL_REVIEW_CANDIDATE_WITH_CONTROLS,EXCLUDE,EXCLUDED_FROM_PUBLIC_PROFILE,STATIC QA ONLY / PRIOR QA REUSED WHERE APPLICABLE / NOT FINAL PUBLICATION EVIDENCE,DO_NOT_PUBLISH_RESTRICTED_OR_UNAPPROVED,NOT_RELEASED,"Internal review candidacy does not establish external publication, release, validation, transmission or manufacturing authority."
ZIP-0239,IMMUTABLE_SOURCE_ZIP_MEMBER,01_BASELINE_THROUGH_2026-08-24_1938Z/EMOPET_BASELINE_v3.0_CONTROLLED/11_REV_A2R1_CURRENT_UPDATE_2026-08-24/decisions/GNSS_L76K_Gate.md,,GNSS_L76K_Gate,BATCH 9,TAG,INTERNAL CONTROLLED HANDLING — SOURCE CLASSIFICATION NOT STATED,Document Control / Engineering,SOURCE REVISION NOT STATED / NOT VERIFIED,PRESERVE FOR TRACEABILITY / NOT CURRENT RELEASE OR IMPLEMENTATION PROOF,HISTORICAL OR SUPPORTING CONTEXT / CURRENT AUTHORITIES GOVERN,RECONCILED 2026-08-28 — BATCH 9 / NOT RELEASED,INCLUDE WITH CONTROL NOTES,INTERNAL_REVIEW_CANDIDATE_WITH_CONTROLS,EXCLUDE,EXCLUDED_FROM_PUBLIC_PROFILE,STATIC QA ONLY / PRIOR QA REUSED WHERE APPLICABLE / NOT FINAL PUBLICATION EVIDENCE,DO_NOT_PUBLISH_RESTRICTED_OR_UNAPPROVED,NOT_RELEASED,"Internal review candidacy does not establish external publication, release, validation, transmission or manufacturing authority."
ZIP-0240,IMMUTABLE_SOURCE_ZIP_MEMBER,01_BASELINE_THROUGH_2026-08-24_1938Z/EMOPET_BASELINE_v3.0_CONTROLLED/11_REV_A2R1_CURRENT_UPDATE_2026-08-24/decisions/MECHANICAL_Envelope_Battery_FitCheck.md,,MECHANICAL_Envelope_Battery_FitCheck,BATCH 2,UNASSIGNED,INTERNAL CONTROLLED HANDLING — SOURCE CLASSIFICATION NOT STATED,Engineering / Document Control — FUNCTIONAL OWNER / HUMAN ASSIGNMENT OPEN,SOURCE REVISION NOT STATED / NOT VERIFIED,CURRENT INPUT — NOT A PRODUCT OR MANUFACTURING FREEZE,CURRENT ENGINEERING INPUT — SCOPE LIMITED / OPEN GATES PRESERVED,RECONCILED 2026-08-27 — NOT RELEASED,INCLUSION TO DECIDE,INTERNAL_INCLUSION_DECISION_OPEN,EXPLICIT APPROVAL REQUIRED,EXPLICIT_PUBLICATION_APPROVAL_REQUIRED,NOT STARTED,DO_NOT_PUBLISH_RESTRICTED_OR_UNAPPROVED,NOT_RELEASED,"Internal review candidacy does not establish external publication, release, validation, transmission or manufacturing authority."
ZIP-0241,IMMUTABLE_SOURCE_ZIP_MEMBER,01_BASELINE_THROUGH_2026-08-24_1938Z/EMOPET_BASELINE_v3.0_CONTROLLED/11_REV_A2R1_CURRENT_UPDATE_2026-08-24/decisions/MIC_INMP441_Interface.md,,MIC_INMP441_Interface,BATCH 9,TAG,INTERNAL CONTROLLED HANDLING — SOURCE CLASSIFICATION NOT STATED,Document Control / Engineering,SOURCE REVISION NOT STATED / NOT VERIFIED,PRESERVE FOR TRACEABILITY / NOT CURRENT RELEASE OR IMPLEMENTATION PROOF,HISTORICAL OR SUPPORTING CONTEXT / CURRENT AUTHORITIES GOVERN,RECONCILED 2026-08-28 — BATCH 9 / NOT RELEASED,INCLUDE WITH CONTROL NOTES,INTERNAL_REVIEW_CANDIDATE_WITH_CONTROLS,EXCLUDE,EXCLUDED_FROM_PUBLIC_PROFILE,STATIC QA ONLY / PRIOR QA REUSED WHERE APPLICABLE / NOT FINAL PUBLICATION EVIDENCE,DO_NOT_PUBLISH_RESTRICTED_OR_UNAPPROVED,NOT_RELEASED,"Internal review candidacy does not establish external publication, release, validation, transmission or manufacturing authority."
ZIP-0242,IMMUTABLE_SOURCE_ZIP_MEMBER,01_BASELINE_THROUGH_2026-08-24_1938Z/EMOPET_BASELINE_v3.0_CONTROLLED/11_REV_A2R1_CURRENT_UPDATE_2026-08-24/decisions/PCB_Thickness_1p0_vs_1p6.md,,PCB_Thickness_1p0_vs_1p6,BATCH 9,TAG,INTERNAL CONTROLLED HANDLING — SOURCE CLASSIFICATION NOT STATED,Document Control / Engineering,SOURCE REVISION NOT STATED / NOT VERIFIED,PRESERVE FOR TRACEABILITY / NOT CURRENT RELEASE OR IMPLEMENTATION PROOF,HISTORICAL OR SUPPORTING CONTEXT / CURRENT AUTHORITIES GOVERN,RECONCILED 2026-08-28 — BATCH 9 / NOT RELEASED,INCLUDE WITH CONTROL NOTES,INTERNAL_REVIEW_CANDIDATE_WITH_CONTROLS,EXCLUDE,EXCLUDED_FROM_PUBLIC_PROFILE,STATIC QA ONLY / PRIOR QA REUSED WHERE APPLICABLE / NOT FINAL PUBLICATION EVIDENCE,DO_NOT_PUBLISH_RESTRICTED_OR_UNAPPROVED,NOT_RELEASED,"Internal review candidacy does not establish external publication, release, validation, transmission or manufacturing authority."
ZIP-0243,IMMUTABLE_SOURCE_ZIP_MEMBER,01_BASELINE_THROUGH_2026-08-24_1938Z/EMOPET_BASELINE_v3.0_CONTROLLED/11_REV_A2R1_CURRENT_UPDATE_2026-08-24/decisions/README_ENGINEERING_DECISION_INDEX_RevA2R1.md,,README_ENGINEERING_DECISION_INDEX_RevA2R1,BATCH 2,UNASSIGNED,INTERNAL CONTROLLED HANDLING — SOURCE CLASSIFICATION NOT STATED,Engineering / Document Control — FUNCTIONAL OWNER / HUMAN ASSIGNMENT OPEN,SOURCE REVISION NOT STATED / NOT VERIFIED,PARTIALLY SUPERSEDED — HISTORY PRESERVED,CURRENT INPUT — PARTIALLY SUPERSEDED ON GNSS OPTIONALITY,RECONCILED 2026-08-27 — NOT RELEASED,INCLUSION TO DECIDE,INTERNAL_INCLUSION_DECISION_OPEN,EXPLICIT APPROVAL REQUIRED,EXPLICIT_PUBLICATION_APPROVAL_REQUIRED,NOT STARTED,DO_NOT_PUBLISH_RESTRICTED_OR_UNAPPROVED,NOT_RELEASED,"Internal review candidacy does not establish external publication, release, validation, transmission or manufacturing authority."
ZIP-0244,IMMUTABLE_SOURCE_ZIP_MEMBER,01_BASELINE_THROUGH_2026-08-24_1938Z/EMOPET_BASELINE_v3.0_CONTROLLED/11_REV_A2R1_CURRENT_UPDATE_2026-08-24/decisions/REMOTE_LOCATION_ARCHITECTURE_GATE.md,,REMOTE_LOCATION_ARCHITECTURE_GATE,BATCH 9,TAG,INTERNAL CONTROLLED HANDLING — SOURCE CLASSIFICATION NOT STATED,Document Control / Engineering,SOURCE REVISION NOT STATED / NOT VERIFIED,PRESERVE FOR TRACEABILITY / NOT CURRENT RELEASE OR IMPLEMENTATION PROOF,HISTORICAL OR SUPPORTING CONTEXT / CURRENT AUTHORITIES GOVERN,RECONCILED 2026-08-28 — BATCH 9 / NOT RELEASED,INCLUDE WITH CONTROL NOTES,INTERNAL_REVIEW_CANDIDATE_WITH_CONTROLS,EXCLUDE,EXCLUDED_FROM_PUBLIC_PROFILE,STATIC QA ONLY / PRIOR QA REUSED WHERE APPLICABLE / NOT FINAL PUBLICATION EVIDENCE,DO_NOT_PUBLISH_RESTRICTED_OR_UNAPPROVED,NOT_RELEASED,"Internal review candidacy does not establish external publication, release, validation, transmission or manufacturing authority."
ZIP-0245,IMMUTABLE_SOURCE_ZIP_MEMBER,01_BASELINE_THROUGH_2026-08-24_1938Z/EMOPET_BASELINE_v3.0_CONTROLLED/11_REV_A2R1_CURRENT_UPDATE_2026-08-24/decisions/REMOTE_LOCATION_V1_ARCHITECTURE_DOWNSELECT.md,,REMOTE_LOCATION_V1_ARCHITECTURE_DOWNSELECT,BATCH 9,TAG,INTERNAL CONTROLLED HANDLING — SOURCE CLASSIFICATION NOT STATED,Document Control / Engineering,SOURCE REVISION NOT STATED / NOT VERIFIED,PRESERVE FOR TRACEABILITY / NOT CURRENT RELEASE OR IMPLEMENTATION PROOF,HISTORICAL OR SUPPORTING CONTEXT / CURRENT AUTHORITIES GOVERN,RECONCILED 2026-08-28 — BATCH 9 / NOT RELEASED,INCLUDE WITH CONTROL NOTES,INTERNAL_REVIEW_CANDIDATE_WITH_CONTROLS,EXCLUDE,EXCLUDED_FROM_PUBLIC_PROFILE,STATIC QA ONLY / PRIOR QA REUSED WHERE APPLICABLE / NOT FINAL PUBLICATION EVIDENCE,DO_NOT_PUBLISH_RESTRICTED_OR_UNAPPROVED,NOT_RELEASED,"Internal review candidacy does not establish external publication, release, validation, transmission or manufacturing authority."
ZIP-0246,IMMUTABLE_SOURCE_ZIP_MEMBER,01_BASELINE_THROUGH_2026-08-24_1938Z/EMOPET_BASELINE_v3.0_CONTROLLED/11_REV_A2R1_CURRENT_UPDATE_2026-08-24/decisions/TEMPERATURE_TMP117_vs_NTC10K_Decision.md,,TEMPERATURE_TMP117_vs_NTC10K_Decision,BATCH 9,TAG,INTERNAL CONTROLLED HANDLING — SOURCE CLASSIFICATION NOT STATED,Document Control / Engineering,SOURCE REVISION NOT STATED / NOT VERIFIED,PRESERVE FOR TRACEABILITY / NOT CURRENT RELEASE OR IMPLEMENTATION PROOF,HISTORICAL OR SUPPORTING CONTEXT / CURRENT AUTHORITIES GOVERN,RECONCILED 2026-08-28 — BATCH 9 / NOT RELEASED,INCLUDE WITH CONTROL NOTES,INTERNAL_REVIEW_CANDIDATE_WITH_CONTROLS,EXCLUDE,EXCLUDED_FROM_PUBLIC_PROFILE,STATIC QA ONLY / PRIOR QA REUSED WHERE APPLICABLE / NOT FINAL PUBLICATION EVIDENCE,DO_NOT_PUBLISH_RESTRICTED_OR_UNAPPROVED,NOT_RELEASED,"Internal review candidacy does not establish external publication, release, validation, transmission or manufacturing authority."
ZIP-0247,IMMUTABLE_SOURCE_ZIP_MEMBER,01_BASELINE_THROUGH_2026-08-24_1938Z/EMOPET_BASELINE_v3.0_CONTROLLED/11_REV_A2R1_CURRENT_UPDATE_2026-08-24/firmware/ICD_Final_DRAFT.md,,ICD_Final_DRAFT,BATCH 2,UNASSIGNED,INTERNAL CONTROLLED HANDLING — SOURCE CLASSIFICATION NOT STATED,Engineering / Document Control — FUNCTIONAL OWNER / HUMAN ASSIGNMENT OPEN,SOURCE REVISION NOT STATED / NOT VERIFIED,DRAFT / NON-CANONICAL,DRAFT — NOT A FINAL OR CONTROLLED ICD,RECONCILED 2026-08-27 — NOT RELEASED,INCLUSION TO DECIDE,INTERNAL_INCLUSION_DECISION_OPEN,EXPLICIT APPROVAL REQUIRED,EXPLICIT_PUBLICATION_APPROVAL_REQUIRED,NOT STARTED,DO_NOT_PUBLISH_RESTRICTED_OR_UNAPPROVED,NOT_RELEASED,"Internal review candidacy does not establish external publication, release, validation, transmission or manufacturing authority."
ZIP-0248,IMMUTABLE_SOURCE_ZIP_MEMBER,01_BASELINE_THROUGH_2026-08-24_1938Z/EMOPET_BASELINE_v3.0_CONTROLLED/11_REV_A2R1_CURRENT_UPDATE_2026-08-24/source_evidence/BATTERY_602030_EXACT_SOURCE_GATE_B1R.md,,BATTERY_602030_EXACT_SOURCE_GATE_B1R,BATCH 2,SCIENCE,INTERNAL CONTROLLED HANDLING — SOURCE CLASSIFICATION NOT STATED,Science / Evidence Review — FUNCTIONAL OWNER / HUMAN ASSIGNMENT OPEN,SOURCE REVISION NOT STATED / NOT VERIFIED,CURRENT SOURCE-GATE INPUT / SELECTION OPEN,SOURCE EVIDENCE — NO BATTERY SELECTED,RECONCILED 2026-08-27 — NOT RELEASED,INCLUSION TO DECIDE,INTERNAL_INCLUSION_DECISION_OPEN,EXPLICIT APPROVAL REQUIRED,EXPLICIT_PUBLICATION_APPROVAL_REQUIRED,NOT STARTED,DO_NOT_PUBLISH_RESTRICTED_OR_UNAPPROVED,NOT_RELEASED,"Internal review candidacy does not establish external publication, release, validation, transmission or manufacturing authority."
ZIP-0249,IMMUTABLE_SOURCE_ZIP_MEMBER,01_BASELINE_THROUGH_2026-08-24_1938Z/EMOPET_BASELINE_v3.0_CONTROLLED/11_REV_A2R1_CURRENT_UPDATE_2026-08-24/source_evidence/BATTERY_PHASE2_SOURCE_READINESS_B1R.md,,BATTERY_PHASE2_SOURCE_READINESS_B1R,BATCH 2,SCIENCE,INTERNAL CONTROLLED HANDLING — SOURCE CLASSIFICATION NOT STATED,Science / Evidence Review — FUNCTIONAL OWNER / HUMAN ASSIGNMENT OPEN,SOURCE REVISION NOT STATED / NOT VERIFIED,CURRENT SOURCE-GATE INPUT / SELECTION OPEN,SOURCE EVIDENCE — NO BATTERY SELECTED,RECONCILED 2026-08-27 — NOT RELEASED,INCLUSION TO DECIDE,INTERNAL_INCLUSION_DECISION_OPEN,EXPLICIT APPROVAL REQUIRED,EXPLICIT_PUBLICATION_APPROVAL_REQUIRED,NOT STARTED,DO_NOT_PUBLISH_RESTRICTED_OR_UNAPPROVED,NOT_RELEASED,"Internal review candidacy does not establish external publication, release, validation, transmission or manufacturing authority."
ZIP-0250,IMMUTABLE_SOURCE_ZIP_MEMBER,01_BASELINE_THROUGH_2026-08-24_1938Z/EMOPET_BASELINE_v3.0_CONTROLLED/11_REV_A2R1_CURRENT_UPDATE_2026-08-24/source_evidence/PHASE2_SOURCE_READINESS_AFTER_CAPTURE.md,TAG-PHASE2-SOURCE-READINESS,PHASE2_SOURCE_READINESS_AFTER_CAPTURE,BATCH 2,SCIENCE,INTERNAL CONTROLLED HANDLING — SOURCE CLASSIFICATION NOT STATED,Science / Evidence Review — FUNCTIONAL OWNER / HUMAN ASSIGNMENT OPEN,SOURCE REVISION NOT STATED / NOT VERIFIED,HISTORICAL SOURCE-READINESS INPUT — PARTIALLY SUPERSEDED BY R2,RESOLVED AT DOCUMENT LEVEL — VALIDATION / RELEASE STATUS PRESERVED,DOCUMENT-LEVEL AUTHORITY / EVIDENCE RECONCILED 2026-08-27 — NOT RELEASED,INCLUSION TO DECIDE,INTERNAL_INCLUSION_DECISION_OPEN,EXPLICIT APPROVAL REQUIRED,EXPLICIT_PUBLICATION_APPROVAL_REQUIRED,NOT APPLICABLE / SOURCE PRESERVED,DO_NOT_PUBLISH_RESTRICTED_OR_UNAPPROVED,NOT_RELEASED,"Internal review candidacy does not establish external publication, release, validation, transmission or manufacturing authority."
ZIP-0251,IMMUTABLE_SOURCE_ZIP_MEMBER,01_BASELINE_THROUGH_2026-08-24_1938Z/EMOPET_BASELINE_v3.0_CONTROLLED/11_REV_A2R1_CURRENT_UPDATE_2026-08-24/source_evidence/REMOTE_LOCATION_HARDWARE_SOURCE_GATE_PHASE1R2.md,TAG-REMOTE-LOCATION-SOURCE-GATE,REMOTE_LOCATION_HARDWARE_SOURCE_GATE_PHASE1R2,BATCH 2,SCIENCE,INTERNAL CONTROLLED HANDLING — SOURCE CLASSIFICATION NOT STATED,Science / Evidence Review — FUNCTIONAL OWNER / HUMAN ASSIGNMENT OPEN,SOURCE REVISION NOT STATED / NOT VERIFIED,HISTORICAL SOURCE-READINESS INPUT — PARTIALLY SUPERSEDED BY R2,RESOLVED AT DOCUMENT LEVEL — VALIDATION / RELEASE STATUS PRESERVED,DOCUMENT-LEVEL AUTHORITY / EVIDENCE RECONCILED 2026-08-27 — NOT RELEASED,INCLUSION TO DECIDE,INTERNAL_INCLUSION_DECISION_OPEN,EXPLICIT APPROVAL REQUIRED,EXPLICIT_PUBLICATION_APPROVAL_REQUIRED,NOT APPLICABLE / SOURCE PRESERVED,DO_NOT_PUBLISH_RESTRICTED_OR_UNAPPROVED,NOT_RELEASED,"Internal review candidacy does not establish external publication, release, validation, transmission or manufacturing authority."
ZIP-0252,IMMUTABLE_SOURCE_ZIP_MEMBER,01_BASELINE_THROUGH_2026-08-24_1938Z/EMOPET_BASELINE_v3.0_CONTROLLED/11_REV_A2R1_CURRENT_UPDATE_2026-08-24/validation/Autonomy_Measured.md,,Autonomy_Measured,BATCH 2,UNASSIGNED,INTERNAL CONTROLLED HANDLING — SOURCE CLASSIFICATION NOT STATED,Engineering / Document Control — FUNCTIONAL OWNER / HUMAN ASSIGNMENT OPEN,SOURCE REVISION NOT STATED / NOT VERIFIED,CONTROLLED TEST INTENT — NO PASS CLAIM,VALIDATION PLAN — NOT RUN / EVIDENCE PENDING,RECONCILED 2026-08-27 — NOT RELEASED,INCLUSION TO DECIDE,INTERNAL_INCLUSION_DECISION_OPEN,EXPLICIT APPROVAL REQUIRED,EXPLICIT_PUBLICATION_APPROVAL_REQUIRED,NOT STARTED,DO_NOT_PUBLISH_RESTRICTED_OR_UNAPPROVED,NOT_RELEASED,"Internal review candidacy does not establish external publication, release, validation, transmission or manufacturing authority."
ZIP-0253,IMMUTABLE_SOURCE_ZIP_MEMBER,01_BASELINE_THROUGH_2026-08-24_1938Z/EMOPET_BASELINE_v3.0_CONTROLLED/11_REV_A2R1_CURRENT_UPDATE_2026-08-24/validation/IP67_Sealing.md,,IP67_Sealing,BATCH 2,UNASSIGNED,INTERNAL CONTROLLED HANDLING — SOURCE CLASSIFICATION NOT STATED,Engineering / Document Control — FUNCTIONAL OWNER / HUMAN ASSIGNMENT OPEN,SOURCE REVISION NOT STATED / NOT VERIFIED,CONTROLLED TEST INTENT — NO PASS CLAIM,VALIDATION PLAN — NOT RUN / EVIDENCE PENDING,RECONCILED 2026-08-27 — NOT RELEASED,INCLUSION TO DECIDE,INTERNAL_INCLUSION_DECISION_OPEN,EXPLICIT APPROVAL REQUIRED,EXPLICIT_PUBLICATION_APPROVAL_REQUIRED,NOT STARTED,DO_NOT_PUBLISH_RESTRICTED_OR_UNAPPROVED,NOT_RELEASED,"Internal review candidacy does not establish external publication, release, validation, transmission or manufacturing authority."
ZIP-0254,IMMUTABLE_SOURCE_ZIP_MEMBER,01_BASELINE_THROUGH_2026-08-24_1938Z/EMOPET_BASELINE_v3.0_CONTROLLED/11_REV_A2R1_CURRENT_UPDATE_2026-08-24/validation/Mass_Budget.md,,Mass_Budget,BATCH 2,UNASSIGNED,INTERNAL CONTROLLED HANDLING — SOURCE CLASSIFICATION NOT STATED,Engineering / Document Control — FUNCTIONAL OWNER / HUMAN ASSIGNMENT OPEN,SOURCE REVISION NOT STATED / NOT VERIFIED,CONTROLLED TEST INTENT — NO PASS CLAIM,VALIDATION PLAN — NOT RUN / EVIDENCE PENDING,RECONCILED 2026-08-27 — NOT RELEASED,INCLUSION TO DECIDE,INTERNAL_INCLUSION_DECISION_OPEN,EXPLICIT APPROVAL REQUIRED,EXPLICIT_PUBLICATION_APPROVAL_REQUIRED,NOT STARTED,DO_NOT_PUBLISH_RESTRICTED_OR_UNAPPROVED,NOT_RELEASED,"Internal review candidacy does not establish external publication, release, validation, transmission or manufacturing authority."
ZIP-0255,IMMUTABLE_SOURCE_ZIP_MEMBER,01_BASELINE_THROUGH_2026-08-24_1938Z/EMOPET_BASELINE_v3.0_CONTROLLED/11_REV_A2R1_CURRENT_UPDATE_2026-08-24/validation/RF_Performance.md,,RF_Performance,BATCH 2,UNASSIGNED,INTERNAL CONTROLLED HANDLING — SOURCE CLASSIFICATION NOT STATED,Engineering / Document Control — FUNCTIONAL OWNER / HUMAN ASSIGNMENT OPEN,SOURCE REVISION NOT STATED / NOT VERIFIED,CONTROLLED TEST INTENT — NO PASS CLAIM,VALIDATION PLAN — NOT RUN / EVIDENCE PENDING,RECONCILED 2026-08-27 — NOT RELEASED,INCLUSION TO DECIDE,INTERNAL_INCLUSION_DECISION_OPEN,EXPLICIT APPROVAL REQUIRED,EXPLICIT_PUBLICATION_APPROVAL_REQUIRED,NOT STARTED,DO_NOT_PUBLISH_RESTRICTED_OR_UNAPPROVED,NOT_RELEASED,"Internal review candidacy does not establish external publication, release, validation, transmission or manufacturing authority."
ZIP-0256,IMMUTABLE_SOURCE_ZIP_MEMBER,01_BASELINE_THROUGH_2026-08-24_1938Z/EMOPET_BASELINE_v3.0_CONTROLLED/11_REV_A2R1_CURRENT_UPDATE_2026-08-24/validation/Thermal.md,,Thermal,BATCH 2,UNASSIGNED,INTERNAL CONTROLLED HANDLING — SOURCE CLASSIFICATION NOT STATED,Engineering / Document Control — FUNCTIONAL OWNER / HUMAN ASSIGNMENT OPEN,SOURCE REVISION NOT STATED / NOT VERIFIED,CONTROLLED TEST INTENT — NO PASS CLAIM,VALIDATION PLAN — NOT RUN / EVIDENCE PENDING,RECONCILED 2026-08-27 — NOT RELEASED,INCLUSION TO DECIDE,INTERNAL_INCLUSION_DECISION_OPEN,EXPLICIT APPROVAL REQUIRED,EXPLICIT_PUBLICATION_APPROVAL_REQUIRED,NOT STARTED,DO_NOT_PUBLISH_RESTRICTED_OR_UNAPPROVED,NOT_RELEASED,"Internal review candidacy does not establish external publication, release, validation, transmission or manufacturing authority."
ZIP-0257,IMMUTABLE_SOURCE_ZIP_MEMBER,01_BASELINE_THROUGH_2026-08-24_1938Z/EMOPET_BASELINE_v3.0_CONTROLLED/11_REV_A2R1_CURRENT_UPDATE_2026-08-24/validation/WearQuality_Protocol.md,,WearQuality_Protocol,BATCH 2,UNASSIGNED,INTERNAL CONTROLLED HANDLING — SOURCE CLASSIFICATION NOT STATED,Engineering / Document Control — FUNCTIONAL OWNER / HUMAN ASSIGNMENT OPEN,SOURCE REVISION NOT STATED / NOT VERIFIED,CONTROLLED TEST INTENT — NO PASS CLAIM,VALIDATION PLAN — NOT RUN / EVIDENCE PENDING,RECONCILED 2026-08-27 — NOT RELEASED,INCLUSION TO DECIDE,INTERNAL_INCLUSION_DECISION_OPEN,EXPLICIT APPROVAL REQUIRED,EXPLICIT_PUBLICATION_APPROVAL_REQUIRED,NOT STARTED,DO_NOT_PUBLISH_RESTRICTED_OR_UNAPPROVED,NOT_RELEASED,"Internal review candidacy does not establish external publication, release, validation, transmission or manufacturing authority."
ZIP-0258,IMMUTABLE_SOURCE_ZIP_MEMBER,01_BASELINE_THROUGH_2026-08-24_1938Z/EMOPET_BASELINE_v3.0_CONTROLLED/11_VALIDATION_AND_EVIDENCE/VAL-000_EMOPET_Validation_Family_Index.csv,,VAL-000_EMOPET_Validation_Family_Index,BATCH 2,SCIENCE,INTERNAL CONTROLLED HANDLING — SOURCE CLASSIFICATION NOT STATED,Science / Evidence Review — FUNCTIONAL OWNER / HUMAN ASSIGNMENT OPEN,SOURCE REVISION NOT STATED / NOT VERIFIED,CANONICAL PROVENANCE / EXTRACTION CONTROL,CURRENT PROVENANCE AUTHORITY — NO CONTENT PROMOTION,RECONCILED 2026-08-27 — NOT RELEASED,INCLUSION TO DECIDE,INTERNAL_INCLUSION_DECISION_OPEN,EXPLICIT APPROVAL REQUIRED,EXPLICIT_PUBLICATION_APPROVAL_REQUIRED,NOT STARTED,DO_NOT_PUBLISH_RESTRICTED_OR_UNAPPROVED,NOT_RELEASED,"Internal review candidacy does not establish external publication, release, validation, transmission or manufacturing authority."
ZIP-0259,IMMUTABLE_SOURCE_ZIP_MEMBER,01_BASELINE_THROUGH_2026-08-24_1938Z/EMOPET_BASELINE_v3.0_CONTROLLED/11_VALIDATION_AND_EVIDENCE/VAL-000_EMOPET_Validation_Provenance_Record.md,,VAL-000_EMOPET_Validation_Provenance_Record,BATCH 2,SCIENCE,INTERNAL CONTROLLED HANDLING — SOURCE CLASSIFICATION NOT STATED,Science / Evidence Review — FUNCTIONAL OWNER / HUMAN ASSIGNMENT OPEN,SOURCE REVISION NOT STATED / NOT VERIFIED,CANONICAL PROVENANCE / EXTRACTION CONTROL,CURRENT PROVENANCE AUTHORITY — NO CONTENT PROMOTION,RECONCILED 2026-08-27 — NOT RELEASED,INCLUSION TO DECIDE,INTERNAL_INCLUSION_DECISION_OPEN,EXPLICIT APPROVAL REQUIRED,EXPLICIT_PUBLICATION_APPROVAL_REQUIRED,NOT STARTED,DO_NOT_PUBLISH_RESTRICTED_OR_UNAPPROVED,NOT_RELEASED,"Internal review candidacy does not establish external publication, release, validation, transmission or manufacturing authority."
ZIP-0260,IMMUTABLE_SOURCE_ZIP_MEMBER,01_BASELINE_THROUGH_2026-08-24_1938Z/EMOPET_BASELINE_v3.0_CONTROLLED/11_VALIDATION_AND_EVIDENCE/VAL-001_MAT_Phase0_Controller_v0.4_extracted/EMOPET_MAT_Phase0_Controller_v0.4/CHANGELOG.md,,CHANGELOG,BATCH 2,MAT,INTERNAL CONTROLLED HANDLING — SOURCE CLASSIFICATION NOT STATED,Science / Evidence Review — FUNCTIONAL OWNER / HUMAN ASSIGNMENT OPEN,SOURCE REVISION NOT STATED / NOT VERIFIED,ARCHIVE-EXTRACTED SOURCE MEMBER — 84/84 BYTE-IDENTICAL,HISTORICAL VALIDATION/SOURCE SNAPSHOT — PARTIALLY SUPERSEDED,RECONCILED 2026-08-27 — NOT RELEASED,INCLUSION TO DECIDE,INTERNAL_INCLUSION_DECISION_OPEN,EXPLICIT APPROVAL REQUIRED,EXPLICIT_PUBLICATION_APPROVAL_REQUIRED,NOT STARTED,DO_NOT_PUBLISH_RESTRICTED_OR_UNAPPROVED,NOT_RELEASED,"Internal review candidacy does not establish external publication, release, validation, transmission or manufacturing authority."
ZIP-0261,IMMUTABLE_SOURCE_ZIP_MEMBER,01_BASELINE_THROUGH_2026-08-24_1938Z/EMOPET_BASELINE_v3.0_CONTROLLED/11_VALIDATION_AND_EVIDENCE/VAL-001_MAT_Phase0_Controller_v0.4_extracted/EMOPET_MAT_Phase0_Controller_v0.4/OFFICIAL_SOURCE_URLS.md,,OFFICIAL_SOURCE_URLS,BATCH 2,MAT,INTERNAL CONTROLLED HANDLING — SOURCE CLASSIFICATION NOT STATED,Science / Evidence Review — FUNCTIONAL OWNER / HUMAN ASSIGNMENT OPEN,SOURCE REVISION NOT STATED / NOT VERIFIED,ARCHIVE-EXTRACTED SOURCE MEMBER — 84/84 BYTE-IDENTICAL,HISTORICAL VALIDATION/SOURCE SNAPSHOT — PARTIALLY SUPERSEDED,RECONCILED 2026-08-27 — NOT RELEASED,INCLUSION TO DECIDE,INTERNAL_INCLUSION_DECISION_OPEN,EXPLICIT APPROVAL REQUIRED,EXPLICIT_PUBLICATION_APPROVAL_REQUIRED,NOT STARTED,DO_NOT_PUBLISH_RESTRICTED_OR_UNAPPROVED,NOT_RELEASED,"Internal review candidacy does not establish external publication, release, validation, transmission or manufacturing authority."
ZIP-0262,IMMUTABLE_SOURCE_ZIP_MEMBER,01_BASELINE_THROUGH_2026-08-24_1938Z/EMOPET_BASELINE_v3.0_CONTROLLED/11_VALIDATION_AND_EVIDENCE/VAL-001_MAT_Phase0_Controller_v0.4_extracted/EMOPET_MAT_Phase0_Controller_v0.4/README.md,,README,BATCH 2,MAT,INTERNAL CONTROLLED HANDLING — SOURCE CLASSIFICATION NOT STATED,Science / Evidence Review — FUNCTIONAL OWNER / HUMAN ASSIGNMENT OPEN,SOURCE REVISION NOT STATED / NOT VERIFIED,ARCHIVE-EXTRACTED SOURCE MEMBER — 84/84 BYTE-IDENTICAL,HISTORICAL VALIDATION/SOURCE SNAPSHOT — PARTIALLY SUPERSEDED,RECONCILED 2026-08-27 — NOT RELEASED,INCLUSION TO DECIDE,INTERNAL_INCLUSION_DECISION_OPEN,EXPLICIT APPROVAL REQUIRED,EXPLICIT_PUBLICATION_APPROVAL_REQUIRED,NOT STARTED,DO_NOT_PUBLISH_RESTRICTED_OR_UNAPPROVED,NOT_RELEASED,"Internal review candidacy does not establish external publication, release, validation, transmission or manufacturing authority."
ZIP-0263,IMMUTABLE_SOURCE_ZIP_MEMBER,01_BASELINE_THROUGH_2026-08-24_1938Z/EMOPET_BASELINE_v3.0_CONTROLLED/11_VALIDATION_AND_EVIDENCE/VAL-001_MAT_Phase0_Controller_v0.4_extracted/EMOPET_MAT_Phase0_Controller_v0.4/SHA256SUMS.txt,,SHA256SUMS,BATCH 2,MAT,INTERNAL CONTROLLED HANDLING — SOURCE CLASSIFICATION NOT STATED,Science / Evidence Review — FUNCTIONAL OWNER / HUMAN ASSIGNMENT OPEN,SOURCE REVISION NOT STATED / NOT VERIFIED,ARCHIVE-EXTRACTED SOURCE MEMBER — 84/84 BYTE-IDENTICAL,HISTORICAL VALIDATION/SOURCE SNAPSHOT — PARTIALLY SUPERSEDED,RECONCILED 2026-08-27 — NOT RELEASED,INCLUSION TO DECIDE,INTERNAL_INCLUSION_DECISION_OPEN,EXPLICIT APPROVAL REQUIRED,EXPLICIT_PUBLICATION_APPROVAL_REQUIRED,NOT STARTED,DO_NOT_PUBLISH_RESTRICTED_OR_UNAPPROVED,NOT_RELEASED,"Internal review candidacy does not establish external publication, release, validation, transmission or manufacturing authority."
ZIP-0264,IMMUTABLE_SOURCE_ZIP_MEMBER,01_BASELINE_THROUGH_2026-08-24_1938Z/EMOPET_BASELINE_v3.0_CONTROLLED/11_VALIDATION_AND_EVIDENCE/VAL-001_MAT_Phase0_Controller_v0.4_extracted/EMOPET_MAT_Phase0_Controller_v0.4/deliverables/EMOPET_MAT_Phase0_Bench_Execution_Pack_v0.4.docx,,EMOPET_MAT_Phase0_Bench_Execution_Pack_v0.4,BATCH 2,MAT,INTERNAL STRICT - CONTROLLED ENGINEERING DRAFT,Science / Evidence Review — FUNCTIONAL OWNER / HUMAN ASSIGNMENT OPEN,1,ARCHIVE-EXTRACTED SOURCE MEMBER — 84/84 BYTE-IDENTICAL,HISTORICAL VALIDATION/SOURCE SNAPSHOT — PARTIALLY SUPERSEDED,RECONCILED 2026-08-27 — NOT RELEASED,INCLUSION TO DECIDE,INTERNAL_INCLUSION_DECISION_OPEN,EXPLICIT APPROVAL REQUIRED,EXPLICIT_PUBLICATION_APPROVAL_REQUIRED,NOT STARTED,DO_NOT_PUBLISH_RESTRICTED_OR_UNAPPROVED,NOT_RELEASED,"Internal review candidacy does not establish external publication, release, validation, transmission or manufacturing authority."
ZIP-0265,IMMUTABLE_SOURCE_ZIP_MEMBER,01_BASELINE_THROUGH_2026-08-24_1938Z/EMOPET_BASELINE_v3.0_CONTROLLED/11_VALIDATION_AND_EVIDENCE/VAL-001_MAT_Phase0_Controller_v0.4_extracted/EMOPET_MAT_Phase0_Controller_v0.4/deliverables/EMOPET_MAT_Phase0_Engineering_Registers_v0.4.xlsx,,EMOPET_MAT_Phase0_Engineering_Registers_v0.4,BATCH 2,MAT,INTERNAL CONTROLLED HANDLING — SOURCE CLASSIFICATION NOT STATED,Science / Evidence Review — FUNCTIONAL OWNER / HUMAN ASSIGNMENT OPEN,SOURCE REVISION NOT STATED / NOT VERIFIED,ARCHIVE-EXTRACTED SOURCE MEMBER — 84/84 BYTE-IDENTICAL,HISTORICAL VALIDATION/SOURCE SNAPSHOT — PARTIALLY SUPERSEDED,RECONCILED 2026-08-27 — NOT RELEASED,INCLUSION TO DECIDE,INTERNAL_INCLUSION_DECISION_OPEN,EXPLICIT APPROVAL REQUIRED,EXPLICIT_PUBLICATION_APPROVAL_REQUIRED,NOT STARTED,DO_NOT_PUBLISH_RESTRICTED_OR_UNAPPROVED,NOT_RELEASED,"Internal review candidacy does not establish external publication, release, validation, transmission or manufacturing authority."
ZIP-0266,IMMUTABLE_SOURCE_ZIP_MEMBER,01_BASELINE_THROUGH_2026-08-24_1938Z/EMOPET_BASELINE_v3.0_CONTROLLED/11_VALIDATION_AND_EVIDENCE/VAL-001_MAT_Phase0_Controller_v0.4_extracted/EMOPET_MAT_Phase0_Controller_v0.4/deliverables/EMOPET_MAT_Phase0_Supplier_Safe_RFQ_v0.4.docx,SUP-001,EMOPET_MAT_Phase0_Supplier_Safe_RFQ_v0.4,BATCH 2,MAT,SUPPLIER-SAFE - PURPOSE LIMITED,Science / Evidence Review — FUNCTIONAL OWNER / HUMAN ASSIGNMENT OPEN,1,ARCHIVE-EXTRACTED SOURCE MEMBER — 84/84 BYTE-IDENTICAL,HISTORICAL VALIDATION/SOURCE SNAPSHOT — PARTIALLY SUPERSEDED,RECONCILED 2026-08-27 — NOT RELEASED,INCLUSION TO DECIDE,INTERNAL_INCLUSION_DECISION_OPEN,EXPLICIT APPROVAL REQUIRED,EXPLICIT_PUBLICATION_APPROVAL_REQUIRED,NOT STARTED,DO_NOT_PUBLISH_RESTRICTED_OR_UNAPPROVED,NOT_RELEASED,"Internal review candidacy does not establish external publication, release, validation, transmission or manufacturing authority."
ZIP-0267,IMMUTABLE_SOURCE_ZIP_MEMBER,01_BASELINE_THROUGH_2026-08-24_1938Z/EMOPET_BASELINE_v3.0_CONTROLLED/11_VALIDATION_AND_EVIDENCE/VAL-001_MAT_Phase0_Controller_v0.4_extracted/EMOPET_MAT_Phase0_Controller_v0.4/deliverables/EMOPET_Phase0_Bench_Dashboard_v0.4.png,,EMOPET_Phase0_Bench_Dashboard_v0.4,BATCH 2,MAT,INTERNAL CONTROLLED HANDLING — SOURCE CLASSIFICATION NOT STATED,Science / Evidence Review — FUNCTIONAL OWNER / HUMAN ASSIGNMENT OPEN,SOURCE REVISION NOT STATED / NOT VERIFIED,ARCHIVE-EXTRACTED SOURCE MEMBER — 84/84 BYTE-IDENTICAL,HISTORICAL VALIDATION/SOURCE SNAPSHOT — PARTIALLY SUPERSEDED,RECONCILED 2026-08-27 — NOT RELEASED,INCLUSION TO DECIDE,INTERNAL_INCLUSION_DECISION_OPEN,EXPLICIT APPROVAL REQUIRED,EXPLICIT_PUBLICATION_APPROVAL_REQUIRED,NOT STARTED,DO_NOT_PUBLISH_RESTRICTED_OR_UNAPPROVED,NOT_RELEASED,"Internal review candidacy does not establish external publication, release, validation, transmission or manufacturing authority."
ZIP-0268,IMMUTABLE_SOURCE_ZIP_MEMBER,01_BASELINE_THROUGH_2026-08-24_1938Z/EMOPET_BASELINE_v3.0_CONTROLLED/11_VALIDATION_AND_EVIDENCE/VAL-001_MAT_Phase0_Controller_v0.4_extracted/EMOPET_MAT_Phase0_Controller_v0.4/docs/01_Project_Specification.md,,01_Project_Specification,BATCH 2,MAT,INTERNAL CONTROLLED HANDLING — SOURCE CLASSIFICATION NOT STATED,Science / Evidence Review — FUNCTIONAL OWNER / HUMAN ASSIGNMENT OPEN,SOURCE REVISION NOT STATED / NOT VERIFIED,ARCHIVE-EXTRACTED SOURCE MEMBER — 84/84 BYTE-IDENTICAL,HISTORICAL VALIDATION/SOURCE SNAPSHOT — PARTIALLY SUPERSEDED,RECONCILED 2026-08-27 — NOT RELEASED,INCLUSION TO DECIDE,INTERNAL_INCLUSION_DECISION_OPEN,EXPLICIT APPROVAL REQUIRED,EXPLICIT_PUBLICATION_APPROVAL_REQUIRED,NOT STARTED,DO_NOT_PUBLISH_RESTRICTED_OR_UNAPPROVED,NOT_RELEASED,"Internal review candidacy does not establish external publication, release, validation, transmission or manufacturing authority."
ZIP-0269,IMMUTABLE_SOURCE_ZIP_MEMBER,01_BASELINE_THROUGH_2026-08-24_1938Z/EMOPET_BASELINE_v3.0_CONTROLLED/11_VALIDATION_AND_EVIDENCE/VAL-001_MAT_Phase0_Controller_v0.4_extracted/EMOPET_MAT_Phase0_Controller_v0.4/docs/02_System_and_Hardware_Requirements.md,,02_System_and_Hardware_Requirements,BATCH 2,MAT,INTERNAL CONTROLLED HANDLING — SOURCE CLASSIFICATION NOT STATED,Science / Evidence Review — FUNCTIONAL OWNER / HUMAN ASSIGNMENT OPEN,SOURCE REVISION NOT STATED / NOT VERIFIED,ARCHIVE-EXTRACTED SOURCE MEMBER — 84/84 BYTE-IDENTICAL,HISTORICAL VALIDATION/SOURCE SNAPSHOT — PARTIALLY SUPERSEDED,RECONCILED 2026-08-27 — NOT RELEASED,INCLUSION TO DECIDE,INTERNAL_INCLUSION_DECISION_OPEN,EXPLICIT APPROVAL REQUIRED,EXPLICIT_PUBLICATION_APPROVAL_REQUIRED,NOT STARTED,DO_NOT_PUBLISH_RESTRICTED_OR_UNAPPROVED,NOT_RELEASED,"Internal review candidacy does not establish external publication, release, validation, transmission or manufacturing authority."
ZIP-0270,IMMUTABLE_SOURCE_ZIP_MEMBER,01_BASELINE_THROUGH_2026-08-24_1938Z/EMOPET_BASELINE_v3.0_CONTROLLED/11_VALIDATION_AND_EVIDENCE/VAL-001_MAT_Phase0_Controller_v0.4_extracted/EMOPET_MAT_Phase0_Controller_v0.4/docs/03_Architecture_and_Interface_Control.md,,03_Architecture_and_Interface_Control,BATCH 2,MAT,INTERNAL CONTROLLED HANDLING — SOURCE CLASSIFICATION NOT STATED,Science / Evidence Review — FUNCTIONAL OWNER / HUMAN ASSIGNMENT OPEN,SOURCE REVISION NOT STATED / NOT VERIFIED,ARCHIVE-EXTRACTED SOURCE MEMBER — 84/84 BYTE-IDENTICAL,HISTORICAL VALIDATION/SOURCE SNAPSHOT — PARTIALLY SUPERSEDED,RECONCILED 2026-08-27 — NOT RELEASED,INCLUSION TO DECIDE,INTERNAL_INCLUSION_DECISION_OPEN,EXPLICIT APPROVAL REQUIRED,EXPLICIT_PUBLICATION_APPROVAL_REQUIRED,NOT STARTED,DO_NOT_PUBLISH_RESTRICTED_OR_UNAPPROVED,NOT_RELEASED,"Internal review candidacy does not establish external publication, release, validation, transmission or manufacturing authority."
ZIP-0271,IMMUTABLE_SOURCE_ZIP_MEMBER,01_BASELINE_THROUGH_2026-08-24_1938Z/EMOPET_BASELINE_v3.0_CONTROLLED/11_VALIDATION_AND_EVIDENCE/VAL-001_MAT_Phase0_Controller_v0.4_extracted/EMOPET_MAT_Phase0_Controller_v0.4/docs/04_Software_Requirements_and_Firmware_Architecture.md,,04_Software_Requirements_and_Firmware_Architecture,BATCH 2,MAT,INTERNAL CONTROLLED HANDLING — SOURCE CLASSIFICATION NOT STATED,Science / Evidence Review — FUNCTIONAL OWNER / HUMAN ASSIGNMENT OPEN,SOURCE REVISION NOT STATED / NOT VERIFIED,ARCHIVE-EXTRACTED SOURCE MEMBER — 84/84 BYTE-IDENTICAL,HISTORICAL VALIDATION/SOURCE SNAPSHOT — PARTIALLY SUPERSEDED,RECONCILED 2026-08-27 — NOT RELEASED,INCLUSION TO DECIDE,INTERNAL_INCLUSION_DECISION_OPEN,EXPLICIT APPROVAL REQUIRED,EXPLICIT_PUBLICATION_APPROVAL_REQUIRED,NOT STARTED,DO_NOT_PUBLISH_RESTRICTED_OR_UNAPPROVED,NOT_RELEASED,"Internal review candidacy does not establish external publication, release, validation, transmission or manufacturing authority."
ZIP-0272,IMMUTABLE_SOURCE_ZIP_MEMBER,01_BASELINE_THROUGH_2026-08-24_1938Z/EMOPET_BASELINE_v3.0_CONTROLLED/11_VALIDATION_AND_EVIDENCE/VAL-001_MAT_Phase0_Controller_v0.4_extracted/EMOPET_MAT_Phase0_Controller_v0.4/docs/05_Signal_Processing_Specification.md,,05_Signal_Processing_Specification,BATCH 2,MAT,INTERNAL CONTROLLED HANDLING — SOURCE CLASSIFICATION NOT STATED,Science / Evidence Review — FUNCTIONAL OWNER / HUMAN ASSIGNMENT OPEN,SOURCE REVISION NOT STATED / NOT VERIFIED,ARCHIVE-EXTRACTED SOURCE MEMBER — 84/84 BYTE-IDENTICAL,HISTORICAL VALIDATION/SOURCE SNAPSHOT — PARTIALLY SUPERSEDED,RECONCILED 2026-08-27 — NOT RELEASED,INCLUSION TO DECIDE,INTERNAL_INCLUSION_DECISION_OPEN,EXPLICIT APPROVAL REQUIRED,EXPLICIT_PUBLICATION_APPROVAL_REQUIRED,NOT STARTED,DO_NOT_PUBLISH_RESTRICTED_OR_UNAPPROVED,NOT_RELEASED,"Internal review candidacy does not establish external publication, release, validation, transmission or manufacturing authority."
ZIP-0273,IMMUTABLE_SOURCE_ZIP_MEMBER,01_BASELINE_THROUGH_2026-08-24_1938Z/EMOPET_BASELINE_v3.0_CONTROLLED/11_VALIDATION_AND_EVIDENCE/VAL-001_MAT_Phase0_Controller_v0.4_extracted/EMOPET_MAT_Phase0_Controller_v0.4/docs/06_Timing_and_Synchronization_Specification.md,,06_Timing_and_Synchronization_Specification,BATCH 2,MAT,INTERNAL CONTROLLED HANDLING — SOURCE CLASSIFICATION NOT STATED,Science / Evidence Review — FUNCTIONAL OWNER / HUMAN ASSIGNMENT OPEN,SOURCE REVISION NOT STATED / NOT VERIFIED,ARCHIVE-EXTRACTED SOURCE MEMBER — 84/84 BYTE-IDENTICAL,HISTORICAL VALIDATION/SOURCE SNAPSHOT — PARTIALLY SUPERSEDED,RECONCILED 2026-08-27 — NOT RELEASED,INCLUSION TO DECIDE,INTERNAL_INCLUSION_DECISION_OPEN,EXPLICIT APPROVAL REQUIRED,EXPLICIT_PUBLICATION_APPROVAL_REQUIRED,NOT STARTED,DO_NOT_PUBLISH_RESTRICTED_OR_UNAPPROVED,NOT_RELEASED,"Internal review candidacy does not establish external publication, release, validation, transmission or manufacturing authority."
ZIP-0274,IMMUTABLE_SOURCE_ZIP_MEMBER,01_BASELINE_THROUGH_2026-08-24_1938Z/EMOPET_BASELINE_v3.0_CONTROLLED/11_VALIDATION_AND_EVIDENCE/VAL-001_MAT_Phase0_Controller_v0.4_extracted/EMOPET_MAT_Phase0_Controller_v0.4/docs/07_Data_Model_and_Dataset_Manifest.md,,07_Data_Model_and_Dataset_Manifest,BATCH 2,MAT,INTERNAL CONTROLLED HANDLING — SOURCE CLASSIFICATION NOT STATED,Science / Evidence Review — FUNCTIONAL OWNER / HUMAN ASSIGNMENT OPEN,SOURCE REVISION NOT STATED / NOT VERIFIED,ARCHIVE-EXTRACTED SOURCE MEMBER — 84/84 BYTE-IDENTICAL,HISTORICAL VALIDATION/SOURCE SNAPSHOT — PARTIALLY SUPERSEDED,RECONCILED 2026-08-27 — NOT RELEASED,INCLUSION TO DECIDE,INTERNAL_INCLUSION_DECISION_OPEN,EXPLICIT APPROVAL REQUIRED,EXPLICIT_PUBLICATION_APPROVAL_REQUIRED,NOT STARTED,DO_NOT_PUBLISH_RESTRICTED_OR_UNAPPROVED,NOT_RELEASED,"Internal review candidacy does not establish external publication, release, validation, transmission or manufacturing authority."
ZIP-0275,IMMUTABLE_SOURCE_ZIP_MEMBER,01_BASELINE_THROUGH_2026-08-24_1938Z/EMOPET_BASELINE_v3.0_CONTROLLED/11_VALIDATION_AND_EVIDENCE/VAL-001_MAT_Phase0_Controller_v0.4_extracted/EMOPET_MAT_Phase0_Controller_v0.4/docs/08_Communications_and_Security_Specification.md,,08_Communications_and_Security_Specification,BATCH 2,MAT,INTERNAL CONTROLLED HANDLING — SOURCE CLASSIFICATION NOT STATED,Science / Evidence Review — FUNCTIONAL OWNER / HUMAN ASSIGNMENT OPEN,SOURCE REVISION NOT STATED / NOT VERIFIED,ARCHIVE-EXTRACTED SOURCE MEMBER — 84/84 BYTE-IDENTICAL,HISTORICAL VALIDATION/SOURCE SNAPSHOT — PARTIALLY SUPERSEDED,RECONCILED 2026-08-27 — NOT RELEASED,INCLUSION TO DECIDE,INTERNAL_INCLUSION_DECISION_OPEN,EXPLICIT APPROVAL REQUIRED,EXPLICIT_PUBLICATION_APPROVAL_REQUIRED,NOT STARTED,DO_NOT_PUBLISH_RESTRICTED_OR_UNAPPROVED,NOT_RELEASED,"Internal review candidacy does not establish external publication, release, validation, transmission or manufacturing authority."
ZIP-0276,IMMUTABLE_SOURCE_ZIP_MEMBER,01_BASELINE_THROUGH_2026-08-24_1938Z/EMOPET_BASELINE_v3.0_CONTROLLED/11_VALIDATION_AND_EVIDENCE/VAL-001_MAT_Phase0_Controller_v0.4_extracted/EMOPET_MAT_Phase0_Controller_v0.4/docs/09_Power_and_Electrical_Safety_Specification.md,,09_Power_and_Electrical_Safety_Specification,BATCH 2,MAT,INTERNAL CONTROLLED HANDLING — SOURCE CLASSIFICATION NOT STATED,Science / Evidence Review — FUNCTIONAL OWNER / HUMAN ASSIGNMENT OPEN,SOURCE REVISION NOT STATED / NOT VERIFIED,ARCHIVE-EXTRACTED SOURCE MEMBER — 84/84 BYTE-IDENTICAL,HISTORICAL VALIDATION/SOURCE SNAPSHOT — PARTIALLY SUPERSEDED,RECONCILED 2026-08-27 — NOT RELEASED,INCLUSION TO DECIDE,INTERNAL_INCLUSION_DECISION_OPEN,EXPLICIT APPROVAL REQUIRED,EXPLICIT_PUBLICATION_APPROVAL_REQUIRED,NOT STARTED,DO_NOT_PUBLISH_RESTRICTED_OR_UNAPPROVED,NOT_RELEASED,"Internal review candidacy does not establish external publication, release, validation, transmission or manufacturing authority."
ZIP-0277,IMMUTABLE_SOURCE_ZIP_MEMBER,01_BASELINE_THROUGH_2026-08-24_1938Z/EMOPET_BASELINE_v3.0_CONTROLLED/11_VALIDATION_AND_EVIDENCE/VAL-001_MAT_Phase0_Controller_v0.4_extracted/EMOPET_MAT_Phase0_Controller_v0.4/docs/10_Mechanical_Interface_and_Bench_Configuration.md,,10_Mechanical_Interface_and_Bench_Configuration,BATCH 2,MAT,INTERNAL CONTROLLED HANDLING — SOURCE CLASSIFICATION NOT STATED,Science / Evidence Review — FUNCTIONAL OWNER / HUMAN ASSIGNMENT OPEN,SOURCE REVISION NOT STATED / NOT VERIFIED,ARCHIVE-EXTRACTED SOURCE MEMBER — 84/84 BYTE-IDENTICAL,HISTORICAL VALIDATION/SOURCE SNAPSHOT — PARTIALLY SUPERSEDED,RECONCILED 2026-08-27 — NOT RELEASED,INCLUSION TO DECIDE,INTERNAL_INCLUSION_DECISION_OPEN,EXPLICIT APPROVAL REQUIRED,EXPLICIT_PUBLICATION_APPROVAL_REQUIRED,NOT STARTED,DO_NOT_PUBLISH_RESTRICTED_OR_UNAPPROVED,NOT_RELEASED,"Internal review candidacy does not establish external publication, release, validation, transmission or manufacturing authority."
ZIP-0278,IMMUTABLE_SOURCE_ZIP_MEMBER,01_BASELINE_THROUGH_2026-08-24_1938Z/EMOPET_BASELINE_v3.0_CONTROLLED/11_VALIDATION_AND_EVIDENCE/VAL-001_MAT_Phase0_Controller_v0.4_extracted/EMOPET_MAT_Phase0_Controller_v0.4/docs/11_Verification_and_Validation_Plan.md,,11_Verification_and_Validation_Plan,BATCH 2,MAT,INTERNAL CONTROLLED HANDLING — SOURCE CLASSIFICATION NOT STATED,Science / Evidence Review — FUNCTIONAL OWNER / HUMAN ASSIGNMENT OPEN,SOURCE REVISION NOT STATED / NOT VERIFIED,ARCHIVE-EXTRACTED SOURCE MEMBER — 84/84 BYTE-IDENTICAL,HISTORICAL VALIDATION/SOURCE SNAPSHOT — PARTIALLY SUPERSEDED,RECONCILED 2026-08-27 — NOT RELEASED,INCLUSION TO DECIDE,INTERNAL_INCLUSION_DECISION_OPEN,EXPLICIT APPROVAL REQUIRED,EXPLICIT_PUBLICATION_APPROVAL_REQUIRED,NOT STARTED,DO_NOT_PUBLISH_RESTRICTED_OR_UNAPPROVED,NOT_RELEASED,"Internal review candidacy does not establish external publication, release, validation, transmission or manufacturing authority."
ZIP-0279,IMMUTABLE_SOURCE_ZIP_MEMBER,01_BASELINE_THROUGH_2026-08-24_1938Z/EMOPET_BASELINE_v3.0_CONTROLLED/11_VALIDATION_AND_EVIDENCE/VAL-001_MAT_Phase0_Controller_v0.4_extracted/EMOPET_MAT_Phase0_Controller_v0.4/docs/12_Risk_Management_File.md,,12_Risk_Management_File,BATCH 2,MAT,INTERNAL CONTROLLED HANDLING — SOURCE CLASSIFICATION NOT STATED,Science / Evidence Review — FUNCTIONAL OWNER / HUMAN ASSIGNMENT OPEN,SOURCE REVISION NOT STATED / NOT VERIFIED,ARCHIVE-EXTRACTED SOURCE MEMBER — 84/84 BYTE-IDENTICAL,HISTORICAL VALIDATION/SOURCE SNAPSHOT — PARTIALLY SUPERSEDED,RECONCILED 2026-08-27 — NOT RELEASED,INCLUSION TO DECIDE,INTERNAL_INCLUSION_DECISION_OPEN,EXPLICIT APPROVAL REQUIRED,EXPLICIT_PUBLICATION_APPROVAL_REQUIRED,NOT STARTED,DO_NOT_PUBLISH_RESTRICTED_OR_UNAPPROVED,NOT_RELEASED,"Internal review candidacy does not establish external publication, release, validation, transmission or manufacturing authority."
ZIP-0280,IMMUTABLE_SOURCE_ZIP_MEMBER,01_BASELINE_THROUGH_2026-08-24_1938Z/EMOPET_BASELINE_v3.0_CONTROLLED/11_VALIDATION_AND_EVIDENCE/VAL-001_MAT_Phase0_Controller_v0.4_extracted/EMOPET_MAT_Phase0_Controller_v0.4/docs/13_Manufacturing_and_Release_Readiness.md,,13_Manufacturing_and_Release_Readiness,BATCH 2,MAT,INTERNAL CONTROLLED HANDLING — SOURCE CLASSIFICATION NOT STATED,Science / Evidence Review — FUNCTIONAL OWNER / HUMAN ASSIGNMENT OPEN,SOURCE REVISION NOT STATED / NOT VERIFIED,ARCHIVE-EXTRACTED SOURCE MEMBER — 84/84 BYTE-IDENTICAL,HISTORICAL VALIDATION/SOURCE SNAPSHOT — PARTIALLY SUPERSEDED,RECONCILED 2026-08-27 — NOT RELEASED,INCLUSION TO DECIDE,INTERNAL_INCLUSION_DECISION_OPEN,EXPLICIT APPROVAL REQUIRED,EXPLICIT_PUBLICATION_APPROVAL_REQUIRED,NOT STARTED,DO_NOT_PUBLISH_RESTRICTED_OR_UNAPPROVED,NOT_RELEASED,"Internal review candidacy does not establish external publication, release, validation, transmission or manufacturing authority."
ZIP-0281,IMMUTABLE_SOURCE_ZIP_MEMBER,01_BASELINE_THROUGH_2026-08-24_1938Z/EMOPET_BASELINE_v3.0_CONTROLLED/11_VALIDATION_AND_EVIDENCE/VAL-001_MAT_Phase0_Controller_v0.4_extracted/EMOPET_MAT_Phase0_Controller_v0.4/docs/14_Decision_Approval_and_Open_Item_Register.md,,14_Decision_Approval_and_Open_Item_Register,BATCH 2,MAT,INTERNAL CONTROLLED HANDLING — SOURCE CLASSIFICATION NOT STATED,Science / Evidence Review — FUNCTIONAL OWNER / HUMAN ASSIGNMENT OPEN,SOURCE REVISION NOT STATED / NOT VERIFIED,ARCHIVE-EXTRACTED SOURCE MEMBER — 84/84 BYTE-IDENTICAL,HISTORICAL VALIDATION/SOURCE SNAPSHOT — PARTIALLY SUPERSEDED,RECONCILED 2026-08-27 — NOT RELEASED,INCLUSION TO DECIDE,INTERNAL_INCLUSION_DECISION_OPEN,EXPLICIT APPROVAL REQUIRED,EXPLICIT_PUBLICATION_APPROVAL_REQUIRED,NOT STARTED,DO_NOT_PUBLISH_RESTRICTED_OR_UNAPPROVED,NOT_RELEASED,"Internal review candidacy does not establish external publication, release, validation, transmission or manufacturing authority."
ZIP-0282,IMMUTABLE_SOURCE_ZIP_MEMBER,01_BASELINE_THROUGH_2026-08-24_1938Z/EMOPET_BASELINE_v3.0_CONTROLLED/11_VALIDATION_AND_EVIDENCE/VAL-001_MAT_Phase0_Controller_v0.4_extracted/EMOPET_MAT_Phase0_Controller_v0.4/docs/15_Phase0_Execution_Checklist.md,,15_Phase0_Execution_Checklist,BATCH 2,MAT,INTERNAL CONTROLLED HANDLING — SOURCE CLASSIFICATION NOT STATED,Science / Evidence Review — FUNCTIONAL OWNER / HUMAN ASSIGNMENT OPEN,SOURCE REVISION NOT STATED / NOT VERIFIED,ARCHIVE-EXTRACTED SOURCE MEMBER — 84/84 BYTE-IDENTICAL,HISTORICAL VALIDATION/SOURCE SNAPSHOT — PARTIALLY SUPERSEDED,RECONCILED 2026-08-27 — NOT RELEASED,INCLUSION TO DECIDE,INTERNAL_INCLUSION_DECISION_OPEN,EXPLICIT APPROVAL REQUIRED,EXPLICIT_PUBLICATION_APPROVAL_REQUIRED,NOT STARTED,DO_NOT_PUBLISH_RESTRICTED_OR_UNAPPROVED,NOT_RELEASED,"Internal review candidacy does not establish external publication, release, validation, transmission or manufacturing authority."
ZIP-0283,IMMUTABLE_SOURCE_ZIP_MEMBER,01_BASELINE_THROUGH_2026-08-24_1938Z/EMOPET_BASELINE_v3.0_CONTROLLED/11_VALIDATION_AND_EVIDENCE/VAL-001_MAT_Phase0_Controller_v0.4_extracted/EMOPET_MAT_Phase0_Controller_v0.4/docs/16_Component_Candidate_and_Source_Data_Register.md,,16_Component_Candidate_and_Source_Data_Register,BATCH 2,MAT,INTERNAL CONTROLLED HANDLING — SOURCE CLASSIFICATION NOT STATED,Science / Evidence Review — FUNCTIONAL OWNER / HUMAN ASSIGNMENT OPEN,SOURCE REVISION NOT STATED / NOT VERIFIED,ARCHIVE-EXTRACTED SOURCE MEMBER — 84/84 BYTE-IDENTICAL,HISTORICAL VALIDATION/SOURCE SNAPSHOT — PARTIALLY SUPERSEDED,RECONCILED 2026-08-27 — NOT RELEASED,INCLUSION TO DECIDE,INTERNAL_INCLUSION_DECISION_OPEN,EXPLICIT APPROVAL REQUIRED,EXPLICIT_PUBLICATION_APPROVAL_REQUIRED,NOT STARTED,DO_NOT_PUBLISH_RESTRICTED_OR_UNAPPROVED,NOT_RELEASED,"Internal review candidacy does not establish external publication, release, validation, transmission or manufacturing authority."
ZIP-0284,IMMUTABLE_SOURCE_ZIP_MEMBER,01_BASELINE_THROUGH_2026-08-24_1938Z/EMOPET_BASELINE_v3.0_CONTROLLED/11_VALIDATION_AND_EVIDENCE/VAL-001_MAT_Phase0_Controller_v0.4_extracted/EMOPET_MAT_Phase0_Controller_v0.4/docs/17_Phase0_Bench_Acquisition_Architecture.md,,17_Phase0_Bench_Acquisition_Architecture,BATCH 2,MAT,INTERNAL CONTROLLED HANDLING — SOURCE CLASSIFICATION NOT STATED,Science / Evidence Review — FUNCTIONAL OWNER / HUMAN ASSIGNMENT OPEN,SOURCE REVISION NOT STATED / NOT VERIFIED,ARCHIVE-EXTRACTED SOURCE MEMBER — 84/84 BYTE-IDENTICAL,HISTORICAL VALIDATION/SOURCE SNAPSHOT — PARTIALLY SUPERSEDED,RECONCILED 2026-08-27 — NOT RELEASED,INCLUSION TO DECIDE,INTERNAL_INCLUSION_DECISION_OPEN,EXPLICIT APPROVAL REQUIRED,EXPLICIT_PUBLICATION_APPROVAL_REQUIRED,NOT STARTED,DO_NOT_PUBLISH_RESTRICTED_OR_UNAPPROVED,NOT_RELEASED,"Internal review candidacy does not establish external publication, release, validation, transmission or manufacturing authority."
ZIP-0285,IMMUTABLE_SOURCE_ZIP_MEMBER,01_BASELINE_THROUGH_2026-08-24_1938Z/EMOPET_BASELINE_v3.0_CONTROLLED/11_VALIDATION_AND_EVIDENCE/VAL-001_MAT_Phase0_Controller_v0.4_extracted/EMOPET_MAT_Phase0_Controller_v0.4/docs/18_Procurement_and_Evaluation_Plan.md,,18_Procurement_and_Evaluation_Plan,BATCH 2,MAT,INTERNAL CONTROLLED HANDLING — SOURCE CLASSIFICATION NOT STATED,Science / Evidence Review — FUNCTIONAL OWNER / HUMAN ASSIGNMENT OPEN,SOURCE REVISION NOT STATED / NOT VERIFIED,ARCHIVE-EXTRACTED SOURCE MEMBER — 84/84 BYTE-IDENTICAL,HISTORICAL VALIDATION/SOURCE SNAPSHOT — PARTIALLY SUPERSEDED,RECONCILED 2026-08-27 — NOT RELEASED,INCLUSION TO DECIDE,INTERNAL_INCLUSION_DECISION_OPEN,EXPLICIT APPROVAL REQUIRED,EXPLICIT_PUBLICATION_APPROVAL_REQUIRED,NOT STARTED,DO_NOT_PUBLISH_RESTRICTED_OR_UNAPPROVED,NOT_RELEASED,"Internal review candidacy does not establish external publication, release, validation, transmission or manufacturing authority."
ZIP-0286,IMMUTABLE_SOURCE_ZIP_MEMBER,01_BASELINE_THROUGH_2026-08-24_1938Z/EMOPET_BASELINE_v3.0_CONTROLLED/11_VALIDATION_AND_EVIDENCE/VAL-001_MAT_Phase0_Controller_v0.4_extracted/EMOPET_MAT_Phase0_Controller_v0.4/docs/19_Datasheet_Review_Checklist.md,,19_Datasheet_Review_Checklist,BATCH 2,MAT,INTERNAL CONTROLLED HANDLING — SOURCE CLASSIFICATION NOT STATED,Science / Evidence Review — FUNCTIONAL OWNER / HUMAN ASSIGNMENT OPEN,SOURCE REVISION NOT STATED / NOT VERIFIED,ARCHIVE-EXTRACTED SOURCE MEMBER — 84/84 BYTE-IDENTICAL,HISTORICAL VALIDATION/SOURCE SNAPSHOT — PARTIALLY SUPERSEDED,RECONCILED 2026-08-27 — NOT RELEASED,INCLUSION TO DECIDE,INTERNAL_INCLUSION_DECISION_OPEN,EXPLICIT APPROVAL REQUIRED,EXPLICIT_PUBLICATION_APPROVAL_REQUIRED,NOT STARTED,DO_NOT_PUBLISH_RESTRICTED_OR_UNAPPROVED,NOT_RELEASED,"Internal review candidacy does not establish external publication, release, validation, transmission or manufacturing authority."
ZIP-0287,IMMUTABLE_SOURCE_ZIP_MEMBER,01_BASELINE_THROUGH_2026-08-24_1938Z/EMOPET_BASELINE_v3.0_CONTROLLED/11_VALIDATION_AND_EVIDENCE/VAL-001_MAT_Phase0_Controller_v0.4_extracted/EMOPET_MAT_Phase0_Controller_v0.4/docs/20_Component_Decision_Gates.md,,20_Component_Decision_Gates,BATCH 2,MAT,INTERNAL CONTROLLED HANDLING — SOURCE CLASSIFICATION NOT STATED,Science / Evidence Review — FUNCTIONAL OWNER / HUMAN ASSIGNMENT OPEN,SOURCE REVISION NOT STATED / NOT VERIFIED,ARCHIVE-EXTRACTED SOURCE MEMBER — 84/84 BYTE-IDENTICAL,HISTORICAL VALIDATION/SOURCE SNAPSHOT — PARTIALLY SUPERSEDED,RECONCILED 2026-08-27 — NOT RELEASED,INCLUSION TO DECIDE,INTERNAL_INCLUSION_DECISION_OPEN,EXPLICIT APPROVAL REQUIRED,EXPLICIT_PUBLICATION_APPROVAL_REQUIRED,NOT STARTED,DO_NOT_PUBLISH_RESTRICTED_OR_UNAPPROVED,NOT_RELEASED,"Internal review candidacy does not establish external publication, release, validation, transmission or manufacturing authority."
ZIP-0288,IMMUTABLE_SOURCE_ZIP_MEMBER,01_BASELINE_THROUGH_2026-08-24_1938Z/EMOPET_BASELINE_v3.0_CONTROLLED/11_VALIDATION_AND_EVIDENCE/VAL-001_MAT_Phase0_Controller_v0.4_extracted/EMOPET_MAT_Phase0_Controller_v0.4/docs/21_Phase0_Bench_Execution_Protocol.md,,21_Phase0_Bench_Execution_Protocol,BATCH 2,MAT,INTERNAL CONTROLLED HANDLING — SOURCE CLASSIFICATION NOT STATED,Science / Evidence Review — FUNCTIONAL OWNER / HUMAN ASSIGNMENT OPEN,SOURCE REVISION NOT STATED / NOT VERIFIED,ARCHIVE-EXTRACTED SOURCE MEMBER — 84/84 BYTE-IDENTICAL,HISTORICAL VALIDATION/SOURCE SNAPSHOT — PARTIALLY SUPERSEDED,RECONCILED 2026-08-27 — NOT RELEASED,INCLUSION TO DECIDE,INTERNAL_INCLUSION_DECISION_OPEN,EXPLICIT APPROVAL REQUIRED,EXPLICIT_PUBLICATION_APPROVAL_REQUIRED,NOT STARTED,DO_NOT_PUBLISH_RESTRICTED_OR_UNAPPROVED,NOT_RELEASED,"Internal review candidacy does not establish external publication, release, validation, transmission or manufacturing authority."
ZIP-0289,IMMUTABLE_SOURCE_ZIP_MEMBER,01_BASELINE_THROUGH_2026-08-24_1938Z/EMOPET_BASELINE_v3.0_CONTROLLED/11_VALIDATION_AND_EVIDENCE/VAL-001_MAT_Phase0_Controller_v0.4_extracted/EMOPET_MAT_Phase0_Controller_v0.4/docs/22_Phase0_Test_Matrix_and_Evidence_Contract.md,,22_Phase0_Test_Matrix_and_Evidence_Contract,BATCH 2,MAT,INTERNAL CONTROLLED HANDLING — SOURCE CLASSIFICATION NOT STATED,Science / Evidence Review — FUNCTIONAL OWNER / HUMAN ASSIGNMENT OPEN,SOURCE REVISION NOT STATED / NOT VERIFIED,ARCHIVE-EXTRACTED SOURCE MEMBER — 84/84 BYTE-IDENTICAL,HISTORICAL VALIDATION/SOURCE SNAPSHOT — PARTIALLY SUPERSEDED,RECONCILED 2026-08-27 — NOT RELEASED,INCLUSION TO DECIDE,INTERNAL_INCLUSION_DECISION_OPEN,EXPLICIT APPROVAL REQUIRED,EXPLICIT_PUBLICATION_APPROVAL_REQUIRED,NOT STARTED,DO_NOT_PUBLISH_RESTRICTED_OR_UNAPPROVED,NOT_RELEASED,"Internal review candidacy does not establish external publication, release, validation, transmission or manufacturing authority."
ZIP-0290,IMMUTABLE_SOURCE_ZIP_MEMBER,01_BASELINE_THROUGH_2026-08-24_1938Z/EMOPET_BASELINE_v3.0_CONTROLLED/11_VALIDATION_AND_EVIDENCE/VAL-001_MAT_Phase0_Controller_v0.4_extracted/EMOPET_MAT_Phase0_Controller_v0.4/docs/23_Data_Acquisition_and_Logging_Contract.md,,23_Data_Acquisition_and_Logging_Contract,BATCH 2,MAT,INTERNAL CONTROLLED HANDLING — SOURCE CLASSIFICATION NOT STATED,Science / Evidence Review — FUNCTIONAL OWNER / HUMAN ASSIGNMENT OPEN,SOURCE REVISION NOT STATED / NOT VERIFIED,ARCHIVE-EXTRACTED SOURCE MEMBER — 84/84 BYTE-IDENTICAL,HISTORICAL VALIDATION/SOURCE SNAPSHOT — PARTIALLY SUPERSEDED,RECONCILED 2026-08-27 — NOT RELEASED,INCLUSION TO DECIDE,INTERNAL_INCLUSION_DECISION_OPEN,EXPLICIT APPROVAL REQUIRED,EXPLICIT_PUBLICATION_APPROVAL_REQUIRED,NOT STARTED,DO_NOT_PUBLISH_RESTRICTED_OR_UNAPPROVED,NOT_RELEASED,"Internal review candidacy does not establish external publication, release, validation, transmission or manufacturing authority."
ZIP-0291,IMMUTABLE_SOURCE_ZIP_MEMBER,01_BASELINE_THROUGH_2026-08-24_1938Z/EMOPET_BASELINE_v3.0_CONTROLLED/11_VALIDATION_AND_EVIDENCE/VAL-001_MAT_Phase0_Controller_v0.4_extracted/EMOPET_MAT_Phase0_Controller_v0.4/docs/24_Procurement_and_Instrument_Plan.md,,24_Procurement_and_Instrument_Plan,BATCH 2,MAT,INTERNAL CONTROLLED HANDLING — SOURCE CLASSIFICATION NOT STATED,Science / Evidence Review — FUNCTIONAL OWNER / HUMAN ASSIGNMENT OPEN,SOURCE REVISION NOT STATED / NOT VERIFIED,ARCHIVE-EXTRACTED SOURCE MEMBER — 84/84 BYTE-IDENTICAL,HISTORICAL VALIDATION/SOURCE SNAPSHOT — PARTIALLY SUPERSEDED,RECONCILED 2026-08-27 — NOT RELEASED,INCLUSION TO DECIDE,INTERNAL_INCLUSION_DECISION_OPEN,EXPLICIT APPROVAL REQUIRED,EXPLICIT_PUBLICATION_APPROVAL_REQUIRED,NOT STARTED,DO_NOT_PUBLISH_RESTRICTED_OR_UNAPPROVED,NOT_RELEASED,"Internal review candidacy does not establish external publication, release, validation, transmission or manufacturing authority."
ZIP-0292,IMMUTABLE_SOURCE_ZIP_MEMBER,01_BASELINE_THROUGH_2026-08-24_1938Z/EMOPET_BASELINE_v3.0_CONTROLLED/11_VALIDATION_AND_EVIDENCE/VAL-001_MAT_Phase0_Controller_v0.4_extracted/EMOPET_MAT_Phase0_Controller_v0.4/docs/25_GO_ITERATE_NO_GO_Decision_Framework.md,,25_GO_ITERATE_NO_GO_Decision_Framework,BATCH 2,MAT,INTERNAL CONTROLLED HANDLING — SOURCE CLASSIFICATION NOT STATED,Science / Evidence Review — FUNCTIONAL OWNER / HUMAN ASSIGNMENT OPEN,SOURCE REVISION NOT STATED / NOT VERIFIED,ARCHIVE-EXTRACTED SOURCE MEMBER — 84/84 BYTE-IDENTICAL,HISTORICAL VALIDATION/SOURCE SNAPSHOT — PARTIALLY SUPERSEDED,RECONCILED 2026-08-27 — NOT RELEASED,INCLUSION TO DECIDE,INTERNAL_INCLUSION_DECISION_OPEN,EXPLICIT APPROVAL REQUIRED,EXPLICIT_PUBLICATION_APPROVAL_REQUIRED,NOT STARTED,DO_NOT_PUBLISH_RESTRICTED_OR_UNAPPROVED,NOT_RELEASED,"Internal review candidacy does not establish external publication, release, validation, transmission or manufacturing authority."
ZIP-0293,IMMUTABLE_SOURCE_ZIP_MEMBER,01_BASELINE_THROUGH_2026-08-24_1938Z/EMOPET_BASELINE_v3.0_CONTROLLED/11_VALIDATION_AND_EVIDENCE/VAL-001_MAT_Phase0_Controller_v0.4_extracted/EMOPET_MAT_Phase0_Controller_v0.4/docs/26_Release_Disclosure_and_Supplier_Gate.md,,26_Release_Disclosure_and_Supplier_Gate,BATCH 2,MAT,INTERNAL CONTROLLED HANDLING — SOURCE CLASSIFICATION NOT STATED,Science / Evidence Review — FUNCTIONAL OWNER / HUMAN ASSIGNMENT OPEN,SOURCE REVISION NOT STATED / NOT VERIFIED,ARCHIVE-EXTRACTED SOURCE MEMBER — 84/84 BYTE-IDENTICAL,HISTORICAL VALIDATION/SOURCE SNAPSHOT — PARTIALLY SUPERSEDED,RECONCILED 2026-08-27 — NOT RELEASED,INCLUSION TO DECIDE,INTERNAL_INCLUSION_DECISION_OPEN,EXPLICIT APPROVAL REQUIRED,EXPLICIT_PUBLICATION_APPROVAL_REQUIRED,NOT STARTED,DO_NOT_PUBLISH_RESTRICTED_OR_UNAPPROVED,NOT_RELEASED,"Internal review candidacy does not establish external publication, release, validation, transmission or manufacturing authority."
ZIP-0294,IMMUTABLE_SOURCE_ZIP_MEMBER,01_BASELINE_THROUGH_2026-08-24_1938Z/EMOPET_BASELINE_v3.0_CONTROLLED/11_VALIDATION_AND_EVIDENCE/VAL-001_MAT_Phase0_Controller_v0.4_extracted/EMOPET_MAT_Phase0_Controller_v0.4/firmware/CMakeLists.txt,,CMakeLists,BATCH 2,MAT,INTERNAL CONTROLLED HANDLING — SOURCE CLASSIFICATION NOT STATED,Science / Evidence Review — FUNCTIONAL OWNER / HUMAN ASSIGNMENT OPEN,SOURCE REVISION NOT STATED / NOT VERIFIED,ARCHIVE-EXTRACTED SOURCE MEMBER — 84/84 BYTE-IDENTICAL,HISTORICAL VALIDATION/SOURCE SNAPSHOT — PARTIALLY SUPERSEDED,RECONCILED 2026-08-27 — NOT RELEASED,INCLUSION TO DECIDE,INTERNAL_INCLUSION_DECISION_OPEN,EXPLICIT APPROVAL REQUIRED,EXPLICIT_PUBLICATION_APPROVAL_REQUIRED,NOT STARTED,DO_NOT_PUBLISH_RESTRICTED_OR_UNAPPROVED,NOT_RELEASED,"Internal review candidacy does not establish external publication, release, validation, transmission or manufacturing authority."
ZIP-0295,IMMUTABLE_SOURCE_ZIP_MEMBER,01_BASELINE_THROUGH_2026-08-24_1938Z/EMOPET_BASELINE_v3.0_CONTROLLED/11_VALIDATION_AND_EVIDENCE/VAL-001_MAT_Phase0_Controller_v0.4_extracted/EMOPET_MAT_Phase0_Controller_v0.4/firmware/README.md,,README,BATCH 2,MAT,INTERNAL CONTROLLED HANDLING — SOURCE CLASSIFICATION NOT STATED,Science / Evidence Review — FUNCTIONAL OWNER / HUMAN ASSIGNMENT OPEN,SOURCE REVISION NOT STATED / NOT VERIFIED,ARCHIVE-EXTRACTED SOURCE MEMBER — 84/84 BYTE-IDENTICAL,HISTORICAL VALIDATION/SOURCE SNAPSHOT — PARTIALLY SUPERSEDED,RECONCILED 2026-08-27 — NOT RELEASED,INCLUSION TO DECIDE,INTERNAL_INCLUSION_DECISION_OPEN,EXPLICIT APPROVAL REQUIRED,EXPLICIT_PUBLICATION_APPROVAL_REQUIRED,NOT STARTED,DO_NOT_PUBLISH_RESTRICTED_OR_UNAPPROVED,NOT_RELEASED,"Internal review candidacy does not establish external publication, release, validation, transmission or manufacturing authority."
ZIP-0296,IMMUTABLE_SOURCE_ZIP_MEMBER,01_BASELINE_THROUGH_2026-08-24_1938Z/EMOPET_BASELINE_v3.0_CONTROLLED/11_VALIDATION_AND_EVIDENCE/VAL-001_MAT_Phase0_Controller_v0.4_extracted/EMOPET_MAT_Phase0_Controller_v0.4/firmware/include/emopet_data_contract.h,,emopet_data_contract,BATCH 2,MAT,INTERNAL CONTROLLED HANDLING — SOURCE CLASSIFICATION NOT STATED,Science / Evidence Review — FUNCTIONAL OWNER / HUMAN ASSIGNMENT OPEN,SOURCE REVISION NOT STATED / NOT VERIFIED,ARCHIVE-EXTRACTED SOURCE MEMBER — 84/84 BYTE-IDENTICAL,HISTORICAL VALIDATION/SOURCE SNAPSHOT — PARTIALLY SUPERSEDED,RECONCILED 2026-08-27 — NOT RELEASED,INCLUSION TO DECIDE,INTERNAL_INCLUSION_DECISION_OPEN,EXPLICIT APPROVAL REQUIRED,EXPLICIT_PUBLICATION_APPROVAL_REQUIRED,NOT STARTED,DO_NOT_PUBLISH_RESTRICTED_OR_UNAPPROVED,NOT_RELEASED,"Internal review candidacy does not establish external publication, release, validation, transmission or manufacturing authority."
ZIP-0297,IMMUTABLE_SOURCE_ZIP_MEMBER,01_BASELINE_THROUGH_2026-08-24_1938Z/EMOPET_BASELINE_v3.0_CONTROLLED/11_VALIDATION_AND_EVIDENCE/VAL-001_MAT_Phase0_Controller_v0.4_extracted/EMOPET_MAT_Phase0_Controller_v0.4/firmware/include/emopet_phase0.h,,emopet_phase0,BATCH 2,MAT,INTERNAL CONTROLLED HANDLING — SOURCE CLASSIFICATION NOT STATED,Science / Evidence Review — FUNCTIONAL OWNER / HUMAN ASSIGNMENT OPEN,SOURCE REVISION NOT STATED / NOT VERIFIED,ARCHIVE-EXTRACTED SOURCE MEMBER — 84/84 BYTE-IDENTICAL,HISTORICAL VALIDATION/SOURCE SNAPSHOT — PARTIALLY SUPERSEDED,RECONCILED 2026-08-27 — NOT RELEASED,INCLUSION TO DECIDE,INTERNAL_INCLUSION_DECISION_OPEN,EXPLICIT APPROVAL REQUIRED,EXPLICIT_PUBLICATION_APPROVAL_REQUIRED,NOT STARTED,DO_NOT_PUBLISH_RESTRICTED_OR_UNAPPROVED,NOT_RELEASED,"Internal review candidacy does not establish external publication, release, validation, transmission or manufacturing authority."
ZIP-0298,IMMUTABLE_SOURCE_ZIP_MEMBER,01_BASELINE_THROUGH_2026-08-24_1938Z/EMOPET_BASELINE_v3.0_CONTROLLED/11_VALIDATION_AND_EVIDENCE/VAL-001_MAT_Phase0_Controller_v0.4_extracted/EMOPET_MAT_Phase0_Controller_v0.4/firmware/src/channel_guard.c,,channel_guard,BATCH 2,MAT,INTERNAL CONTROLLED HANDLING — SOURCE CLASSIFICATION NOT STATED,Science / Evidence Review — FUNCTIONAL OWNER / HUMAN ASSIGNMENT OPEN,SOURCE REVISION NOT STATED / NOT VERIFIED,ARCHIVE-EXTRACTED SOURCE MEMBER — 84/84 BYTE-IDENTICAL,HISTORICAL VALIDATION/SOURCE SNAPSHOT — PARTIALLY SUPERSEDED,RECONCILED 2026-08-27 — NOT RELEASED,INCLUSION TO DECIDE,INTERNAL_INCLUSION_DECISION_OPEN,EXPLICIT APPROVAL REQUIRED,EXPLICIT_PUBLICATION_APPROVAL_REQUIRED,NOT STARTED,DO_NOT_PUBLISH_RESTRICTED_OR_UNAPPROVED,NOT_RELEASED,"Internal review candidacy does not establish external publication, release, validation, transmission or manufacturing authority."
ZIP-0299,IMMUTABLE_SOURCE_ZIP_MEMBER,01_BASELINE_THROUGH_2026-08-24_1938Z/EMOPET_BASELINE_v3.0_CONTROLLED/11_VALIDATION_AND_EVIDENCE/VAL-001_MAT_Phase0_Controller_v0.4_extracted/EMOPET_MAT_Phase0_Controller_v0.4/firmware/src/data_contract.c,,data_contract,BATCH 2,MAT,INTERNAL CONTROLLED HANDLING — SOURCE CLASSIFICATION NOT STATED,Science / Evidence Review — FUNCTIONAL OWNER / HUMAN ASSIGNMENT OPEN,SOURCE REVISION NOT STATED / NOT VERIFIED,ARCHIVE-EXTRACTED SOURCE MEMBER — 84/84 BYTE-IDENTICAL,HISTORICAL VALIDATION/SOURCE SNAPSHOT — PARTIALLY SUPERSEDED,RECONCILED 2026-08-27 — NOT RELEASED,INCLUSION TO DECIDE,INTERNAL_INCLUSION_DECISION_OPEN,EXPLICIT APPROVAL REQUIRED,EXPLICIT_PUBLICATION_APPROVAL_REQUIRED,NOT STARTED,DO_NOT_PUBLISH_RESTRICTED_OR_UNAPPROVED,NOT_RELEASED,"Internal review candidacy does not establish external publication, release, validation, transmission or manufacturing authority."
ZIP-0300,IMMUTABLE_SOURCE_ZIP_MEMBER,01_BASELINE_THROUGH_2026-08-24_1938Z/EMOPET_BASELINE_v3.0_CONTROLLED/11_VALIDATION_AND_EVIDENCE/VAL-001_MAT_Phase0_Controller_v0.4_extracted/EMOPET_MAT_Phase0_Controller_v0.4/firmware/src/dataset_manifest.c,,dataset_manifest,BATCH 2,MAT,INTERNAL CONTROLLED HANDLING — SOURCE CLASSIFICATION NOT STATED,Science / Evidence Review — FUNCTIONAL OWNER / HUMAN ASSIGNMENT OPEN,SOURCE REVISION NOT STATED / NOT VERIFIED,ARCHIVE-EXTRACTED SOURCE MEMBER — 84/84 BYTE-IDENTICAL,HISTORICAL VALIDATION/SOURCE SNAPSHOT — PARTIALLY SUPERSEDED,RECONCILED 2026-08-27 — NOT RELEASED,INCLUSION TO DECIDE,INTERNAL_INCLUSION_DECISION_OPEN,EXPLICIT APPROVAL REQUIRED,EXPLICIT_PUBLICATION_APPROVAL_REQUIRED,NOT STARTED,DO_NOT_PUBLISH_RESTRICTED_OR_UNAPPROVED,NOT_RELEASED,"Internal review candidacy does not establish external publication, release, validation, transmission or manufacturing authority."
ZIP-0301,IMMUTABLE_SOURCE_ZIP_MEMBER,01_BASELINE_THROUGH_2026-08-24_1938Z/EMOPET_BASELINE_v3.0_CONTROLLED/11_VALIDATION_AND_EVIDENCE/VAL-001_MAT_Phase0_Controller_v0.4_extracted/EMOPET_MAT_Phase0_Controller_v0.4/firmware/src/synchronization.c,,synchronization,BATCH 2,MAT,INTERNAL CONTROLLED HANDLING — SOURCE CLASSIFICATION NOT STATED,Science / Evidence Review — FUNCTIONAL OWNER / HUMAN ASSIGNMENT OPEN,SOURCE REVISION NOT STATED / NOT VERIFIED,ARCHIVE-EXTRACTED SOURCE MEMBER — 84/84 BYTE-IDENTICAL,HISTORICAL VALIDATION/SOURCE SNAPSHOT — PARTIALLY SUPERSEDED,RECONCILED 2026-08-27 — NOT RELEASED,INCLUSION TO DECIDE,INTERNAL_INCLUSION_DECISION_OPEN,EXPLICIT APPROVAL REQUIRED,EXPLICIT_PUBLICATION_APPROVAL_REQUIRED,NOT STARTED,DO_NOT_PUBLISH_RESTRICTED_OR_UNAPPROVED,NOT_RELEASED,"Internal review candidacy does not establish external publication, release, validation, transmission or manufacturing authority."
ZIP-0302,IMMUTABLE_SOURCE_ZIP_MEMBER,01_BASELINE_THROUGH_2026-08-24_1938Z/EMOPET_BASELINE_v3.0_CONTROLLED/11_VALIDATION_AND_EVIDENCE/VAL-001_MAT_Phase0_Controller_v0.4_extracted/EMOPET_MAT_Phase0_Controller_v0.4/firmware/tests/test_channel_guard.c,,test_channel_guard,BATCH 2,MAT,INTERNAL CONTROLLED HANDLING — SOURCE CLASSIFICATION NOT STATED,Science / Evidence Review — FUNCTIONAL OWNER / HUMAN ASSIGNMENT OPEN,SOURCE REVISION NOT STATED / NOT VERIFIED,ARCHIVE-EXTRACTED SOURCE MEMBER — 84/84 BYTE-IDENTICAL,HISTORICAL VALIDATION/SOURCE SNAPSHOT — PARTIALLY SUPERSEDED,RECONCILED 2026-08-27 — NOT RELEASED,INCLUSION TO DECIDE,INTERNAL_INCLUSION_DECISION_OPEN,EXPLICIT APPROVAL REQUIRED,EXPLICIT_PUBLICATION_APPROVAL_REQUIRED,NOT STARTED,DO_NOT_PUBLISH_RESTRICTED_OR_UNAPPROVED,NOT_RELEASED,"Internal review candidacy does not establish external publication, release, validation, transmission or manufacturing authority."
ZIP-0303,IMMUTABLE_SOURCE_ZIP_MEMBER,01_BASELINE_THROUGH_2026-08-24_1938Z/EMOPET_BASELINE_v3.0_CONTROLLED/11_VALIDATION_AND_EVIDENCE/VAL-001_MAT_Phase0_Controller_v0.4_extracted/EMOPET_MAT_Phase0_Controller_v0.4/firmware/tests/test_data_contract.c,,test_data_contract,BATCH 2,MAT,INTERNAL CONTROLLED HANDLING — SOURCE CLASSIFICATION NOT STATED,Science / Evidence Review — FUNCTIONAL OWNER / HUMAN ASSIGNMENT OPEN,SOURCE REVISION NOT STATED / NOT VERIFIED,ARCHIVE-EXTRACTED SOURCE MEMBER — 84/84 BYTE-IDENTICAL,HISTORICAL VALIDATION/SOURCE SNAPSHOT — PARTIALLY SUPERSEDED,RECONCILED 2026-08-27 — NOT RELEASED,INCLUSION TO DECIDE,INTERNAL_INCLUSION_DECISION_OPEN,EXPLICIT APPROVAL REQUIRED,EXPLICIT_PUBLICATION_APPROVAL_REQUIRED,NOT STARTED,DO_NOT_PUBLISH_RESTRICTED_OR_UNAPPROVED,NOT_RELEASED,"Internal review candidacy does not establish external publication, release, validation, transmission or manufacturing authority."
ZIP-0304,IMMUTABLE_SOURCE_ZIP_MEMBER,01_BASELINE_THROUGH_2026-08-24_1938Z/EMOPET_BASELINE_v3.0_CONTROLLED/11_VALIDATION_AND_EVIDENCE/VAL-001_MAT_Phase0_Controller_v0.4_extracted/EMOPET_MAT_Phase0_Controller_v0.4/firmware/tests/test_synchronization.c,,test_synchronization,BATCH 2,MAT,INTERNAL CONTROLLED HANDLING — SOURCE CLASSIFICATION NOT STATED,Science / Evidence Review — FUNCTIONAL OWNER / HUMAN ASSIGNMENT OPEN,SOURCE REVISION NOT STATED / NOT VERIFIED,ARCHIVE-EXTRACTED SOURCE MEMBER — 84/84 BYTE-IDENTICAL,HISTORICAL VALIDATION/SOURCE SNAPSHOT — PARTIALLY SUPERSEDED,RECONCILED 2026-08-27 — NOT RELEASED,INCLUSION TO DECIDE,INTERNAL_INCLUSION_DECISION_OPEN,EXPLICIT APPROVAL REQUIRED,EXPLICIT_PUBLICATION_APPROVAL_REQUIRED,NOT STARTED,DO_NOT_PUBLISH_RESTRICTED_OR_UNAPPROVED,NOT_RELEASED,"Internal review candidacy does not establish external publication, release, validation, transmission or manufacturing authority."
ZIP-0305,IMMUTABLE_SOURCE_ZIP_MEMBER,01_BASELINE_THROUGH_2026-08-24_1938Z/EMOPET_BASELINE_v3.0_CONTROLLED/11_VALIDATION_AND_EVIDENCE/VAL-001_MAT_Phase0_Controller_v0.4_extracted/EMOPET_MAT_Phase0_Controller_v0.4/hardware/kicad/EMOPET_MAT_Phase0_Controller.kicad_pro,,EMOPET_MAT_Phase0_Controller,BATCH 2,MAT,INTERNAL CONTROLLED HANDLING — SOURCE CLASSIFICATION NOT STATED,Science / Evidence Review — FUNCTIONAL OWNER / HUMAN ASSIGNMENT OPEN,SOURCE REVISION NOT STATED / NOT VERIFIED,ARCHIVE-EXTRACTED SOURCE MEMBER — 84/84 BYTE-IDENTICAL,HISTORICAL VALIDATION/SOURCE SNAPSHOT — PARTIALLY SUPERSEDED,RECONCILED 2026-08-27 — NOT RELEASED,INCLUSION TO DECIDE,INTERNAL_INCLUSION_DECISION_OPEN,EXPLICIT APPROVAL REQUIRED,EXPLICIT_PUBLICATION_APPROVAL_REQUIRED,NOT STARTED,DO_NOT_PUBLISH_RESTRICTED_OR_UNAPPROVED,NOT_RELEASED,"Internal review candidacy does not establish external publication, release, validation, transmission or manufacturing authority."
ZIP-0306,IMMUTABLE_SOURCE_ZIP_MEMBER,01_BASELINE_THROUGH_2026-08-24_1938Z/EMOPET_BASELINE_v3.0_CONTROLLED/11_VALIDATION_AND_EVIDENCE/VAL-001_MAT_Phase0_Controller_v0.4_extracted/EMOPET_MAT_Phase0_Controller_v0.4/hardware/kicad/NET_NAMING_AND_ERC_RULES.md,,NET_NAMING_AND_ERC_RULES,BATCH 2,MAT,INTERNAL CONTROLLED HANDLING — SOURCE CLASSIFICATION NOT STATED,Science / Evidence Review — FUNCTIONAL OWNER / HUMAN ASSIGNMENT OPEN,SOURCE REVISION NOT STATED / NOT VERIFIED,ARCHIVE-EXTRACTED SOURCE MEMBER — 84/84 BYTE-IDENTICAL,HISTORICAL VALIDATION/SOURCE SNAPSHOT — PARTIALLY SUPERSEDED,RECONCILED 2026-08-27 — NOT RELEASED,INCLUSION TO DECIDE,INTERNAL_INCLUSION_DECISION_OPEN,EXPLICIT APPROVAL REQUIRED,EXPLICIT_PUBLICATION_APPROVAL_REQUIRED,NOT STARTED,DO_NOT_PUBLISH_RESTRICTED_OR_UNAPPROVED,NOT_RELEASED,"Internal review candidacy does not establish external publication, release, validation, transmission or manufacturing authority."
ZIP-0307,IMMUTABLE_SOURCE_ZIP_MEMBER,01_BASELINE_THROUGH_2026-08-24_1938Z/EMOPET_BASELINE_v3.0_CONTROLLED/11_VALIDATION_AND_EVIDENCE/VAL-001_MAT_Phase0_Controller_v0.4_extracted/EMOPET_MAT_Phase0_Controller_v0.4/hardware/kicad/README_KICAD.md,,README_KICAD,BATCH 2,MAT,INTERNAL CONTROLLED HANDLING — SOURCE CLASSIFICATION NOT STATED,Science / Evidence Review — FUNCTIONAL OWNER / HUMAN ASSIGNMENT OPEN,SOURCE REVISION NOT STATED / NOT VERIFIED,ARCHIVE-EXTRACTED SOURCE MEMBER — 84/84 BYTE-IDENTICAL,HISTORICAL VALIDATION/SOURCE SNAPSHOT — PARTIALLY SUPERSEDED,RECONCILED 2026-08-27 — NOT RELEASED,INCLUSION TO DECIDE,INTERNAL_INCLUSION_DECISION_OPEN,EXPLICIT APPROVAL REQUIRED,EXPLICIT_PUBLICATION_APPROVAL_REQUIRED,NOT STARTED,DO_NOT_PUBLISH_RESTRICTED_OR_UNAPPROVED,NOT_RELEASED,"Internal review candidacy does not establish external publication, release, validation, transmission or manufacturing authority."
ZIP-0308,IMMUTABLE_SOURCE_ZIP_MEMBER,01_BASELINE_THROUGH_2026-08-24_1938Z/EMOPET_BASELINE_v3.0_CONTROLLED/11_VALIDATION_AND_EVIDENCE/VAL-001_MAT_Phase0_Controller_v0.4_extracted/EMOPET_MAT_Phase0_Controller_v0.4/hardware/kicad/footprints/EMOPET_Phase0.pretty/README.md,,README,BATCH 2,MAT,INTERNAL CONTROLLED HANDLING — SOURCE CLASSIFICATION NOT STATED,Science / Evidence Review — FUNCTIONAL OWNER / HUMAN ASSIGNMENT OPEN,SOURCE REVISION NOT STATED / NOT VERIFIED,ARCHIVE-EXTRACTED SOURCE MEMBER — 84/84 BYTE-IDENTICAL,HISTORICAL VALIDATION/SOURCE SNAPSHOT — PARTIALLY SUPERSEDED,RECONCILED 2026-08-27 — NOT RELEASED,INCLUSION TO DECIDE,INTERNAL_INCLUSION_DECISION_OPEN,EXPLICIT APPROVAL REQUIRED,EXPLICIT_PUBLICATION_APPROVAL_REQUIRED,NOT STARTED,DO_NOT_PUBLISH_RESTRICTED_OR_UNAPPROVED,NOT_RELEASED,"Internal review candidacy does not establish external publication, release, validation, transmission or manufacturing authority."
ZIP-0309,IMMUTABLE_SOURCE_ZIP_MEMBER,01_BASELINE_THROUGH_2026-08-24_1938Z/EMOPET_BASELINE_v3.0_CONTROLLED/11_VALIDATION_AND_EVIDENCE/VAL-001_MAT_Phase0_Controller_v0.4_extracted/EMOPET_MAT_Phase0_Controller_v0.4/hardware/kicad/fp-lib-table,,fp-lib-table,BATCH 2,MAT,INTERNAL CONTROLLED HANDLING — SOURCE CLASSIFICATION NOT STATED,Science / Evidence Review — FUNCTIONAL OWNER / HUMAN ASSIGNMENT OPEN,SOURCE REVISION NOT STATED / NOT VERIFIED,ARCHIVE-EXTRACTED SOURCE MEMBER — 84/84 BYTE-IDENTICAL,HISTORICAL VALIDATION/SOURCE SNAPSHOT — PARTIALLY SUPERSEDED,RECONCILED 2026-08-27 — NOT RELEASED,INCLUSION TO DECIDE,INTERNAL_INCLUSION_DECISION_OPEN,EXPLICIT APPROVAL REQUIRED,EXPLICIT_PUBLICATION_APPROVAL_REQUIRED,NOT STARTED,DO_NOT_PUBLISH_RESTRICTED_OR_UNAPPROVED,NOT_RELEASED,"Internal review candidacy does not establish external publication, release, validation, transmission or manufacturing authority."
ZIP-0310,IMMUTABLE_SOURCE_ZIP_MEMBER,01_BASELINE_THROUGH_2026-08-24_1938Z/EMOPET_BASELINE_v3.0_CONTROLLED/11_VALIDATION_AND_EVIDENCE/VAL-001_MAT_Phase0_Controller_v0.4_extracted/EMOPET_MAT_Phase0_Controller_v0.4/hardware/kicad/interface_map.csv,,interface_map,BATCH 2,MAT,INTERNAL CONTROLLED HANDLING — SOURCE CLASSIFICATION NOT STATED,Science / Evidence Review — FUNCTIONAL OWNER / HUMAN ASSIGNMENT OPEN,SOURCE REVISION NOT STATED / NOT VERIFIED,ARCHIVE-EXTRACTED SOURCE MEMBER — 84/84 BYTE-IDENTICAL,HISTORICAL VALIDATION/SOURCE SNAPSHOT — PARTIALLY SUPERSEDED,RECONCILED 2026-08-27 — NOT RELEASED,INCLUSION TO DECIDE,INTERNAL_INCLUSION_DECISION_OPEN,EXPLICIT APPROVAL REQUIRED,EXPLICIT_PUBLICATION_APPROVAL_REQUIRED,NOT STARTED,DO_NOT_PUBLISH_RESTRICTED_OR_UNAPPROVED,NOT_RELEASED,"Internal review candidacy does not establish external publication, release, validation, transmission or manufacturing authority."
ZIP-0311,IMMUTABLE_SOURCE_ZIP_MEMBER,01_BASELINE_THROUGH_2026-08-24_1938Z/EMOPET_BASELINE_v3.0_CONTROLLED/11_VALIDATION_AND_EVIDENCE/VAL-001_MAT_Phase0_Controller_v0.4_extracted/EMOPET_MAT_Phase0_Controller_v0.4/hardware/kicad/sym-lib-table,,sym-lib-table,BATCH 2,MAT,INTERNAL CONTROLLED HANDLING — SOURCE CLASSIFICATION NOT STATED,Science / Evidence Review — FUNCTIONAL OWNER / HUMAN ASSIGNMENT OPEN,SOURCE REVISION NOT STATED / NOT VERIFIED,ARCHIVE-EXTRACTED SOURCE MEMBER — 84/84 BYTE-IDENTICAL,HISTORICAL VALIDATION/SOURCE SNAPSHOT — PARTIALLY SUPERSEDED,RECONCILED 2026-08-27 — NOT RELEASED,INCLUSION TO DECIDE,INTERNAL_INCLUSION_DECISION_OPEN,EXPLICIT APPROVAL REQUIRED,EXPLICIT_PUBLICATION_APPROVAL_REQUIRED,NOT STARTED,DO_NOT_PUBLISH_RESTRICTED_OR_UNAPPROVED,NOT_RELEASED,"Internal review candidacy does not establish external publication, release, validation, transmission or manufacturing authority."
ZIP-0312,IMMUTABLE_SOURCE_ZIP_MEMBER,01_BASELINE_THROUGH_2026-08-24_1938Z/EMOPET_BASELINE_v3.0_CONTROLLED/11_VALIDATION_AND_EVIDENCE/VAL-001_MAT_Phase0_Controller_v0.4_extracted/EMOPET_MAT_Phase0_Controller_v0.4/hardware/kicad/symbols/EMOPET_Phase0.kicad_sym,,EMOPET_Phase0,BATCH 2,MAT,INTERNAL CONTROLLED HANDLING — SOURCE CLASSIFICATION NOT STATED,Science / Evidence Review — FUNCTIONAL OWNER / HUMAN ASSIGNMENT OPEN,SOURCE REVISION NOT STATED / NOT VERIFIED,ARCHIVE-EXTRACTED SOURCE MEMBER — 84/84 BYTE-IDENTICAL,HISTORICAL VALIDATION/SOURCE SNAPSHOT — PARTIALLY SUPERSEDED,RECONCILED 2026-08-27 — NOT RELEASED,INCLUSION TO DECIDE,INTERNAL_INCLUSION_DECISION_OPEN,EXPLICIT APPROVAL REQUIRED,EXPLICIT_PUBLICATION_APPROVAL_REQUIRED,NOT STARTED,DO_NOT_PUBLISH_RESTRICTED_OR_UNAPPROVED,NOT_RELEASED,"Internal review candidacy does not establish external publication, release, validation, transmission or manufacturing authority."
ZIP-0313,IMMUTABLE_SOURCE_ZIP_MEMBER,01_BASELINE_THROUGH_2026-08-24_1938Z/EMOPET_BASELINE_v3.0_CONTROLLED/11_VALIDATION_AND_EVIDENCE/VAL-001_MAT_Phase0_Controller_v0.4_extracted/EMOPET_MAT_Phase0_Controller_v0.4/registers/bom_template.csv,,bom_template,BATCH 2,MAT,INTERNAL CONTROLLED HANDLING — SOURCE CLASSIFICATION NOT STATED,Science / Evidence Review — FUNCTIONAL OWNER / HUMAN ASSIGNMENT OPEN,SOURCE REVISION NOT STATED / NOT VERIFIED,ARCHIVE-EXTRACTED SOURCE MEMBER — 84/84 BYTE-IDENTICAL,HISTORICAL VALIDATION/SOURCE SNAPSHOT — PARTIALLY SUPERSEDED,RECONCILED 2026-08-27 — NOT RELEASED,INCLUSION TO DECIDE,INTERNAL_INCLUSION_DECISION_OPEN,EXPLICIT APPROVAL REQUIRED,EXPLICIT_PUBLICATION_APPROVAL_REQUIRED,NOT STARTED,DO_NOT_PUBLISH_RESTRICTED_OR_UNAPPROVED,NOT_RELEASED,"Internal review candidacy does not establish external publication, release, validation, transmission or manufacturing authority."
ZIP-0314,IMMUTABLE_SOURCE_ZIP_MEMBER,01_BASELINE_THROUGH_2026-08-24_1938Z/EMOPET_BASELINE_v3.0_CONTROLLED/11_VALIDATION_AND_EVIDENCE/VAL-001_MAT_Phase0_Controller_v0.4_extracted/EMOPET_MAT_Phase0_Controller_v0.4/registers/candidate_components.csv,,candidate_components,BATCH 2,MAT,INTERNAL CONTROLLED HANDLING — SOURCE CLASSIFICATION NOT STATED,Science / Evidence Review — FUNCTIONAL OWNER / HUMAN ASSIGNMENT OPEN,SOURCE REVISION NOT STATED / NOT VERIFIED,ARCHIVE-EXTRACTED SOURCE MEMBER — 84/84 BYTE-IDENTICAL,HISTORICAL VALIDATION/SOURCE SNAPSHOT — PARTIALLY SUPERSEDED,RECONCILED 2026-08-27 — NOT RELEASED,INCLUSION TO DECIDE,INTERNAL_INCLUSION_DECISION_OPEN,EXPLICIT APPROVAL REQUIRED,EXPLICIT_PUBLICATION_APPROVAL_REQUIRED,NOT STARTED,DO_NOT_PUBLISH_RESTRICTED_OR_UNAPPROVED,NOT_RELEASED,"Internal review candidacy does not establish external publication, release, validation, transmission or manufacturing authority."
ZIP-0315,IMMUTABLE_SOURCE_ZIP_MEMBER,01_BASELINE_THROUGH_2026-08-24_1938Z/EMOPET_BASELINE_v3.0_CONTROLLED/11_VALIDATION_AND_EVIDENCE/VAL-001_MAT_Phase0_Controller_v0.4_extracted/EMOPET_MAT_Phase0_Controller_v0.4/registers/decisions.csv,,decisions,BATCH 2,MAT,INTERNAL CONTROLLED HANDLING — SOURCE CLASSIFICATION NOT STATED,Science / Evidence Review — FUNCTIONAL OWNER / HUMAN ASSIGNMENT OPEN,SOURCE REVISION NOT STATED / NOT VERIFIED,ARCHIVE-EXTRACTED SOURCE MEMBER — 84/84 BYTE-IDENTICAL,HISTORICAL VALIDATION/SOURCE SNAPSHOT — PARTIALLY SUPERSEDED,RECONCILED 2026-08-27 — NOT RELEASED,INCLUSION TO DECIDE,INTERNAL_INCLUSION_DECISION_OPEN,EXPLICIT APPROVAL REQUIRED,EXPLICIT_PUBLICATION_APPROVAL_REQUIRED,NOT STARTED,DO_NOT_PUBLISH_RESTRICTED_OR_UNAPPROVED,NOT_RELEASED,"Internal review candidacy does not establish external publication, release, validation, transmission or manufacturing authority."
ZIP-0316,IMMUTABLE_SOURCE_ZIP_MEMBER,01_BASELINE_THROUGH_2026-08-24_1938Z/EMOPET_BASELINE_v3.0_CONTROLLED/11_VALIDATION_AND_EVIDENCE/VAL-001_MAT_Phase0_Controller_v0.4_extracted/EMOPET_MAT_Phase0_Controller_v0.4/registers/disclosure_log_template.csv,,disclosure_log_template,BATCH 2,MAT,INTERNAL CONTROLLED HANDLING — SOURCE CLASSIFICATION NOT STATED,Science / Evidence Review — FUNCTIONAL OWNER / HUMAN ASSIGNMENT OPEN,SOURCE REVISION NOT STATED / NOT VERIFIED,ARCHIVE-EXTRACTED SOURCE MEMBER — 84/84 BYTE-IDENTICAL,HISTORICAL VALIDATION/SOURCE SNAPSHOT — PARTIALLY SUPERSEDED,RECONCILED 2026-08-27 — NOT RELEASED,INCLUSION TO DECIDE,INTERNAL_INCLUSION_DECISION_OPEN,EXPLICIT APPROVAL REQUIRED,EXPLICIT_PUBLICATION_APPROVAL_REQUIRED,NOT STARTED,DO_NOT_PUBLISH_RESTRICTED_OR_UNAPPROVED,NOT_RELEASED,"Internal review candidacy does not establish external publication, release, validation, transmission or manufacturing authority."
ZIP-0317,IMMUTABLE_SOURCE_ZIP_MEMBER,01_BASELINE_THROUGH_2026-08-24_1938Z/EMOPET_BASELINE_v3.0_CONTROLLED/11_VALIDATION_AND_EVIDENCE/VAL-001_MAT_Phase0_Controller_v0.4_extracted/EMOPET_MAT_Phase0_Controller_v0.4/registers/document_register.csv,,document_register,BATCH 2,MAT,INTERNAL CONTROLLED HANDLING — SOURCE CLASSIFICATION NOT STATED,Science / Evidence Review — FUNCTIONAL OWNER / HUMAN ASSIGNMENT OPEN,SOURCE REVISION NOT STATED / NOT VERIFIED,ARCHIVE-EXTRACTED SOURCE MEMBER — 84/84 BYTE-IDENTICAL,HISTORICAL VALIDATION/SOURCE SNAPSHOT — PARTIALLY SUPERSEDED,RECONCILED 2026-08-27 — NOT RELEASED,INCLUSION TO DECIDE,INTERNAL_INCLUSION_DECISION_OPEN,EXPLICIT APPROVAL REQUIRED,EXPLICIT_PUBLICATION_APPROVAL_REQUIRED,NOT STARTED,DO_NOT_PUBLISH_RESTRICTED_OR_UNAPPROVED,NOT_RELEASED,"Internal review candidacy does not establish external publication, release, validation, transmission or manufacturing authority."
ZIP-0318,IMMUTABLE_SOURCE_ZIP_MEMBER,01_BASELINE_THROUGH_2026-08-24_1938Z/EMOPET_BASELINE_v3.0_CONTROLLED/11_VALIDATION_AND_EVIDENCE/VAL-001_MAT_Phase0_Controller_v0.4_extracted/EMOPET_MAT_Phase0_Controller_v0.4/registers/evaluation_board_plan.csv,,evaluation_board_plan,BATCH 2,MAT,INTERNAL CONTROLLED HANDLING — SOURCE CLASSIFICATION NOT STATED,Science / Evidence Review — FUNCTIONAL OWNER / HUMAN ASSIGNMENT OPEN,SOURCE REVISION NOT STATED / NOT VERIFIED,ARCHIVE-EXTRACTED SOURCE MEMBER — 84/84 BYTE-IDENTICAL,HISTORICAL VALIDATION/SOURCE SNAPSHOT — PARTIALLY SUPERSEDED,RECONCILED 2026-08-27 — NOT RELEASED,INCLUSION TO DECIDE,INTERNAL_INCLUSION_DECISION_OPEN,EXPLICIT APPROVAL REQUIRED,EXPLICIT_PUBLICATION_APPROVAL_REQUIRED,NOT STARTED,DO_NOT_PUBLISH_RESTRICTED_OR_UNAPPROVED,NOT_RELEASED,"Internal review candidacy does not establish external publication, release, validation, transmission or manufacturing authority."
ZIP-0319,IMMUTABLE_SOURCE_ZIP_MEMBER,01_BASELINE_THROUGH_2026-08-24_1938Z/EMOPET_BASELINE_v3.0_CONTROLLED/11_VALIDATION_AND_EVIDENCE/VAL-001_MAT_Phase0_Controller_v0.4_extracted/EMOPET_MAT_Phase0_Controller_v0.4/registers/open_items.csv,,open_items,BATCH 2,MAT,INTERNAL CONTROLLED HANDLING — SOURCE CLASSIFICATION NOT STATED,Science / Evidence Review — FUNCTIONAL OWNER / HUMAN ASSIGNMENT OPEN,SOURCE REVISION NOT STATED / NOT VERIFIED,ARCHIVE-EXTRACTED SOURCE MEMBER — 84/84 BYTE-IDENTICAL,HISTORICAL VALIDATION/SOURCE SNAPSHOT — PARTIALLY SUPERSEDED,RECONCILED 2026-08-27 — NOT RELEASED,INCLUSION TO DECIDE,INTERNAL_INCLUSION_DECISION_OPEN,EXPLICIT APPROVAL REQUIRED,EXPLICIT_PUBLICATION_APPROVAL_REQUIRED,NOT STARTED,DO_NOT_PUBLISH_RESTRICTED_OR_UNAPPROVED,NOT_RELEASED,"Internal review candidacy does not establish external publication, release, validation, transmission or manufacturing authority."
ZIP-0320,IMMUTABLE_SOURCE_ZIP_MEMBER,01_BASELINE_THROUGH_2026-08-24_1938Z/EMOPET_BASELINE_v3.0_CONTROLLED/11_VALIDATION_AND_EVIDENCE/VAL-001_MAT_Phase0_Controller_v0.4_extracted/EMOPET_MAT_Phase0_Controller_v0.4/registers/procurement_register.csv,,procurement_register,BATCH 2,MAT,INTERNAL CONTROLLED HANDLING — SOURCE CLASSIFICATION NOT STATED,Science / Evidence Review — FUNCTIONAL OWNER / HUMAN ASSIGNMENT OPEN,SOURCE REVISION NOT STATED / NOT VERIFIED,ARCHIVE-EXTRACTED SOURCE MEMBER — 84/84 BYTE-IDENTICAL,HISTORICAL VALIDATION/SOURCE SNAPSHOT — PARTIALLY SUPERSEDED,RECONCILED 2026-08-27 — NOT RELEASED,INCLUSION TO DECIDE,INTERNAL_INCLUSION_DECISION_OPEN,EXPLICIT APPROVAL REQUIRED,EXPLICIT_PUBLICATION_APPROVAL_REQUIRED,NOT STARTED,DO_NOT_PUBLISH_RESTRICTED_OR_UNAPPROVED,NOT_RELEASED,"Internal review candidacy does not establish external publication, release, validation, transmission or manufacturing authority."
ZIP-0321,IMMUTABLE_SOURCE_ZIP_MEMBER,01_BASELINE_THROUGH_2026-08-24_1938Z/EMOPET_BASELINE_v3.0_CONTROLLED/11_VALIDATION_AND_EVIDENCE/VAL-001_MAT_Phase0_Controller_v0.4_extracted/EMOPET_MAT_Phase0_Controller_v0.4/registers/requirements.csv,,requirements,BATCH 2,MAT,INTERNAL CONTROLLED HANDLING — SOURCE CLASSIFICATION NOT STATED,Science / Evidence Review — FUNCTIONAL OWNER / HUMAN ASSIGNMENT OPEN,SOURCE REVISION NOT STATED / NOT VERIFIED,ARCHIVE-EXTRACTED SOURCE MEMBER — 84/84 BYTE-IDENTICAL,HISTORICAL VALIDATION/SOURCE SNAPSHOT — PARTIALLY SUPERSEDED,RECONCILED 2026-08-27 — NOT RELEASED,INCLUSION TO DECIDE,INTERNAL_INCLUSION_DECISION_OPEN,EXPLICIT APPROVAL REQUIRED,EXPLICIT_PUBLICATION_APPROVAL_REQUIRED,NOT STARTED,DO_NOT_PUBLISH_RESTRICTED_OR_UNAPPROVED,NOT_RELEASED,"Internal review candidacy does not establish external publication, release, validation, transmission or manufacturing authority."
ZIP-0322,IMMUTABLE_SOURCE_ZIP_MEMBER,01_BASELINE_THROUGH_2026-08-24_1938Z/EMOPET_BASELINE_v3.0_CONTROLLED/11_VALIDATION_AND_EVIDENCE/VAL-001_MAT_Phase0_Controller_v0.4_extracted/EMOPET_MAT_Phase0_Controller_v0.4/registers/risks.csv,,risks,BATCH 2,MAT,INTERNAL CONTROLLED HANDLING — SOURCE CLASSIFICATION NOT STATED,Science / Evidence Review — FUNCTIONAL OWNER / HUMAN ASSIGNMENT OPEN,SOURCE REVISION NOT STATED / NOT VERIFIED,ARCHIVE-EXTRACTED SOURCE MEMBER — 84/84 BYTE-IDENTICAL,HISTORICAL VALIDATION/SOURCE SNAPSHOT — PARTIALLY SUPERSEDED,RECONCILED 2026-08-27 — NOT RELEASED,INCLUSION TO DECIDE,INTERNAL_INCLUSION_DECISION_OPEN,EXPLICIT APPROVAL REQUIRED,EXPLICIT_PUBLICATION_APPROVAL_REQUIRED,NOT STARTED,DO_NOT_PUBLISH_RESTRICTED_OR_UNAPPROVED,NOT_RELEASED,"Internal review candidacy does not establish external publication, release, validation, transmission or manufacturing authority."
ZIP-0323,IMMUTABLE_SOURCE_ZIP_MEMBER,01_BASELINE_THROUGH_2026-08-24_1938Z/EMOPET_BASELINE_v3.0_CONTROLLED/11_VALIDATION_AND_EVIDENCE/VAL-001_MAT_Phase0_Controller_v0.4_extracted/EMOPET_MAT_Phase0_Controller_v0.4/registers/run_matrix.csv,,run_matrix,BATCH 2,MAT,INTERNAL CONTROLLED HANDLING — SOURCE CLASSIFICATION NOT STATED,Science / Evidence Review — FUNCTIONAL OWNER / HUMAN ASSIGNMENT OPEN,SOURCE REVISION NOT STATED / NOT VERIFIED,ARCHIVE-EXTRACTED SOURCE MEMBER — 84/84 BYTE-IDENTICAL,HISTORICAL VALIDATION/SOURCE SNAPSHOT — PARTIALLY SUPERSEDED,RECONCILED 2026-08-27 — NOT RELEASED,INCLUSION TO DECIDE,INTERNAL_INCLUSION_DECISION_OPEN,EXPLICIT APPROVAL REQUIRED,EXPLICIT_PUBLICATION_APPROVAL_REQUIRED,NOT STARTED,DO_NOT_PUBLISH_RESTRICTED_OR_UNAPPROVED,NOT_RELEASED,"Internal review candidacy does not establish external publication, release, validation, transmission or manufacturing authority."
ZIP-0324,IMMUTABLE_SOURCE_ZIP_MEMBER,01_BASELINE_THROUGH_2026-08-24_1938Z/EMOPET_BASELINE_v3.0_CONTROLLED/11_VALIDATION_AND_EVIDENCE/VAL-001_MAT_Phase0_Controller_v0.4_extracted/EMOPET_MAT_Phase0_Controller_v0.4/registers/source_registry.csv,,source_registry,BATCH 2,MAT,INTERNAL CONTROLLED HANDLING — SOURCE CLASSIFICATION NOT STATED,Science / Evidence Review — FUNCTIONAL OWNER / HUMAN ASSIGNMENT OPEN,SOURCE REVISION NOT STATED / NOT VERIFIED,ARCHIVE-EXTRACTED SOURCE MEMBER — 84/84 BYTE-IDENTICAL,HISTORICAL VALIDATION/SOURCE SNAPSHOT — PARTIALLY SUPERSEDED,RECONCILED 2026-08-27 — NOT RELEASED,INCLUSION TO DECIDE,INTERNAL_INCLUSION_DECISION_OPEN,EXPLICIT APPROVAL REQUIRED,EXPLICIT_PUBLICATION_APPROVAL_REQUIRED,NOT STARTED,DO_NOT_PUBLISH_RESTRICTED_OR_UNAPPROVED,NOT_RELEASED,"Internal review candidacy does not establish external publication, release, validation, transmission or manufacturing authority."
ZIP-0325,IMMUTABLE_SOURCE_ZIP_MEMBER,01_BASELINE_THROUGH_2026-08-24_1938Z/EMOPET_BASELINE_v3.0_CONTROLLED/11_VALIDATION_AND_EVIDENCE/VAL-001_MAT_Phase0_Controller_v0.4_extracted/EMOPET_MAT_Phase0_Controller_v0.4/registers/test_procedure_matrix.csv,,test_procedure_matrix,BATCH 2,MAT,INTERNAL CONTROLLED HANDLING — SOURCE CLASSIFICATION NOT STATED,Science / Evidence Review — FUNCTIONAL OWNER / HUMAN ASSIGNMENT OPEN,SOURCE REVISION NOT STATED / NOT VERIFIED,ARCHIVE-EXTRACTED SOURCE MEMBER — 84/84 BYTE-IDENTICAL,HISTORICAL VALIDATION/SOURCE SNAPSHOT — PARTIALLY SUPERSEDED,RECONCILED 2026-08-27 — NOT RELEASED,INCLUSION TO DECIDE,INTERNAL_INCLUSION_DECISION_OPEN,EXPLICIT APPROVAL REQUIRED,EXPLICIT_PUBLICATION_APPROVAL_REQUIRED,NOT STARTED,DO_NOT_PUBLISH_RESTRICTED_OR_UNAPPROVED,NOT_RELEASED,"Internal review candidacy does not establish external publication, release, validation, transmission or manufacturing authority."
ZIP-0326,IMMUTABLE_SOURCE_ZIP_MEMBER,01_BASELINE_THROUGH_2026-08-24_1938Z/EMOPET_BASELINE_v3.0_CONTROLLED/11_VALIDATION_AND_EVIDENCE/VAL-001_MAT_Phase0_Controller_v0.4_extracted/EMOPET_MAT_Phase0_Controller_v0.4/supplier_safe/01_RFQ_Phase0_Bench.md,,01_RFQ_Phase0_Bench,BATCH 2,MAT,INTERNAL CONTROLLED HANDLING — SOURCE CLASSIFICATION NOT STATED,Science / Evidence Review — FUNCTIONAL OWNER / HUMAN ASSIGNMENT OPEN,SOURCE REVISION NOT STATED / NOT VERIFIED,ARCHIVE-EXTRACTED SOURCE MEMBER — 84/84 BYTE-IDENTICAL,HISTORICAL VALIDATION/SOURCE SNAPSHOT — PARTIALLY SUPERSEDED,RECONCILED 2026-08-27 — NOT RELEASED,INCLUSION TO DECIDE,INTERNAL_INCLUSION_DECISION_OPEN,EXPLICIT APPROVAL REQUIRED,EXPLICIT_PUBLICATION_APPROVAL_REQUIRED,NOT STARTED,DO_NOT_PUBLISH_RESTRICTED_OR_UNAPPROVED,NOT_RELEASED,"Internal review candidacy does not establish external publication, release, validation, transmission or manufacturing authority."
ZIP-0327,IMMUTABLE_SOURCE_ZIP_MEMBER,01_BASELINE_THROUGH_2026-08-24_1938Z/EMOPET_BASELINE_v3.0_CONTROLLED/11_VALIDATION_AND_EVIDENCE/VAL-001_MAT_Phase0_Controller_v0.4_extracted/EMOPET_MAT_Phase0_Controller_v0.4/supplier_safe/02_Deliverables_Checklist.csv,,02_Deliverables_Checklist,BATCH 2,MAT,INTERNAL CONTROLLED HANDLING — SOURCE CLASSIFICATION NOT STATED,Science / Evidence Review — FUNCTIONAL OWNER / HUMAN ASSIGNMENT OPEN,SOURCE REVISION NOT STATED / NOT VERIFIED,ARCHIVE-EXTRACTED SOURCE MEMBER — 84/84 BYTE-IDENTICAL,HISTORICAL VALIDATION/SOURCE SNAPSHOT — PARTIALLY SUPERSEDED,RECONCILED 2026-08-27 — NOT RELEASED,INCLUSION TO DECIDE,INTERNAL_INCLUSION_DECISION_OPEN,EXPLICIT APPROVAL REQUIRED,EXPLICIT_PUBLICATION_APPROVAL_REQUIRED,NOT STARTED,DO_NOT_PUBLISH_RESTRICTED_OR_UNAPPROVED,NOT_RELEASED,"Internal review candidacy does not establish external publication, release, validation, transmission or manufacturing authority."
ZIP-0328,IMMUTABLE_SOURCE_ZIP_MEMBER,01_BASELINE_THROUGH_2026-08-24_1938Z/EMOPET_BASELINE_v3.0_CONTROLLED/11_VALIDATION_AND_EVIDENCE/VAL-001_MAT_Phase0_Controller_v0.4_extracted/EMOPET_MAT_Phase0_Controller_v0.4/supplier_safe/03_Limited_Instrument_Candidate_List.csv,,03_Limited_Instrument_Candidate_List,BATCH 2,MAT,INTERNAL CONTROLLED HANDLING — SOURCE CLASSIFICATION NOT STATED,Science / Evidence Review — FUNCTIONAL OWNER / HUMAN ASSIGNMENT OPEN,SOURCE REVISION NOT STATED / NOT VERIFIED,ARCHIVE-EXTRACTED SOURCE MEMBER — 84/84 BYTE-IDENTICAL,HISTORICAL VALIDATION/SOURCE SNAPSHOT — PARTIALLY SUPERSEDED,RECONCILED 2026-08-27 — NOT RELEASED,INCLUSION TO DECIDE,INTERNAL_INCLUSION_DECISION_OPEN,EXPLICIT APPROVAL REQUIRED,EXPLICIT_PUBLICATION_APPROVAL_REQUIRED,NOT STARTED,DO_NOT_PUBLISH_RESTRICTED_OR_UNAPPROVED,NOT_RELEASED,"Internal review candidacy does not establish external publication, release, validation, transmission or manufacturing authority."
ZIP-0329,IMMUTABLE_SOURCE_ZIP_MEMBER,01_BASELINE_THROUGH_2026-08-24_1938Z/EMOPET_BASELINE_v3.0_CONTROLLED/11_VALIDATION_AND_EVIDENCE/VAL-001_MAT_Phase0_Controller_v0.4_extracted/EMOPET_MAT_Phase0_Controller_v0.4/supplier_safe/04_Email_Draft_to_MOKO.md,,04_Email_Draft_to_MOKO,BATCH 2,MAT,INTERNAL CONTROLLED HANDLING — SOURCE CLASSIFICATION NOT STATED,Science / Evidence Review — FUNCTIONAL OWNER / HUMAN ASSIGNMENT OPEN,SOURCE REVISION NOT STATED / NOT VERIFIED,ARCHIVE-EXTRACTED SOURCE MEMBER — 84/84 BYTE-IDENTICAL,HISTORICAL VALIDATION/SOURCE SNAPSHOT — PARTIALLY SUPERSEDED,RECONCILED 2026-08-27 — NOT RELEASED,INCLUSION TO DECIDE,INTERNAL_INCLUSION_DECISION_OPEN,EXPLICIT APPROVAL REQUIRED,EXPLICIT_PUBLICATION_APPROVAL_REQUIRED,NOT STARTED,DO_NOT_PUBLISH_RESTRICTED_OR_UNAPPROVED,NOT_RELEASED,"Internal review candidacy does not establish external publication, release, validation, transmission or manufacturing authority."
ZIP-0330,IMMUTABLE_SOURCE_ZIP_MEMBER,01_BASELINE_THROUGH_2026-08-24_1938Z/EMOPET_BASELINE_v3.0_CONTROLLED/11_VALIDATION_AND_EVIDENCE/VAL-001_MAT_Phase0_Controller_v0.4_extracted/EMOPET_MAT_Phase0_Controller_v0.4/supplier_safe/05_Disclosure_Notice.md,,05_Disclosure_Notice,BATCH 2,MAT,INTERNAL CONTROLLED HANDLING — SOURCE CLASSIFICATION NOT STATED,Science / Evidence Review — FUNCTIONAL OWNER / HUMAN ASSIGNMENT OPEN,SOURCE REVISION NOT STATED / NOT VERIFIED,ARCHIVE-EXTRACTED SOURCE MEMBER — 84/84 BYTE-IDENTICAL,HISTORICAL VALIDATION/SOURCE SNAPSHOT — PARTIALLY SUPERSEDED,RECONCILED 2026-08-27 — NOT RELEASED,INCLUSION TO DECIDE,INTERNAL_INCLUSION_DECISION_OPEN,EXPLICIT APPROVAL REQUIRED,EXPLICIT_PUBLICATION_APPROVAL_REQUIRED,NOT STARTED,DO_NOT_PUBLISH_RESTRICTED_OR_UNAPPROVED,NOT_RELEASED,"Internal review candidacy does not establish external publication, release, validation, transmission or manufacturing authority."
ZIP-0331,IMMUTABLE_SOURCE_ZIP_MEMBER,01_BASELINE_THROUGH_2026-08-24_1938Z/EMOPET_BASELINE_v3.0_CONTROLLED/11_VALIDATION_AND_EVIDENCE/VAL-001_MAT_Phase0_Controller_v0.4_extracted/EMOPET_MAT_Phase0_Controller_v0.4/supplier_safe/06_Transmission_Manifest_Template.csv,,06_Transmission_Manifest_Template,BATCH 2,MAT,INTERNAL CONTROLLED HANDLING — SOURCE CLASSIFICATION NOT STATED,Science / Evidence Review — FUNCTIONAL OWNER / HUMAN ASSIGNMENT OPEN,SOURCE REVISION NOT STATED / NOT VERIFIED,ARCHIVE-EXTRACTED SOURCE MEMBER — 84/84 BYTE-IDENTICAL,HISTORICAL VALIDATION/SOURCE SNAPSHOT — PARTIALLY SUPERSEDED,RECONCILED 2026-08-27 — NOT RELEASED,INCLUSION TO DECIDE,INTERNAL_INCLUSION_DECISION_OPEN,EXPLICIT APPROVAL REQUIRED,EXPLICIT_PUBLICATION_APPROVAL_REQUIRED,NOT STARTED,DO_NOT_PUBLISH_RESTRICTED_OR_UNAPPROVED,NOT_RELEASED,"Internal review candidacy does not establish external publication, release, validation, transmission or manufacturing authority."
ZIP-0332,IMMUTABLE_SOURCE_ZIP_MEMBER,01_BASELINE_THROUGH_2026-08-24_1938Z/EMOPET_BASELINE_v3.0_CONTROLLED/11_VALIDATION_AND_EVIDENCE/VAL-001_MAT_Phase0_Controller_v0.4_extracted/EMOPET_MAT_Phase0_Controller_v0.4/supplier_safe/README.md,,README,BATCH 2,MAT,INTERNAL CONTROLLED HANDLING — SOURCE CLASSIFICATION NOT STATED,Science / Evidence Review — FUNCTIONAL OWNER / HUMAN ASSIGNMENT OPEN,SOURCE REVISION NOT STATED / NOT VERIFIED,ARCHIVE-EXTRACTED SOURCE MEMBER — 84/84 BYTE-IDENTICAL,HISTORICAL VALIDATION/SOURCE SNAPSHOT — PARTIALLY SUPERSEDED,RECONCILED 2026-08-27 — NOT RELEASED,INCLUSION TO DECIDE,INTERNAL_INCLUSION_DECISION_OPEN,EXPLICIT APPROVAL REQUIRED,EXPLICIT_PUBLICATION_APPROVAL_REQUIRED,NOT STARTED,DO_NOT_PUBLISH_RESTRICTED_OR_UNAPPROVED,NOT_RELEASED,"Internal review candidacy does not establish external publication, release, validation, transmission or manufacturing authority."
ZIP-0333,IMMUTABLE_SOURCE_ZIP_MEMBER,01_BASELINE_THROUGH_2026-08-24_1938Z/EMOPET_BASELINE_v3.0_CONTROLLED/11_VALIDATION_AND_EVIDENCE/VAL-001_MAT_Phase0_Controller_v0.4_extracted/EMOPET_MAT_Phase0_Controller_v0.4/tools/generate_synthetic_dataset.py,,generate_synthetic_dataset,BATCH 2,MAT,INTERNAL CONTROLLED HANDLING — SOURCE CLASSIFICATION NOT STATED,Science / Evidence Review — FUNCTIONAL OWNER / HUMAN ASSIGNMENT OPEN,SOURCE REVISION NOT STATED / NOT VERIFIED,ARCHIVE-EXTRACTED SOURCE MEMBER — 84/84 BYTE-IDENTICAL,HISTORICAL VALIDATION/SOURCE SNAPSHOT — PARTIALLY SUPERSEDED,RECONCILED 2026-08-27 — NOT RELEASED,INCLUSION TO DECIDE,INTERNAL_INCLUSION_DECISION_OPEN,EXPLICIT APPROVAL REQUIRED,EXPLICIT_PUBLICATION_APPROVAL_REQUIRED,NOT STARTED,DO_NOT_PUBLISH_RESTRICTED_OR_UNAPPROVED,NOT_RELEASED,"Internal review candidacy does not establish external publication, release, validation, transmission or manufacturing authority."
ZIP-0334,IMMUTABLE_SOURCE_ZIP_MEMBER,01_BASELINE_THROUGH_2026-08-24_1938Z/EMOPET_BASELINE_v3.0_CONTROLLED/11_VALIDATION_AND_EVIDENCE/VAL-001_MAT_Phase0_Controller_v0.4_extracted/EMOPET_MAT_Phase0_Controller_v0.4/tools/validate_dataset.py,,validate_dataset,BATCH 2,MAT,INTERNAL CONTROLLED HANDLING — SOURCE CLASSIFICATION NOT STATED,Science / Evidence Review — FUNCTIONAL OWNER / HUMAN ASSIGNMENT OPEN,SOURCE REVISION NOT STATED / NOT VERIFIED,ARCHIVE-EXTRACTED SOURCE MEMBER — 84/84 BYTE-IDENTICAL,HISTORICAL VALIDATION/SOURCE SNAPSHOT — PARTIALLY SUPERSEDED,RECONCILED 2026-08-27 — NOT RELEASED,INCLUSION TO DECIDE,INTERNAL_INCLUSION_DECISION_OPEN,EXPLICIT APPROVAL REQUIRED,EXPLICIT_PUBLICATION_APPROVAL_REQUIRED,NOT STARTED,DO_NOT_PUBLISH_RESTRICTED_OR_UNAPPROVED,NOT_RELEASED,"Internal review candidacy does not establish external publication, release, validation, transmission or manufacturing authority."
ZIP-0335,IMMUTABLE_SOURCE_ZIP_MEMBER,01_BASELINE_THROUGH_2026-08-24_1938Z/EMOPET_BASELINE_v3.0_CONTROLLED/11_VALIDATION_AND_EVIDENCE/VAL-001_MAT_Phase0_Controller_v0.4_extracted/EMOPET_MAT_Phase0_Controller_v0.4/validation/GO_ITERATE_NO_GO_TEMPLATE.md,,GO_ITERATE_NO_GO_TEMPLATE,BATCH 2,MAT,INTERNAL CONTROLLED HANDLING — SOURCE CLASSIFICATION NOT STATED,Science / Evidence Review — FUNCTIONAL OWNER / HUMAN ASSIGNMENT OPEN,SOURCE REVISION NOT STATED / NOT VERIFIED,ARCHIVE-EXTRACTED SOURCE MEMBER — 84/84 BYTE-IDENTICAL,HISTORICAL VALIDATION/SOURCE SNAPSHOT — PARTIALLY SUPERSEDED,RECONCILED 2026-08-27 — NOT RELEASED,INCLUSION TO DECIDE,INTERNAL_INCLUSION_DECISION_OPEN,EXPLICIT APPROVAL REQUIRED,EXPLICIT_PUBLICATION_APPROVAL_REQUIRED,NOT STARTED,DO_NOT_PUBLISH_RESTRICTED_OR_UNAPPROVED,NOT_RELEASED,"Internal review candidacy does not establish external publication, release, validation, transmission or manufacturing authority."
ZIP-0336,IMMUTABLE_SOURCE_ZIP_MEMBER,01_BASELINE_THROUGH_2026-08-24_1938Z/EMOPET_BASELINE_v3.0_CONTROLLED/11_VALIDATION_AND_EVIDENCE/VAL-001_MAT_Phase0_Controller_v0.4_extracted/EMOPET_MAT_Phase0_Controller_v0.4/validation/Phase0_v0.3_Verification_Record.md,,Phase0_v0.3_Verification_Record,BATCH 2,MAT,INTERNAL CONTROLLED HANDLING — SOURCE CLASSIFICATION NOT STATED,Science / Evidence Review — FUNCTIONAL OWNER / HUMAN ASSIGNMENT OPEN,SOURCE REVISION NOT STATED / NOT VERIFIED,ARCHIVE-EXTRACTED SOURCE MEMBER — 84/84 BYTE-IDENTICAL,HISTORICAL VALIDATION/SOURCE SNAPSHOT — PARTIALLY SUPERSEDED,RECONCILED 2026-08-27 — NOT RELEASED,INCLUSION TO DECIDE,INTERNAL_INCLUSION_DECISION_OPEN,EXPLICIT APPROVAL REQUIRED,EXPLICIT_PUBLICATION_APPROVAL_REQUIRED,NOT STARTED,DO_NOT_PUBLISH_RESTRICTED_OR_UNAPPROVED,NOT_RELEASED,"Internal review candidacy does not establish external publication, release, validation, transmission or manufacturing authority."
ZIP-0337,IMMUTABLE_SOURCE_ZIP_MEMBER,01_BASELINE_THROUGH_2026-08-24_1938Z/EMOPET_BASELINE_v3.0_CONTROLLED/11_VALIDATION_AND_EVIDENCE/VAL-001_MAT_Phase0_Controller_v0.4_extracted/EMOPET_MAT_Phase0_Controller_v0.4/validation/Phase0_v0.4_Verification_Record.md,,Phase0_v0.4_Verification_Record,BATCH 2,MAT,INTERNAL CONTROLLED HANDLING — SOURCE CLASSIFICATION NOT STATED,Science / Evidence Review — FUNCTIONAL OWNER / HUMAN ASSIGNMENT OPEN,SOURCE REVISION NOT STATED / NOT VERIFIED,ARCHIVE-EXTRACTED SOURCE MEMBER — 84/84 BYTE-IDENTICAL,HISTORICAL VALIDATION/SOURCE SNAPSHOT — PARTIALLY SUPERSEDED,RECONCILED 2026-08-27 — NOT RELEASED,INCLUSION TO DECIDE,INTERNAL_INCLUSION_DECISION_OPEN,EXPLICIT APPROVAL REQUIRED,EXPLICIT_PUBLICATION_APPROVAL_REQUIRED,NOT STARTED,DO_NOT_PUBLISH_RESTRICTED_OR_UNAPPROVED,NOT_RELEASED,"Internal review candidacy does not establish external publication, release, validation, transmission or manufacturing authority."
ZIP-0338,IMMUTABLE_SOURCE_ZIP_MEMBER,01_BASELINE_THROUGH_2026-08-24_1938Z/EMOPET_BASELINE_v3.0_CONTROLLED/11_VALIDATION_AND_EVIDENCE/VAL-001_MAT_Phase0_Controller_v0.4_extracted/EMOPET_MAT_Phase0_Controller_v0.4/validation/TEST_RECORD_TEMPLATE.md,,TEST_RECORD_TEMPLATE,BATCH 2,MAT,INTERNAL CONTROLLED HANDLING — SOURCE CLASSIFICATION NOT STATED,Science / Evidence Review — FUNCTIONAL OWNER / HUMAN ASSIGNMENT OPEN,SOURCE REVISION NOT STATED / NOT VERIFIED,ARCHIVE-EXTRACTED SOURCE MEMBER — 84/84 BYTE-IDENTICAL,HISTORICAL VALIDATION/SOURCE SNAPSHOT — PARTIALLY SUPERSEDED,RECONCILED 2026-08-27 — NOT RELEASED,INCLUSION TO DECIDE,INTERNAL_INCLUSION_DECISION_OPEN,EXPLICIT APPROVAL REQUIRED,EXPLICIT_PUBLICATION_APPROVAL_REQUIRED,NOT STARTED,DO_NOT_PUBLISH_RESTRICTED_OR_UNAPPROVED,NOT_RELEASED,"Internal review candidacy does not establish external publication, release, validation, transmission or manufacturing authority."
ZIP-0339,IMMUTABLE_SOURCE_ZIP_MEMBER,01_BASELINE_THROUGH_2026-08-24_1938Z/EMOPET_BASELINE_v3.0_CONTROLLED/11_VALIDATION_AND_EVIDENCE/VAL-001_MAT_Phase0_Controller_v0.4_extracted/EMOPET_MAT_Phase0_Controller_v0.4/validation/synthetic/synthetic_invalid_loadcell_as_piezo.csv,,synthetic_invalid_loadcell_as_piezo,BATCH 2,MAT,INTERNAL CONTROLLED HANDLING — SOURCE CLASSIFICATION NOT STATED,Science / Evidence Review — FUNCTIONAL OWNER / HUMAN ASSIGNMENT OPEN,SOURCE REVISION NOT STATED / NOT VERIFIED,ARCHIVE-EXTRACTED SOURCE MEMBER — 84/84 BYTE-IDENTICAL,HISTORICAL VALIDATION/SOURCE SNAPSHOT — PARTIALLY SUPERSEDED,RECONCILED 2026-08-27 — NOT RELEASED,INCLUSION TO DECIDE,INTERNAL_INCLUSION_DECISION_OPEN,EXPLICIT APPROVAL REQUIRED,EXPLICIT_PUBLICATION_APPROVAL_REQUIRED,NOT STARTED,DO_NOT_PUBLISH_RESTRICTED_OR_UNAPPROVED,NOT_RELEASED,"Internal review candidacy does not establish external publication, release, validation, transmission or manufacturing authority."
ZIP-0340,IMMUTABLE_SOURCE_ZIP_MEMBER,01_BASELINE_THROUGH_2026-08-24_1938Z/EMOPET_BASELINE_v3.0_CONTROLLED/11_VALIDATION_AND_EVIDENCE/VAL-001_MAT_Phase0_Controller_v0.4_extracted/EMOPET_MAT_Phase0_Controller_v0.4/validation/synthetic/synthetic_valid_samples.csv,,synthetic_valid_samples,BATCH 2,MAT,INTERNAL CONTROLLED HANDLING — SOURCE CLASSIFICATION NOT STATED,Science / Evidence Review — FUNCTIONAL OWNER / HUMAN ASSIGNMENT OPEN,SOURCE REVISION NOT STATED / NOT VERIFIED,ARCHIVE-EXTRACTED SOURCE MEMBER — 84/84 BYTE-IDENTICAL,HISTORICAL VALIDATION/SOURCE SNAPSHOT — PARTIALLY SUPERSEDED,RECONCILED 2026-08-27 — NOT RELEASED,INCLUSION TO DECIDE,INTERNAL_INCLUSION_DECISION_OPEN,EXPLICIT APPROVAL REQUIRED,EXPLICIT_PUBLICATION_APPROVAL_REQUIRED,NOT STARTED,DO_NOT_PUBLISH_RESTRICTED_OR_UNAPPROVED,NOT_RELEASED,"Internal review candidacy does not establish external publication, release, validation, transmission or manufacturing authority."
ZIP-0341,IMMUTABLE_SOURCE_ZIP_MEMBER,01_BASELINE_THROUGH_2026-08-24_1938Z/EMOPET_BASELINE_v3.0_CONTROLLED/11_VALIDATION_AND_EVIDENCE/VAL-001_MAT_Phase0_Controller_v0.4_extracted/EMOPET_MAT_Phase0_Controller_v0.4/validation/templates/BENCH_PREFLIGHT_CHECKLIST.csv,,BENCH_PREFLIGHT_CHECKLIST,BATCH 2,MAT,INTERNAL CONTROLLED HANDLING — SOURCE CLASSIFICATION NOT STATED,Science / Evidence Review — FUNCTIONAL OWNER / HUMAN ASSIGNMENT OPEN,SOURCE REVISION NOT STATED / NOT VERIFIED,ARCHIVE-EXTRACTED SOURCE MEMBER — 84/84 BYTE-IDENTICAL,HISTORICAL VALIDATION/SOURCE SNAPSHOT — PARTIALLY SUPERSEDED,RECONCILED 2026-08-27 — NOT RELEASED,INCLUSION TO DECIDE,INTERNAL_INCLUSION_DECISION_OPEN,EXPLICIT APPROVAL REQUIRED,EXPLICIT_PUBLICATION_APPROVAL_REQUIRED,NOT STARTED,DO_NOT_PUBLISH_RESTRICTED_OR_UNAPPROVED,NOT_RELEASED,"Internal review candidacy does not establish external publication, release, validation, transmission or manufacturing authority."
ZIP-0342,IMMUTABLE_SOURCE_ZIP_MEMBER,01_BASELINE_THROUGH_2026-08-24_1938Z/EMOPET_BASELINE_v3.0_CONTROLLED/11_VALIDATION_AND_EVIDENCE/VAL-001_MAT_Phase0_Controller_v0.4_extracted/EMOPET_MAT_Phase0_Controller_v0.4/validation/templates/EVIDENCE_INDEX_TEMPLATE.csv,,EVIDENCE_INDEX_TEMPLATE,BATCH 2,MAT,INTERNAL CONTROLLED HANDLING — SOURCE CLASSIFICATION NOT STATED,Science / Evidence Review — FUNCTIONAL OWNER / HUMAN ASSIGNMENT OPEN,SOURCE REVISION NOT STATED / NOT VERIFIED,ARCHIVE-EXTRACTED SOURCE MEMBER — 84/84 BYTE-IDENTICAL,HISTORICAL VALIDATION/SOURCE SNAPSHOT — PARTIALLY SUPERSEDED,RECONCILED 2026-08-27 — NOT RELEASED,INCLUSION TO DECIDE,INTERNAL_INCLUSION_DECISION_OPEN,EXPLICIT APPROVAL REQUIRED,EXPLICIT_PUBLICATION_APPROVAL_REQUIRED,NOT STARTED,DO_NOT_PUBLISH_RESTRICTED_OR_UNAPPROVED,NOT_RELEASED,"Internal review candidacy does not establish external publication, release, validation, transmission or manufacturing authority."
ZIP-0343,IMMUTABLE_SOURCE_ZIP_MEMBER,01_BASELINE_THROUGH_2026-08-24_1938Z/EMOPET_BASELINE_v3.0_CONTROLLED/11_VALIDATION_AND_EVIDENCE/VAL-001_MAT_Phase0_Controller_v0.4_extracted/EMOPET_MAT_Phase0_Controller_v0.4/validation/templates/RUN_MANIFEST_TEMPLATE.json,,RUN_MANIFEST_TEMPLATE,BATCH 2,MAT,INTERNAL CONTROLLED HANDLING — SOURCE CLASSIFICATION NOT STATED,Science / Evidence Review — FUNCTIONAL OWNER / HUMAN ASSIGNMENT OPEN,SOURCE REVISION NOT STATED / NOT VERIFIED,ARCHIVE-EXTRACTED SOURCE MEMBER — 84/84 BYTE-IDENTICAL,HISTORICAL VALIDATION/SOURCE SNAPSHOT — PARTIALLY SUPERSEDED,RECONCILED 2026-08-27 — NOT RELEASED,INCLUSION TO DECIDE,INTERNAL_INCLUSION_DECISION_OPEN,EXPLICIT APPROVAL REQUIRED,EXPLICIT_PUBLICATION_APPROVAL_REQUIRED,NOT STARTED,DO_NOT_PUBLISH_RESTRICTED_OR_UNAPPROVED,NOT_RELEASED,"Internal review candidacy does not establish external publication, release, validation, transmission or manufacturing authority."
ZIP-0344,IMMUTABLE_SOURCE_ZIP_MEMBER,01_BASELINE_THROUGH_2026-08-24_1938Z/EMOPET_BASELINE_v3.0_CONTROLLED/12_GLOBAL_PROGRESS_UPDATE_2026-08-24/CLAUDE_HANDOFF/EMOPET_SINGLE_FILE_BASELINE_CONTEXT_2026-08-24.md,,EMOPET_SINGLE_FILE_BASELINE_CONTEXT_2026-08-24,BATCH 9,GOVERNANCE,INTERNAL CONTROLLED HANDLING — SOURCE CLASSIFICATION NOT STATED,Document Control / Engineering,SOURCE REVISION NOT STATED / NOT VERIFIED,PRESERVE FOR TRACEABILITY / NOT CURRENT RELEASE OR IMPLEMENTATION PROOF,HISTORICAL OR SUPPORTING CONTEXT / CURRENT AUTHORITIES GOVERN,RECONCILED 2026-08-28 — BATCH 9 / NOT RELEASED,INCLUDE WITH CONTROL NOTES,INTERNAL_REVIEW_CANDIDATE_WITH_CONTROLS,EXCLUDE,EXCLUDED_FROM_PUBLIC_PROFILE,STATIC QA ONLY / PRIOR QA REUSED WHERE APPLICABLE / NOT FINAL PUBLICATION EVIDENCE,DO_NOT_PUBLISH_RESTRICTED_OR_UNAPPROVED,NOT_RELEASED,"Internal review candidacy does not establish external publication, release, validation, transmission or manufacturing authority."
ZIP-0345,IMMUTABLE_SOURCE_ZIP_MEMBER,01_BASELINE_THROUGH_2026-08-24_1938Z/EMOPET_BASELINE_v3.0_CONTROLLED/12_GLOBAL_PROGRESS_UPDATE_2026-08-24/GLOBAL_PROGRESS_LEDGER_2026-08-24.md,,GLOBAL_PROGRESS_LEDGER_2026-08-24,BATCH 9,GOVERNANCE,INTERNAL CONTROLLED HANDLING — SOURCE CLASSIFICATION NOT STATED,Document Control / Engineering,SOURCE REVISION NOT STATED / NOT VERIFIED,PRESERVE FOR TRACEABILITY / NOT CURRENT RELEASE OR IMPLEMENTATION PROOF,HISTORICAL OR SUPPORTING CONTEXT / CURRENT AUTHORITIES GOVERN,RECONCILED 2026-08-28 — BATCH 9 / NOT RELEASED,INCLUDE WITH CONTROL NOTES,INTERNAL_REVIEW_CANDIDATE_WITH_CONTROLS,EXCLUDE,EXCLUDED_FROM_PUBLIC_PROFILE,STATIC QA ONLY / PRIOR QA REUSED WHERE APPLICABLE / NOT FINAL PUBLICATION EVIDENCE,DO_NOT_PUBLISH_RESTRICTED_OR_UNAPPROVED,NOT_RELEASED,"Internal review candidacy does not establish external publication, release, validation, transmission or manufacturing authority."
ZIP-0346,IMMUTABLE_SOURCE_ZIP_MEMBER,01_BASELINE_THROUGH_2026-08-24_1938Z/EMOPET_BASELINE_v3.0_CONTROLLED/12_GLOBAL_PROGRESS_UPDATE_2026-08-24/GNSS_GOVERNANCE_CORRECTION_2026-08-24.md,,GNSS_GOVERNANCE_CORRECTION_2026-08-24,BATCH 9,TAG,INTERNAL CONTROLLED HANDLING — SOURCE CLASSIFICATION NOT STATED,Document Control / Engineering,SOURCE REVISION NOT STATED / NOT VERIFIED,PRESERVE FOR TRACEABILITY / NOT CURRENT RELEASE OR IMPLEMENTATION PROOF,HISTORICAL OR SUPPORTING CONTEXT / CURRENT AUTHORITIES GOVERN,RECONCILED 2026-08-28 — BATCH 9 / NOT RELEASED,INCLUDE WITH CONTROL NOTES,INTERNAL_REVIEW_CANDIDATE_WITH_CONTROLS,EXCLUDE,EXCLUDED_FROM_PUBLIC_PROFILE,STATIC QA ONLY / PRIOR QA REUSED WHERE APPLICABLE / NOT FINAL PUBLICATION EVIDENCE,DO_NOT_PUBLISH_RESTRICTED_OR_UNAPPROVED,NOT_RELEASED,"Internal review candidacy does not establish external publication, release, validation, transmission or manufacturing authority."
ZIP-0347,IMMUTABLE_SOURCE_ZIP_MEMBER,01_BASELINE_THROUGH_2026-08-24_1938Z/EMOPET_BASELINE_v3.0_CONTROLLED/12_GLOBAL_PROGRESS_UPDATE_2026-08-24/MANIFEST.json,,MANIFEST,BATCH 9,GOVERNANCE,INTERNAL CONTROLLED HANDLING — SOURCE CLASSIFICATION NOT STATED,Document Control / Engineering,SOURCE REVISION NOT STATED / NOT VERIFIED,PRESERVE FOR TRACEABILITY / NOT CURRENT RELEASE OR IMPLEMENTATION PROOF,HISTORICAL OR SUPPORTING CONTEXT / CURRENT AUTHORITIES GOVERN,RECONCILED 2026-08-28 — BATCH 9 / NOT RELEASED,INCLUDE WITH CONTROL NOTES,INTERNAL_REVIEW_CANDIDATE_WITH_CONTROLS,EXCLUDE,EXCLUDED_FROM_PUBLIC_PROFILE,STATIC QA ONLY / PRIOR QA REUSED WHERE APPLICABLE / NOT FINAL PUBLICATION EVIDENCE,DO_NOT_PUBLISH_RESTRICTED_OR_UNAPPROVED,NOT_RELEASED,"Internal review candidacy does not establish external publication, release, validation, transmission or manufacturing authority."
ZIP-0348,IMMUTABLE_SOURCE_ZIP_MEMBER,01_BASELINE_THROUGH_2026-08-24_1938Z/EMOPET_BASELINE_v3.0_CONTROLLED/12_GLOBAL_PROGRESS_UPDATE_2026-08-24/MAT_REVA2R1/MAT_CURRENT_STATE_RevA2R1.md,,MAT_CURRENT_STATE_RevA2R1,BATCH 2,MAT,INTERNAL CONTROLLED HANDLING — SOURCE CLASSIFICATION NOT STATED,Engineering / Document Control — FUNCTIONAL OWNER / HUMAN ASSIGNMENT OPEN,SOURCE REVISION NOT STATED / NOT VERIFIED,CURRENT CONTROLLED STATUS SNAPSHOT — NOT DESIGN FREEZE,CURRENT STATUS AUTHORITY — COMPONENT STATES AND LIMITS,RECONCILED 2026-08-27 — NOT RELEASED,INCLUSION TO DECIDE,INTERNAL_INCLUSION_DECISION_OPEN,EXPLICIT APPROVAL REQUIRED,EXPLICIT_PUBLICATION_APPROVAL_REQUIRED,NOT STARTED,DO_NOT_PUBLISH_RESTRICTED_OR_UNAPPROVED,NOT_RELEASED,"Internal review candidacy does not establish external publication, release, validation, transmission or manufacturing authority."
ZIP-0349,IMMUTABLE_SOURCE_ZIP_MEMBER,01_BASELINE_THROUGH_2026-08-24_1938Z/EMOPET_BASELINE_v3.0_CONTROLLED/12_GLOBAL_PROGRESS_UPDATE_2026-08-24/PACKAGE_LINEAGE.md,,PACKAGE_LINEAGE,BATCH 9,GOVERNANCE,INTERNAL CONTROLLED HANDLING — SOURCE CLASSIFICATION NOT STATED,Document Control / Engineering,SOURCE REVISION NOT STATED / NOT VERIFIED,PRESERVE FOR TRACEABILITY / NOT CURRENT RELEASE OR IMPLEMENTATION PROOF,HISTORICAL OR SUPPORTING CONTEXT / CURRENT AUTHORITIES GOVERN,RECONCILED 2026-08-28 — BATCH 9 / NOT RELEASED,INCLUDE WITH CONTROL NOTES,INTERNAL_REVIEW_CANDIDATE_WITH_CONTROLS,EXCLUDE,EXCLUDED_FROM_PUBLIC_PROFILE,STATIC QA ONLY / PRIOR QA REUSED WHERE APPLICABLE / NOT FINAL PUBLICATION EVIDENCE,DO_NOT_PUBLISH_RESTRICTED_OR_UNAPPROVED,NOT_RELEASED,"Internal review candidacy does not establish external publication, release, validation, transmission or manufacturing authority."
ZIP-0350,IMMUTABLE_SOURCE_ZIP_MEMBER,01_BASELINE_THROUGH_2026-08-24_1938Z/EMOPET_BASELINE_v3.0_CONTROLLED/12_GLOBAL_PROGRESS_UPDATE_2026-08-24/RELEASE_NOTES.md,,RELEASE_NOTES,BATCH 9,GOVERNANCE,INTERNAL CONTROLLED HANDLING — SOURCE CLASSIFICATION NOT STATED,Document Control / Engineering,SOURCE REVISION NOT STATED / NOT VERIFIED,PRESERVE FOR TRACEABILITY / NOT CURRENT RELEASE OR IMPLEMENTATION PROOF,HISTORICAL OR SUPPORTING CONTEXT / CURRENT AUTHORITIES GOVERN,RECONCILED 2026-08-28 — BATCH 9 / NOT RELEASED,INCLUDE WITH CONTROL NOTES,INTERNAL_REVIEW_CANDIDATE_WITH_CONTROLS,EXCLUDE,EXCLUDED_FROM_PUBLIC_PROFILE,STATIC QA ONLY / PRIOR QA REUSED WHERE APPLICABLE / NOT FINAL PUBLICATION EVIDENCE,DO_NOT_PUBLISH_RESTRICTED_OR_UNAPPROVED,NOT_RELEASED,"Internal review candidacy does not establish external publication, release, validation, transmission or manufacturing authority."
ZIP-0351,IMMUTABLE_SOURCE_ZIP_MEMBER,01_BASELINE_THROUGH_2026-08-24_1938Z/EMOPET_BASELINE_v3.0_CONTROLLED/12_GLOBAL_PROGRESS_UPDATE_2026-08-24/SHA256SUMS.txt,,SHA256SUMS,BATCH 9,GOVERNANCE,INTERNAL CONTROLLED HANDLING — SOURCE CLASSIFICATION NOT STATED,Document Control / Engineering,SOURCE REVISION NOT STATED / NOT VERIFIED,PRESERVE FOR TRACEABILITY / NOT CURRENT RELEASE OR IMPLEMENTATION PROOF,HISTORICAL OR SUPPORTING CONTEXT / CURRENT AUTHORITIES GOVERN,RECONCILED 2026-08-28 — BATCH 9 / NOT RELEASED,INCLUDE WITH CONTROL NOTES,INTERNAL_REVIEW_CANDIDATE_WITH_CONTROLS,EXCLUDE,EXCLUDED_FROM_PUBLIC_PROFILE,STATIC QA ONLY / PRIOR QA REUSED WHERE APPLICABLE / NOT FINAL PUBLICATION EVIDENCE,DO_NOT_PUBLISH_RESTRICTED_OR_UNAPPROVED,NOT_RELEASED,"Internal review candidacy does not establish external publication, release, validation, transmission or manufacturing authority."
ZIP-0352,IMMUTABLE_SOURCE_ZIP_MEMBER,01_BASELINE_THROUGH_2026-08-24_1938Z/EMOPET_BASELINE_v3.0_CONTROLLED/12_GLOBAL_PROGRESS_UPDATE_2026-08-24/SOURCE_MAP.csv,,SOURCE_MAP,BATCH 9,GOVERNANCE,INTERNAL CONTROLLED HANDLING — SOURCE CLASSIFICATION NOT STATED,Document Control / Engineering,SOURCE REVISION NOT STATED / NOT VERIFIED,PRESERVE FOR TRACEABILITY / NOT CURRENT RELEASE OR IMPLEMENTATION PROOF,HISTORICAL OR SUPPORTING CONTEXT / CURRENT AUTHORITIES GOVERN,RECONCILED 2026-08-28 — BATCH 9 / NOT RELEASED,INCLUDE WITH CONTROL NOTES,INTERNAL_REVIEW_CANDIDATE_WITH_CONTROLS,EXCLUDE,EXCLUDED_FROM_PUBLIC_PROFILE,STATIC QA ONLY / PRIOR QA REUSED WHERE APPLICABLE / NOT FINAL PUBLICATION EVIDENCE,DO_NOT_PUBLISH_RESTRICTED_OR_UNAPPROVED,NOT_RELEASED,"Internal review candidacy does not establish external publication, release, validation, transmission or manufacturing authority."
ZIP-0353,IMMUTABLE_SOURCE_ZIP_MEMBER,01_BASELINE_THROUGH_2026-08-24_1938Z/EMOPET_BASELINE_v3.0_CONTROLLED/12_GLOBAL_PROGRESS_UPDATE_2026-08-24/TAG_PHASE2/MATRIX_R1_1_PENDING_REVIEW_NOTE.md,,MATRIX_R1_1_PENDING_REVIEW_NOTE,BATCH 2,TAG,INTERNAL CONTROLLED HANDLING — SOURCE CLASSIFICATION NOT STATED,Engineering / Document Control — FUNCTIONAL OWNER / HUMAN ASSIGNMENT OPEN,SOURCE REVISION NOT STATED / NOT VERIFIED,CONTROLLED SNAPSHOT / OPEN,STATUS/MODEL SNAPSHOT — NOT DECISION AUTHORITY,RECONCILED 2026-08-27 — NOT RELEASED,INCLUSION TO DECIDE,INTERNAL_INCLUSION_DECISION_OPEN,EXPLICIT APPROVAL REQUIRED,EXPLICIT_PUBLICATION_APPROVAL_REQUIRED,NOT STARTED,DO_NOT_PUBLISH_RESTRICTED_OR_UNAPPROVED,NOT_RELEASED,"Internal review candidacy does not establish external publication, release, validation, transmission or manufacturing authority."
ZIP-0354,IMMUTABLE_SOURCE_ZIP_MEMBER,01_BASELINE_THROUGH_2026-08-24_1938Z/EMOPET_BASELINE_v3.0_CONTROLLED/12_GLOBAL_PROGRESS_UPDATE_2026-08-24/TAG_PHASE2/TAG_PHASE2_POWER_MODEL_FRAMEWORK_R1.md,,TAG_PHASE2_POWER_MODEL_FRAMEWORK_R1,BATCH 2,TAG,INTERNAL CONTROLLED HANDLING — SOURCE CLASSIFICATION NOT STATED,Engineering / Document Control — FUNCTIONAL OWNER / HUMAN ASSIGNMENT OPEN,SOURCE REVISION NOT STATED / NOT VERIFIED,CONTROLLED SNAPSHOT / OPEN,STATUS/MODEL SNAPSHOT — NOT DECISION AUTHORITY,RECONCILED 2026-08-27 — NOT RELEASED,INCLUSION TO DECIDE,INTERNAL_INCLUSION_DECISION_OPEN,EXPLICIT APPROVAL REQUIRED,EXPLICIT_PUBLICATION_APPROVAL_REQUIRED,NOT STARTED,DO_NOT_PUBLISH_RESTRICTED_OR_UNAPPROVED,NOT_RELEASED,"Internal review candidacy does not establish external publication, release, validation, transmission or manufacturing authority."
ZIP-0355,IMMUTABLE_SOURCE_ZIP_MEMBER,01_BASELINE_THROUGH_2026-08-24_1938Z/EMOPET_BASELINE_v3.0_CONTROLLED/12_GLOBAL_PROGRESS_UPDATE_2026-08-24/TAG_PHASE2/TAG_PHASE2_POWER_STATE_MATRIX_R1.csv,,TAG_PHASE2_POWER_STATE_MATRIX_R1,BATCH 2,TAG,INTERNAL CONTROLLED HANDLING — SOURCE CLASSIFICATION NOT STATED,Engineering / Document Control — FUNCTIONAL OWNER / HUMAN ASSIGNMENT OPEN,SOURCE REVISION NOT STATED / NOT VERIFIED,CONTROLLED SNAPSHOT / OPEN,STATUS/MODEL SNAPSHOT — NOT DECISION AUTHORITY,RECONCILED 2026-08-27 — NOT RELEASED,INCLUSION TO DECIDE,INTERNAL_INCLUSION_DECISION_OPEN,EXPLICIT APPROVAL REQUIRED,EXPLICIT_PUBLICATION_APPROVAL_REQUIRED,NOT STARTED,DO_NOT_PUBLISH_RESTRICTED_OR_UNAPPROVED,NOT_RELEASED,"Internal review candidacy does not establish external publication, release, validation, transmission or manufacturing authority."
ZIP-0356,IMMUTABLE_SOURCE_ZIP_MEMBER,01_BASELINE_THROUGH_2026-08-24_1938Z/EMOPET_BASELINE_v3.0_CONTROLLED/CLAUDE_READ_FIRST_EMOPET_2026-08-24.md,,CLAUDE_READ_FIRST_EMOPET_2026-08-24,BATCH 9,GOVERNANCE,INTERNAL CONTROLLED HANDLING — SOURCE CLASSIFICATION NOT STATED,Document Control / Engineering,SOURCE REVISION NOT STATED / NOT VERIFIED,PRESERVE FOR TRACEABILITY / NOT CURRENT RELEASE OR IMPLEMENTATION PROOF,HISTORICAL OR SUPPORTING CONTEXT / CURRENT AUTHORITIES GOVERN,RECONCILED 2026-08-28 — BATCH 9 / NOT RELEASED,INCLUDE WITH CONTROL NOTES,INTERNAL_REVIEW_CANDIDATE_WITH_CONTROLS,EXCLUDE,EXCLUDED_FROM_PUBLIC_PROFILE,STATIC QA ONLY / PRIOR QA REUSED WHERE APPLICABLE / NOT FINAL PUBLICATION EVIDENCE,DO_NOT_PUBLISH_RESTRICTED_OR_UNAPPROVED,NOT_RELEASED,"Internal review candidacy does not establish external publication, release, validation, transmission or manufacturing authority."
ZIP-0357,IMMUTABLE_SOURCE_ZIP_MEMBER,01_BASELINE_THROUGH_2026-08-24_1938Z/EMOPET_BASELINE_v3.0_CONTROLLED/START_HERE_META_AI_2026-08-24.md,,START_HERE_META_AI_2026-08-24,BATCH 9,GOVERNANCE,INTERNAL CONTROLLED HANDLING — SOURCE CLASSIFICATION NOT STATED,Document Control / Engineering,SOURCE REVISION NOT STATED / NOT VERIFIED,PRESERVE FOR TRACEABILITY / NOT CURRENT RELEASE OR IMPLEMENTATION PROOF,HISTORICAL OR SUPPORTING CONTEXT / CURRENT AUTHORITIES GOVERN,RECONCILED 2026-08-28 — BATCH 9 / NOT RELEASED,INCLUDE WITH CONTROL NOTES,INTERNAL_REVIEW_CANDIDATE_WITH_CONTROLS,EXCLUDE,EXCLUDED_FROM_PUBLIC_PROFILE,STATIC QA ONLY / PRIOR QA REUSED WHERE APPLICABLE / NOT FINAL PUBLICATION EVIDENCE,DO_NOT_PUBLISH_RESTRICTED_OR_UNAPPROVED,NOT_RELEASED,"Internal review candidacy does not establish external publication, release, validation, transmission or manufacturing authority."
ZIP-0358,IMMUTABLE_SOURCE_ZIP_MEMBER,02_CURRENT_UPDATES_2026-08-25/00_GOVERNANCE/EMOPET_RECONCILIATION_CLAUDE_2026-08-25.md,GOV-RECONCILIATION-INPUT-2026-08-25,EMOPET_RECONCILIATION_CLAUDE_2026-08-25,BATCH 0,GOV,INTERNAL,Document Control — FUNCTIONAL OWNER / HUMAN ASSIGNMENT OPEN,2026-08-25,DECISION INPUT / AUDIT RECONCILIATION — NOT AUTOMATIC AUTHORITY,RESOLVED AT DOCUMENT LEVEL,DOCUMENT-LEVEL AUTHORITY / REVISION / OWNER / CLASSIFICATION / PROFILE RECONCILED,INCLUDE — SOURCE / CONTROL / EVIDENCE RECORD,INTERNAL_REVIEW_CANDIDATE_WITH_CONTROLS,EXPLICIT PUBLICATION APPROVAL REQUIRED,EXPLICIT_PUBLICATION_APPROVAL_REQUIRED,NOT STARTED,DO_NOT_PUBLISH_RESTRICTED_OR_UNAPPROVED,NOT_RELEASED,"Internal review candidacy does not establish external publication, release, validation, transmission or manufacturing authority."
ZIP-0359,IMMUTABLE_SOURCE_ZIP_MEMBER,02_CURRENT_UPDATES_2026-08-25/01_ENGINEERING/CYBER/EMOPET_CYBER_PACK_INTEGRATION_v1.0.xlsx,SEC-004,EMOPET_CYBER_PACK_INTEGRATION_v1.0,BATCH 4,SEC,INTERNAL CONTROLLED,Security / Software Engineering — FUNCTIONAL OWNER / HUMAN ASSIGNMENT OPEN,"v0.6 — layout-corrected reviewer-ready upgrade, fondée sur le pack v0.4 fourni",WORKING CONTROL INPUT / SEARCH CONCLUSION CORRECTED WHERE APPLICABLE,RESOLVED AT DOCUMENT LEVEL — EXECUTION / VALIDATION / RELEASE STATUS PRESERVED,DOCUMENT-LEVEL AUTHORITY / EVIDENCE RECONCILED 2026-08-27 — NOT RELEASED,INCLUDE — SOURCE / CONTROL / EVIDENCE RECORD,INTERNAL_REVIEW_CANDIDATE_WITH_CONTROLS,EXPLICIT PUBLICATION APPROVAL REQUIRED,EXPLICIT_PUBLICATION_APPROVAL_REQUIRED,NOT APPLICABLE — SOURCE PRESERVED / STATIC PACKAGE QA ONLY,DO_NOT_PUBLISH_RESTRICTED_OR_UNAPPROVED,NOT_RELEASED,"Internal review candidacy does not establish external publication, release, validation, transmission or manufacturing authority."
ZIP-0360,IMMUTABLE_SOURCE_ZIP_MEMBER,02_CURRENT_UPDATES_2026-08-25/01_ENGINEERING/CYBER/EMOPET_Phase0_Engineering_Cyber_Integration_Control_v1.0.docx,EMOPET_Phase0_Engineering_Cyber_Integration_Control_v1.0,EMOPET_Phase0_Engineering_Cyber_Integration_Control_v1.0,BATCH 4,SEC,INTERNAL CONTROLLED,Security / Software Engineering — FUNCTIONAL OWNER / HUMAN ASSIGNMENT OPEN,1,WORKING CONTROL INPUT / SEARCH CONCLUSION CORRECTED WHERE APPLICABLE,RESOLVED AT DOCUMENT LEVEL — EXECUTION / VALIDATION / RELEASE STATUS PRESERVED,DOCUMENT-LEVEL AUTHORITY / EVIDENCE RECONCILED 2026-08-27 — NOT RELEASED,INCLUDE — SOURCE / CONTROL / EVIDENCE RECORD,INTERNAL_REVIEW_CANDIDATE_WITH_CONTROLS,EXPLICIT PUBLICATION APPROVAL REQUIRED,EXPLICIT_PUBLICATION_APPROVAL_REQUIRED,NOT APPLICABLE — SOURCE PRESERVED / STATIC PACKAGE QA ONLY,DO_NOT_PUBLISH_RESTRICTED_OR_UNAPPROVED,NOT_RELEASED,"Internal review candidacy does not establish external publication, release, validation, transmission or manufacturing authority."
ZIP-0361,IMMUTABLE_SOURCE_ZIP_MEMBER,02_CURRENT_UPDATES_2026-08-25/01_ENGINEERING/MAT/EMOPET_MAT_Phase0_Schematic_Capture_Package_RevA.docx,,EMOPET_MAT_Phase0_Schematic_Capture_Package_RevA,BATCH 2,MAT,INTERNAL CONTROLLED HANDLING — SOURCE CLASSIFICATION NOT STATED,Engineering / Document Control — FUNCTIONAL OWNER / HUMAN ASSIGNMENT OPEN,1,PARTIALLY SUPERSEDED — NOT A RELEASE,CURRENT ENGINEERING INPUT — PARTIALLY SUPERSEDED ON LC ADC / AFE / VBIAS STATUS,RECONCILED 2026-08-27 — NOT RELEASED,INCLUSION TO DECIDE,INTERNAL_INCLUSION_DECISION_OPEN,EXPLICIT APPROVAL REQUIRED,EXPLICIT_PUBLICATION_APPROVAL_REQUIRED,NOT STARTED,DO_NOT_PUBLISH_RESTRICTED_OR_UNAPPROVED,NOT_RELEASED,"Internal review candidacy does not establish external publication, release, validation, transmission or manufacturing authority."
ZIP-0362,IMMUTABLE_SOURCE_ZIP_MEMBER,02_CURRENT_UPDATES_2026-08-25/01_ENGINEERING/SUPPLIER_INPUT/EMOPET_MOKO_Consolidated_RFQ_MAT_TAG_Phase0_RevA.docx,,EMOPET_MOKO_Consolidated_RFQ_MAT_TAG_Phase0_RevA,BATCH 2,TAG,INTERNAL CONTROLLED HANDLING — SOURCE CLASSIFICATION NOT STATED,Supplier Governance / Document Control — FUNCTIONAL OWNER / HUMAN ASSIGNMENT OPEN,1,SUPPLIER INPUT / PREPARED_NOT_SENT,QUOTE REQUEST ONLY — NOT SENT / NOT RELEASED,RECONCILED 2026-08-27 — NOT RELEASED,INCLUSION TO DECIDE,INTERNAL_INCLUSION_DECISION_OPEN,EXPLICIT APPROVAL REQUIRED,EXPLICIT_PUBLICATION_APPROVAL_REQUIRED,NOT STARTED,DO_NOT_PUBLISH_RESTRICTED_OR_UNAPPROVED,NOT_RELEASED,"Internal review candidacy does not establish external publication, release, validation, transmission or manufacturing authority."
ZIP-0363,IMMUTABLE_SOURCE_ZIP_MEMBER,02_CURRENT_UPDATES_2026-08-25/01_ENGINEERING/TAG/EMOPET_TAG_Phase0_Schematic_Capture_Package_RevA.docx,,EMOPET_TAG_Phase0_Schematic_Capture_Package_RevA,BATCH 2,TAG,INTERNAL CONTROLLED HANDLING — SOURCE CLASSIFICATION NOT STATED,Engineering / Document Control — FUNCTIONAL OWNER / HUMAN ASSIGNMENT OPEN,1,CURRENT PHASE 0 INPUT / COMPONENT GATES OPEN,ENGINEERING VALIDATION INPUT — NOT PRODUCT V1 RECOVERY AUTHORITY,RECONCILED 2026-08-27 — NOT RELEASED,INCLUSION TO DECIDE,INTERNAL_INCLUSION_DECISION_OPEN,EXPLICIT APPROVAL REQUIRED,EXPLICIT_PUBLICATION_APPROVAL_REQUIRED,NOT STARTED,DO_NOT_PUBLISH_RESTRICTED_OR_UNAPPROVED,NOT_RELEASED,"Internal review candidacy does not establish external publication, release, validation, transmission or manufacturing authority."
ZIP-0364,IMMUTABLE_SOURCE_ZIP_MEMBER,02_CURRENT_UPDATES_2026-08-25/02_BUSINESS_FINANCE/EMOPET_REGISTRE_DONNEES_RESSOURCES_DRAFT_2026-08-25.md,,EMOPET_REGISTRE_DONNEES_RESSOURCES_DRAFT_2026-08-25,BATCH 5,BUSINESS_LEGAL_FINANCE,INTERNAL CONTROLLED HANDLING — SOURCE CLASSIFICATION NOT STATED,Founder — EMOPET / Document Control,SOURCE REVISION NOT STATED / NOT VERIFIED,DRAFT / TRANSMISSION WORDING SUPERSEDED / TECHNICAL CLAIMS NON-AUTHORITATIVE,NON-CANONICAL CROSS-DOMAIN DRAFT / GOVERNING AUTHORITIES REMAIN SEPARATE,RECONCILED 2026-08-27 — BATCH 5 / NOT RELEASED,INCLUDE WITH STATUS / SOURCE PRESERVED,INTERNAL_REVIEW_CANDIDATE_WITH_CONTROLS,EXCLUDE — NOT APPROVED / NOT RELEASED,EXCLUDED_FROM_PUBLIC_PROFILE,NOT APPLICABLE — MARKDOWN STRUCTURAL TEXT QA ONLY,DO_NOT_PUBLISH_RESTRICTED_OR_UNAPPROVED,NOT_RELEASED,"Internal review candidacy does not establish external publication, release, validation, transmission or manufacturing authority."
ZIP-0365,IMMUTABLE_SOURCE_ZIP_MEMBER,02_CURRENT_UPDATES_2026-08-25/02_BUSINESS_FINANCE/FIN-007_EMOPET_Dossier_Comite_Local_Emergys_DRAFT.docx,FIN-007,FIN-007_EMOPET_Dossier_Comite_Local_Emergys_DRAFT,BATCH 5,BUSINESS_LEGAL_FINANCE,CONFIDENTIAL,Founder — EMOPET / Finance,0.1 DRAFT,"DRAFT / NOT APPLICATION, ELIGIBILITY, COMMITTEE BOOKING OR AWARD EVIDENCE",DRAFT DERIVATIVE / NOT SUBMITTED / CONTROLLED CORRECTION REQUIRED,RECONCILED 2026-08-27 — BATCH 5 / NOT RELEASED,INCLUDE WITH STATUS / SOURCE PRESERVED,INTERNAL_REVIEW_CANDIDATE_WITH_CONTROLS,EXCLUDE — NOT APPROVED / NOT RELEASED,EXCLUDED_FROM_PUBLIC_PROFILE,PASS — 4 PAGES LEGIBLE / DRAFT CONTENT NOT READY FOR APPLICATION OR PUBLICATION,DO_NOT_PUBLISH_RESTRICTED_OR_UNAPPROVED,NOT_RELEASED,"Internal review candidacy does not establish external publication, release, validation, transmission or manufacturing authority."
ZIP-0366,IMMUTABLE_SOURCE_ZIP_MEMBER,02_CURRENT_UPDATES_2026-08-25/02_BUSINESS_FINANCE/NOTE_INTERNE_COMMISSION_EMERGYS_2026-08-25.md,,NOTE_INTERNE_COMMISSION_EMERGYS_2026-08-25,BATCH 5,BUSINESS_LEGAL_FINANCE,INTERNAL CONTROLLED HANDLING — SOURCE CLASSIFICATION NOT STATED,Founder — EMOPET / Finance,SOURCE REVISION NOT STATED / NOT VERIFIED,"SUPPORTING INTERNAL NOTE / SEND, QUOTE AND ELIGIBILITY ASSERTIONS UNPROVEN",INTERNAL NOTE / AUDÉLOR CONFIRMATION REQUIRED,RECONCILED 2026-08-27 — BATCH 5 / NOT RELEASED,INCLUDE WITH STATUS / SOURCE PRESERVED,INTERNAL_REVIEW_CANDIDATE_WITH_CONTROLS,EXCLUDE — NOT APPROVED / NOT RELEASED,EXCLUDED_FROM_PUBLIC_PROFILE,NOT APPLICABLE — MARKDOWN STRUCTURAL TEXT QA ONLY,DO_NOT_PUBLISH_RESTRICTED_OR_UNAPPROVED,NOT_RELEASED,"Internal review candidacy does not establish external publication, release, validation, transmission or manufacturing authority."
ZIP-0367,IMMUTABLE_SOURCE_ZIP_MEMBER,02_CURRENT_UPDATES_2026-08-25/CURRENT_ADDITIONS_INDEX.csv,,CURRENT_ADDITIONS_INDEX,BATCH 9,GOVERNANCE,INTERNAL CONTROLLED HANDLING — SOURCE CLASSIFICATION NOT STATED,Document Control / Engineering,SOURCE REVISION NOT STATED / NOT VERIFIED,PRESERVE FOR TRACEABILITY / NOT CURRENT RELEASE OR IMPLEMENTATION PROOF,HISTORICAL OR SUPPORTING CONTEXT / CURRENT AUTHORITIES GOVERN,RECONCILED 2026-08-28 — BATCH 9 / NOT RELEASED,INCLUDE WITH CONTROL NOTES,INTERNAL_REVIEW_CANDIDATE_WITH_CONTROLS,EXCLUDE,EXCLUDED_FROM_PUBLIC_PROFILE,STATIC QA ONLY / PRIOR QA REUSED WHERE APPLICABLE / NOT FINAL PUBLICATION EVIDENCE,DO_NOT_PUBLISH_RESTRICTED_OR_UNAPPROVED,NOT_RELEASED,"Internal review candidacy does not establish external publication, release, validation, transmission or manufacturing authority."
ZIP-0368,IMMUTABLE_SOURCE_ZIP_MEMBER,03_PARTNER_RELEASES/MOKO/CURRENT_r1.4/EMAIL_MOKO_r1.4_FINAL_REVIEW.txt,,EMAIL_MOKO_r1.4_FINAL_REVIEW,BATCH 6,MOKO,PARTNER CONFIDENTIAL HANDLING — SOURCE CLASSIFICATION NOT STATED,Founder — EMOPET / Supplier Governance,SOURCE REVISION NOT STATED / NOT VERIFIED,PRESERVE AS DRAFT / NOT SENT,HISTORICAL COMMUNICATION DRAFT / NOT TRANSMISSION EVIDENCE,RECONCILED 2026-08-28 — BATCH 6 / NOT RELEASED,INCLUDE WITH CONTROL NOTES,INTERNAL_REVIEW_CANDIDATE_WITH_CONTROLS,EXCLUDE,EXCLUDED_FROM_PUBLIC_PROFILE,STATIC QA ONLY / PRIOR QA REUSED WHERE APPLICABLE / NOT FINAL PUBLICATION EVIDENCE,DO_NOT_PUBLISH_RESTRICTED_OR_UNAPPROVED,NOT_RELEASED,"Internal review candidacy does not establish external publication, release, validation, transmission or manufacturing authority."
ZIP-0369,IMMUTABLE_SOURCE_ZIP_MEMBER,03_PARTNER_RELEASES/MOKO/CURRENT_r1.4/EXTRACTED_PACKAGE/EMOPET_MOKO_ENGINEERING_REVIEW_PACKAGE_v1.4/00_README_AND_TRANSMITTAL/README_AND_TRANSMITTAL.docx,SUP-MOKO-005,README_AND_TRANSMITTAL,BATCH 8,MOKO,PARTNER,Founder — EMOPET / Supplier Governance,1.4,PRESERVE FOR LINEAGE / EXACT r1.6 CONTENT GOVERNS CURRENT CANDIDATE,IMMUTABLE r1.4 SOURCE REFERENCE / SUPERSEDED FOR CURRENT CONTENT,RECONCILED 2026-08-28 — BATCH 8 / NOT RELEASED,INCLUDE WITH CONTROL NOTES,INTERNAL_REVIEW_CANDIDATE_WITH_CONTROLS,EXCLUDE,EXCLUDED_FROM_PUBLIC_PROFILE,STATIC QA ONLY / PRIOR QA REUSED WHERE APPLICABLE / NOT FINAL PUBLICATION EVIDENCE,DO_NOT_PUBLISH_RESTRICTED_OR_UNAPPROVED,NOT_RELEASED,"Internal review candidacy does not establish external publication, release, validation, transmission or manufacturing authority."
ZIP-0370,IMMUTABLE_SOURCE_ZIP_MEMBER,03_PARTNER_RELEASES/MOKO/CURRENT_r1.4/EXTRACTED_PACKAGE/EMOPET_MOKO_ENGINEERING_REVIEW_PACKAGE_v1.4/00_README_AND_TRANSMITTAL/SUP-MOKO-005_Transmittal_Update_v1.4.docx,SUP-MOKO-005,SUP-MOKO-005_Transmittal_Update_v1.4,BATCH 8,MOKO,PARTNER,Founder — EMOPET / Supplier Governance,1.4,PRESERVE FOR LINEAGE / EXACT r1.6 CONTENT GOVERNS CURRENT CANDIDATE,IMMUTABLE r1.4 SOURCE REFERENCE / SUPERSEDED FOR CURRENT CONTENT,RECONCILED 2026-08-28 — BATCH 8 / NOT RELEASED,INCLUDE WITH CONTROL NOTES,INTERNAL_REVIEW_CANDIDATE_WITH_CONTROLS,EXCLUDE,EXCLUDED_FROM_PUBLIC_PROFILE,STATIC QA ONLY / PRIOR QA REUSED WHERE APPLICABLE / NOT FINAL PUBLICATION EVIDENCE,DO_NOT_PUBLISH_RESTRICTED_OR_UNAPPROVED,NOT_RELEASED,"Internal review candidacy does not establish external publication, release, validation, transmission or manufacturing authority."
ZIP-0371,IMMUTABLE_SOURCE_ZIP_MEMBER,03_PARTNER_RELEASES/MOKO/CURRENT_r1.4/EXTRACTED_PACKAGE/EMOPET_MOKO_ENGINEERING_REVIEW_PACKAGE_v1.4/01_LEGAL/LEG-SUP-002_EMOPET_MOKO_Master_NNN_EN_CN_Executed.pdf,,LEG-SUP-002_EMOPET_MOKO_Master_NNN_EN_CN_Executed,BATCH 8,MOKO,PARTNER CONFIDENTIAL HANDLING — SOURCE CLASSIFICATION NOT STATED,Founder — EMOPET / Supplier Governance,SOURCE REVISION NOT STATED / NOT VERIFIED,BYTE-IDENTICAL ORIGINAL ACROSS r1.4/r1.5/r1.6,CURRENT ORIGINAL IDENTITY / HISTORICAL PACKAGE MEMBER,RECONCILED 2026-08-28 — BATCH 8 / NOT RELEASED,INCLUDE WITH CONTROL NOTES,INTERNAL_REVIEW_CANDIDATE_WITH_CONTROLS,EXCLUDE,EXCLUDED_FROM_PUBLIC_PROFILE,STATIC QA ONLY / PRIOR QA REUSED WHERE APPLICABLE / NOT FINAL PUBLICATION EVIDENCE,DO_NOT_PUBLISH_RESTRICTED_OR_UNAPPROVED,NOT_RELEASED,"Internal review candidacy does not establish external publication, release, validation, transmission or manufacturing authority."
ZIP-0372,IMMUTABLE_SOURCE_ZIP_MEMBER,03_PARTNER_RELEASES/MOKO/CURRENT_r1.4/EXTRACTED_PACKAGE/EMOPET_MOKO_ENGINEERING_REVIEW_PACKAGE_v1.4/01_LEGAL/LEG-SUP-005_EMOPET_MOKO_Power_Of_Attorney_EN_CN_Executed.pdf,,LEG-SUP-005_EMOPET_MOKO_Power_Of_Attorney_EN_CN_Executed,BATCH 8,MOKO,PARTNER CONFIDENTIAL HANDLING — SOURCE CLASSIFICATION NOT STATED,Founder — EMOPET / Supplier Governance,SOURCE REVISION NOT STATED / NOT VERIFIED,BYTE-IDENTICAL ORIGINAL ACROSS r1.4/r1.5/r1.6,CURRENT ORIGINAL IDENTITY / HISTORICAL PACKAGE MEMBER,RECONCILED 2026-08-28 — BATCH 8 / NOT RELEASED,INCLUDE WITH CONTROL NOTES,INTERNAL_REVIEW_CANDIDATE_WITH_CONTROLS,EXCLUDE,EXCLUDED_FROM_PUBLIC_PROFILE,STATIC QA ONLY / PRIOR QA REUSED WHERE APPLICABLE / NOT FINAL PUBLICATION EVIDENCE,DO_NOT_PUBLISH_RESTRICTED_OR_UNAPPROVED,NOT_RELEASED,"Internal review candidacy does not establish external publication, release, validation, transmission or manufacturing authority."
ZIP-0373,IMMUTABLE_SOURCE_ZIP_MEMBER,03_PARTNER_RELEASES/MOKO/CURRENT_r1.4/EXTRACTED_PACKAGE/EMOPET_MOKO_ENGINEERING_REVIEW_PACKAGE_v1.4/01_LEGAL/LEG-SUP-009_MOKO_Technology_Ltd_Company_Profile.pdf,,LEG-SUP-009_MOKO_Technology_Ltd_Company_Profile,BATCH 8,MOKO,PARTNER CONFIDENTIAL HANDLING — SOURCE CLASSIFICATION NOT STATED,Founder — EMOPET / Supplier Governance,SOURCE REVISION NOT STATED / NOT VERIFIED,BYTE-IDENTICAL ORIGINAL ACROSS r1.4/r1.5/r1.6,CURRENT ORIGINAL IDENTITY / HISTORICAL PACKAGE MEMBER,RECONCILED 2026-08-28 — BATCH 8 / NOT RELEASED,INCLUDE WITH CONTROL NOTES,INTERNAL_REVIEW_CANDIDATE_WITH_CONTROLS,EXCLUDE,EXCLUDED_FROM_PUBLIC_PROFILE,STATIC QA ONLY / PRIOR QA REUSED WHERE APPLICABLE / NOT FINAL PUBLICATION EVIDENCE,DO_NOT_PUBLISH_RESTRICTED_OR_UNAPPROVED,NOT_RELEASED,"Internal review candidacy does not establish external publication, release, validation, transmission or manufacturing authority."
ZIP-0374,IMMUTABLE_SOURCE_ZIP_MEMBER,03_PARTNER_RELEASES/MOKO/CURRENT_r1.4/EXTRACTED_PACKAGE/EMOPET_MOKO_ENGINEERING_REVIEW_PACKAGE_v1.4/01_LEGAL/LEG-SUP-010_Huachuang_Business_Licence_2021-12-24.pdf,,LEG-SUP-010_Huachuang_Business_Licence_2021-12-24,BATCH 8,MOKO,PARTNER CONFIDENTIAL HANDLING — SOURCE CLASSIFICATION NOT STATED,Founder — EMOPET / Supplier Governance,SOURCE REVISION NOT STATED / NOT VERIFIED,BYTE-IDENTICAL ORIGINAL ACROSS r1.4/r1.5/r1.6,CURRENT ORIGINAL IDENTITY / HISTORICAL PACKAGE MEMBER,RECONCILED 2026-08-28 — BATCH 8 / NOT RELEASED,INCLUDE WITH CONTROL NOTES,INTERNAL_REVIEW_CANDIDATE_WITH_CONTROLS,EXCLUDE,EXCLUDED_FROM_PUBLIC_PROFILE,STATIC QA ONLY / PRIOR QA REUSED WHERE APPLICABLE / NOT FINAL PUBLICATION EVIDENCE,DO_NOT_PUBLISH_RESTRICTED_OR_UNAPPROVED,NOT_RELEASED,"Internal review candidacy does not establish external publication, release, validation, transmission or manufacturing authority."
ZIP-0375,IMMUTABLE_SOURCE_ZIP_MEMBER,03_PARTNER_RELEASES/MOKO/CURRENT_r1.4/EXTRACTED_PACKAGE/EMOPET_MOKO_ENGINEERING_REVIEW_PACKAGE_v1.4/02_PROJECT_OVERVIEW/PRD-MAT-001_EMOPET_MAT_Product_Definition.docx,PRD-MAT-001,PRD-MAT-001_EMOPET_MAT_Product_Definition,BATCH 8,MAT,CONFIDENTIAL,Founder — EMOPET / Supplier Governance,2.0,PRESERVE FOR LINEAGE / EXACT r1.6 CONTENT GOVERNS CURRENT CANDIDATE,IMMUTABLE r1.4 SOURCE REFERENCE / SUPERSEDED FOR CURRENT CONTENT,RECONCILED 2026-08-28 — BATCH 8 / NOT RELEASED,INCLUDE WITH CONTROL NOTES,INTERNAL_REVIEW_CANDIDATE_WITH_CONTROLS,EXCLUDE,EXCLUDED_FROM_PUBLIC_PROFILE,STATIC QA ONLY / PRIOR QA REUSED WHERE APPLICABLE / NOT FINAL PUBLICATION EVIDENCE,DO_NOT_PUBLISH_RESTRICTED_OR_UNAPPROVED,NOT_RELEASED,"Internal review candidacy does not establish external publication, release, validation, transmission or manufacturing authority."
ZIP-0376,IMMUTABLE_SOURCE_ZIP_MEMBER,03_PARTNER_RELEASES/MOKO/CURRENT_r1.4/EXTRACTED_PACKAGE/EMOPET_MOKO_ENGINEERING_REVIEW_PACKAGE_v1.4/02_PROJECT_OVERVIEW/PRD-TAG-001_EMOPET_TAG_Product_Intent.docx,PRD-TAG-001,PRD-TAG-001_EMOPET_TAG_Product_Intent,BATCH 8,TAG,CONFIDENTIAL,Founder — EMOPET / Supplier Governance,1.1,PRESERVE FOR LINEAGE / EXACT r1.6 CONTENT GOVERNS CURRENT CANDIDATE,IMMUTABLE r1.4 SOURCE REFERENCE / SUPERSEDED FOR CURRENT CONTENT,RECONCILED 2026-08-28 — BATCH 8 / NOT RELEASED,INCLUDE WITH CONTROL NOTES,INTERNAL_REVIEW_CANDIDATE_WITH_CONTROLS,EXCLUDE,EXCLUDED_FROM_PUBLIC_PROFILE,STATIC QA ONLY / PRIOR QA REUSED WHERE APPLICABLE / NOT FINAL PUBLICATION EVIDENCE,DO_NOT_PUBLISH_RESTRICTED_OR_UNAPPROVED,NOT_RELEASED,"Internal review candidacy does not establish external publication, release, validation, transmission or manufacturing authority."
ZIP-0377,IMMUTABLE_SOURCE_ZIP_MEMBER,03_PARTNER_RELEASES/MOKO/CURRENT_r1.4/EXTRACTED_PACKAGE/EMOPET_MOKO_ENGINEERING_REVIEW_PACKAGE_v1.4/03_CURRENT_ENGINEERING_BASELINE/AUTHORITY_STATUS_RevA2R1_2026-08-24_VERBATIM.docx,,AUTHORITY_STATUS_RevA2R1_2026-08-24_VERBATIM,BATCH 8,MOKO,PARTNER CONFIDENTIAL HANDLING — SOURCE CLASSIFICATION NOT STATED,Founder — EMOPET / Supplier Governance,SOURCE REVISION NOT STATED / NOT VERIFIED,PRESERVE FOR LINEAGE / EXACT r1.6 CONTENT GOVERNS CURRENT CANDIDATE,IMMUTABLE r1.4 SOURCE REFERENCE / SUPERSEDED FOR CURRENT CONTENT,RECONCILED 2026-08-28 — BATCH 8 / NOT RELEASED,INCLUDE WITH CONTROL NOTES,INTERNAL_REVIEW_CANDIDATE_WITH_CONTROLS,EXCLUDE,EXCLUDED_FROM_PUBLIC_PROFILE,STATIC QA ONLY / PRIOR QA REUSED WHERE APPLICABLE / NOT FINAL PUBLICATION EVIDENCE,DO_NOT_PUBLISH_RESTRICTED_OR_UNAPPROVED,NOT_RELEASED,"Internal review candidacy does not establish external publication, release, validation, transmission or manufacturing authority."
ZIP-0378,IMMUTABLE_SOURCE_ZIP_MEMBER,03_PARTNER_RELEASES/MOKO/CURRENT_r1.4/EXTRACTED_PACKAGE/EMOPET_MOKO_ENGINEERING_REVIEW_PACKAGE_v1.4/03_CURRENT_ENGINEERING_BASELINE/CURRENT_ENGINEERING_BASELINE_AUTHORITY_SHEET.docx,SUP-MOKO-006,CURRENT_ENGINEERING_BASELINE_AUTHORITY_SHEET,BATCH 8,MOKO,PARTNER,Founder — EMOPET / Supplier Governance,1.0,PRESERVE FOR LINEAGE / EXACT r1.6 CONTENT GOVERNS CURRENT CANDIDATE,IMMUTABLE r1.4 SOURCE REFERENCE / SUPERSEDED FOR CURRENT CONTENT,RECONCILED 2026-08-28 — BATCH 8 / NOT RELEASED,INCLUDE WITH CONTROL NOTES,INTERNAL_REVIEW_CANDIDATE_WITH_CONTROLS,EXCLUDE,EXCLUDED_FROM_PUBLIC_PROFILE,STATIC QA ONLY / PRIOR QA REUSED WHERE APPLICABLE / NOT FINAL PUBLICATION EVIDENCE,DO_NOT_PUBLISH_RESTRICTED_OR_UNAPPROVED,NOT_RELEASED,"Internal review candidacy does not establish external publication, release, validation, transmission or manufacturing authority."
ZIP-0379,IMMUTABLE_SOURCE_ZIP_MEMBER,03_PARTNER_RELEASES/MOKO/CURRENT_r1.4/EXTRACTED_PACKAGE/EMOPET_MOKO_ENGINEERING_REVIEW_PACKAGE_v1.4/03_CURRENT_ENGINEERING_BASELINE/ENG-003_EMOPET_Industrial_Registers_Phase_B.xlsx,ENG-003,EMOPET — Industrial Registers Phase B,BATCH 8,MOKO,CONFIDENTIAL,Founder — EMOPET / Supplier Governance,SOURCE REVISION FIELD INVALID / NOT VERIFIED,PRESERVE FOR LINEAGE / EXACT r1.6 CONTENT GOVERNS CURRENT CANDIDATE,IMMUTABLE r1.4 SOURCE REFERENCE / SUPERSEDED FOR CURRENT CONTENT,RECONCILED 2026-08-28 — BATCH 8 / NOT RELEASED,INCLUDE WITH CONTROL NOTES,INTERNAL_REVIEW_CANDIDATE_WITH_CONTROLS,EXCLUDE,EXCLUDED_FROM_PUBLIC_PROFILE,STATIC QA ONLY / PRIOR QA REUSED WHERE APPLICABLE / NOT FINAL PUBLICATION EVIDENCE,DO_NOT_PUBLISH_RESTRICTED_OR_UNAPPROVED,NOT_RELEASED,"Internal review candidacy does not establish external publication, release, validation, transmission or manufacturing authority."
ZIP-0380,IMMUTABLE_SOURCE_ZIP_MEMBER,03_PARTNER_RELEASES/MOKO/CURRENT_r1.4/EXTRACTED_PACKAGE/EMOPET_MOKO_ENGINEERING_REVIEW_PACKAGE_v1.4/03_CURRENT_ENGINEERING_BASELINE/GNSS_GOVERNANCE_CORRECTION_2026-08-24.docx,,GNSS_GOVERNANCE_CORRECTION_2026-08-24,BATCH 8,MOKO,PARTNER CONFIDENTIAL HANDLING — SOURCE CLASSIFICATION NOT STATED,Founder — EMOPET / Supplier Governance,SOURCE REVISION NOT STATED / NOT VERIFIED,PRESERVE FOR LINEAGE / EXACT r1.6 CONTENT GOVERNS CURRENT CANDIDATE,IMMUTABLE r1.4 SOURCE REFERENCE / SUPERSEDED FOR CURRENT CONTENT,RECONCILED 2026-08-28 — BATCH 8 / NOT RELEASED,INCLUDE WITH CONTROL NOTES,INTERNAL_REVIEW_CANDIDATE_WITH_CONTROLS,EXCLUDE,EXCLUDED_FROM_PUBLIC_PROFILE,STATIC QA ONLY / PRIOR QA REUSED WHERE APPLICABLE / NOT FINAL PUBLICATION EVIDENCE,DO_NOT_PUBLISH_RESTRICTED_OR_UNAPPROVED,NOT_RELEASED,"Internal review candidacy does not establish external publication, release, validation, transmission or manufacturing authority."
ZIP-0381,IMMUTABLE_SOURCE_ZIP_MEMBER,03_PARTNER_RELEASES/MOKO/CURRENT_r1.4/EXTRACTED_PACKAGE/EMOPET_MOKO_ENGINEERING_REVIEW_PACKAGE_v1.4/03_CURRENT_ENGINEERING_BASELINE/SUP-MOKO-001_EMOPET_MOKO_Technical_Disclosure_Maturity.docx,SUP-MOKO-001,SUP-MOKO-001_EMOPET_MOKO_Technical_Disclosure_Maturity,BATCH 8,MAT,PARTNER,Founder — EMOPET / Supplier Governance,2.1,PRESERVE FOR LINEAGE / EXACT r1.6 CONTENT GOVERNS CURRENT CANDIDATE,IMMUTABLE r1.4 SOURCE REFERENCE / SUPERSEDED FOR CURRENT CONTENT,RECONCILED 2026-08-28 — BATCH 8 / NOT RELEASED,INCLUDE WITH CONTROL NOTES,INTERNAL_REVIEW_CANDIDATE_WITH_CONTROLS,EXCLUDE,EXCLUDED_FROM_PUBLIC_PROFILE,STATIC QA ONLY / PRIOR QA REUSED WHERE APPLICABLE / NOT FINAL PUBLICATION EVIDENCE,DO_NOT_PUBLISH_RESTRICTED_OR_UNAPPROVED,NOT_RELEASED,"Internal review candidacy does not establish external publication, release, validation, transmission or manufacturing authority."
ZIP-0382,IMMUTABLE_SOURCE_ZIP_MEMBER,03_PARTNER_RELEASES/MOKO/CURRENT_r1.4/EXTRACTED_PACKAGE/EMOPET_MOKO_ENGINEERING_REVIEW_PACKAGE_v1.4/04_MAT_PHASE0_REVIEW/ENG-MAT-001_EMOPET_MAT_Phase0_Bench_Execution_Pack.docx,ENG-MAT-001,ENG-MAT-001_EMOPET_MAT_Phase0_Bench_Execution_Pack,BATCH 8,MAT,CONFIDENTIAL,Founder — EMOPET / Supplier Governance,0.6,PRESERVE FOR LINEAGE / EXACT r1.6 CONTENT GOVERNS CURRENT CANDIDATE,IMMUTABLE r1.4 SOURCE REFERENCE / SUPERSEDED FOR CURRENT CONTENT,RECONCILED 2026-08-28 — BATCH 8 / NOT RELEASED,INCLUDE WITH CONTROL NOTES,INTERNAL_REVIEW_CANDIDATE_WITH_CONTROLS,EXCLUDE,EXCLUDED_FROM_PUBLIC_PROFILE,STATIC QA ONLY / PRIOR QA REUSED WHERE APPLICABLE / NOT FINAL PUBLICATION EVIDENCE,DO_NOT_PUBLISH_RESTRICTED_OR_UNAPPROVED,NOT_RELEASED,"Internal review candidacy does not establish external publication, release, validation, transmission or manufacturing authority."
ZIP-0383,IMMUTABLE_SOURCE_ZIP_MEMBER,03_PARTNER_RELEASES/MOKO/CURRENT_r1.4/EXTRACTED_PACKAGE/EMOPET_MOKO_ENGINEERING_REVIEW_PACKAGE_v1.4/04_MAT_PHASE0_REVIEW/ENG-MAT-002_EMOPET_MAT_Phase0_Engineering_Registers.xlsx,ENG-MAT-002,EMOPET — MAT Phase 0 Engineering Registers,BATCH 8,MAT,CONFIDENTIAL,Founder — EMOPET / Supplier Governance,SOURCE REVISION FIELD INVALID / NOT VERIFIED,PRESERVE FOR LINEAGE / EXACT r1.6 CONTENT GOVERNS CURRENT CANDIDATE,IMMUTABLE r1.4 SOURCE REFERENCE / SUPERSEDED FOR CURRENT CONTENT,RECONCILED 2026-08-28 — BATCH 8 / NOT RELEASED,INCLUDE WITH CONTROL NOTES,INTERNAL_REVIEW_CANDIDATE_WITH_CONTROLS,EXCLUDE,EXCLUDED_FROM_PUBLIC_PROFILE,STATIC QA ONLY / PRIOR QA REUSED WHERE APPLICABLE / NOT FINAL PUBLICATION EVIDENCE,DO_NOT_PUBLISH_RESTRICTED_OR_UNAPPROVED,NOT_RELEASED,"Internal review candidacy does not establish external publication, release, validation, transmission or manufacturing authority."
ZIP-0384,IMMUTABLE_SOURCE_ZIP_MEMBER,03_PARTNER_RELEASES/MOKO/CURRENT_r1.4/EXTRACTED_PACKAGE/EMOPET_MOKO_ENGINEERING_REVIEW_PACKAGE_v1.4/04_MAT_PHASE0_REVIEW/ENG-MAT-003_EMOPET_MAT_Phase0_KiCad_Release_Gate.docx,ENG-MAT-003,ENG-MAT-003_EMOPET_MAT_Phase0_KiCad_Release_Gate,BATCH 8,MAT,CONFIDENTIAL,Founder — EMOPET / Supplier Governance,1.0,PRESERVE FOR LINEAGE / EXACT r1.6 CONTENT GOVERNS CURRENT CANDIDATE,IMMUTABLE r1.4 SOURCE REFERENCE / SUPERSEDED FOR CURRENT CONTENT,RECONCILED 2026-08-28 — BATCH 8 / NOT RELEASED,INCLUDE WITH CONTROL NOTES,INTERNAL_REVIEW_CANDIDATE_WITH_CONTROLS,EXCLUDE,EXCLUDED_FROM_PUBLIC_PROFILE,STATIC QA ONLY / PRIOR QA REUSED WHERE APPLICABLE / NOT FINAL PUBLICATION EVIDENCE,DO_NOT_PUBLISH_RESTRICTED_OR_UNAPPROVED,NOT_RELEASED,"Internal review candidacy does not establish external publication, release, validation, transmission or manufacturing authority."
ZIP-0385,IMMUTABLE_SOURCE_ZIP_MEMBER,03_PARTNER_RELEASES/MOKO/CURRENT_r1.4/EXTRACTED_PACKAGE/EMOPET_MOKO_ENGINEERING_REVIEW_PACKAGE_v1.4/04_MAT_PHASE0_REVIEW/ENG-MAT-004_EMOPET_MAT_Phase0_Static_Native_Validation.docx,ENG-MAT-004,ENG-MAT-004_EMOPET_MAT_Phase0_Static_Native_Validation,BATCH 8,MAT,CONFIDENTIAL,Founder — EMOPET / Supplier Governance,1.0,PRESERVE FOR LINEAGE / EXACT r1.6 CONTENT GOVERNS CURRENT CANDIDATE,IMMUTABLE r1.4 SOURCE REFERENCE / SUPERSEDED FOR CURRENT CONTENT,RECONCILED 2026-08-28 — BATCH 8 / NOT RELEASED,INCLUDE WITH CONTROL NOTES,INTERNAL_REVIEW_CANDIDATE_WITH_CONTROLS,EXCLUDE,EXCLUDED_FROM_PUBLIC_PROFILE,STATIC QA ONLY / PRIOR QA REUSED WHERE APPLICABLE / NOT FINAL PUBLICATION EVIDENCE,DO_NOT_PUBLISH_RESTRICTED_OR_UNAPPROVED,NOT_RELEASED,"Internal review candidacy does not establish external publication, release, validation, transmission or manufacturing authority."
ZIP-0386,IMMUTABLE_SOURCE_ZIP_MEMBER,03_PARTNER_RELEASES/MOKO/CURRENT_r1.4/EXTRACTED_PACKAGE/EMOPET_MOKO_ENGINEERING_REVIEW_PACKAGE_v1.4/04_MAT_PHASE0_REVIEW/ENG-MAT-005_EMOPET_MAT_Phase0_Manufacturing_Release_Gate.docx,ENG-MAT-005,ENG-MAT-005_EMOPET_MAT_Phase0_Manufacturing_Release_Gate,BATCH 8,MAT,CONFIDENTIAL,Founder — EMOPET / Supplier Governance,1.0,PRESERVE FOR LINEAGE / EXACT r1.6 CONTENT GOVERNS CURRENT CANDIDATE,IMMUTABLE r1.4 SOURCE REFERENCE / SUPERSEDED FOR CURRENT CONTENT,RECONCILED 2026-08-28 — BATCH 8 / NOT RELEASED,INCLUDE WITH CONTROL NOTES,INTERNAL_REVIEW_CANDIDATE_WITH_CONTROLS,EXCLUDE,EXCLUDED_FROM_PUBLIC_PROFILE,STATIC QA ONLY / PRIOR QA REUSED WHERE APPLICABLE / NOT FINAL PUBLICATION EVIDENCE,DO_NOT_PUBLISH_RESTRICTED_OR_UNAPPROVED,NOT_RELEASED,"Internal review candidacy does not establish external publication, release, validation, transmission or manufacturing authority."
ZIP-0387,IMMUTABLE_SOURCE_ZIP_MEMBER,03_PARTNER_RELEASES/MOKO/CURRENT_r1.4/EXTRACTED_PACKAGE/EMOPET_MOKO_ENGINEERING_REVIEW_PACKAGE_v1.4/05_TAG_REVIEW/ENG-TAG-001_EMOPET_TAG_Battery_And_Repairability_Feasibility_Gate.docx,ENG-TAG-001,ENG-TAG-001_EMOPET_TAG_Battery_And_Repairability_Feasibility_Gate,BATCH 8,TAG,CONFIDENTIAL,Founder — EMOPET / Supplier Governance,1.0,PRESERVE FOR LINEAGE / EXACT r1.6 CONTENT GOVERNS CURRENT CANDIDATE,IMMUTABLE r1.4 SOURCE REFERENCE / SUPERSEDED FOR CURRENT CONTENT,RECONCILED 2026-08-28 — BATCH 8 / NOT RELEASED,INCLUDE WITH CONTROL NOTES,INTERNAL_REVIEW_CANDIDATE_WITH_CONTROLS,EXCLUDE,EXCLUDED_FROM_PUBLIC_PROFILE,STATIC QA ONLY / PRIOR QA REUSED WHERE APPLICABLE / NOT FINAL PUBLICATION EVIDENCE,DO_NOT_PUBLISH_RESTRICTED_OR_UNAPPROVED,NOT_RELEASED,"Internal review candidacy does not establish external publication, release, validation, transmission or manufacturing authority."
ZIP-0388,IMMUTABLE_SOURCE_ZIP_MEMBER,03_PARTNER_RELEASES/MOKO/CURRENT_r1.4/EXTRACTED_PACKAGE/EMOPET_MOKO_ENGINEERING_REVIEW_PACKAGE_v1.4/05_TAG_REVIEW/decisions/ANTENNA_Topology_KeepOut.docx,,ANTENNA_Topology_KeepOut,BATCH 8,TAG,PARTNER CONFIDENTIAL HANDLING — SOURCE CLASSIFICATION NOT STATED,Founder — EMOPET / Supplier Governance,A.2R1,PRESERVE FOR LINEAGE / EXACT r1.6 CONTENT GOVERNS CURRENT CANDIDATE,IMMUTABLE r1.4 SOURCE REFERENCE / SUPERSEDED FOR CURRENT CONTENT,RECONCILED 2026-08-28 — BATCH 8 / NOT RELEASED,INCLUDE WITH CONTROL NOTES,INTERNAL_REVIEW_CANDIDATE_WITH_CONTROLS,EXCLUDE,EXCLUDED_FROM_PUBLIC_PROFILE,STATIC QA ONLY / PRIOR QA REUSED WHERE APPLICABLE / NOT FINAL PUBLICATION EVIDENCE,DO_NOT_PUBLISH_RESTRICTED_OR_UNAPPROVED,NOT_RELEASED,"Internal review candidacy does not establish external publication, release, validation, transmission or manufacturing authority."
ZIP-0389,IMMUTABLE_SOURCE_ZIP_MEMBER,03_PARTNER_RELEASES/MOKO/CURRENT_r1.4/EXTRACTED_PACKAGE/EMOPET_MOKO_ENGINEERING_REVIEW_PACKAGE_v1.4/05_TAG_REVIEW/decisions/CHARGE_MCP73831_Gate.docx,,CHARGE_MCP73831_Gate,BATCH 8,TAG,PARTNER CONFIDENTIAL HANDLING — SOURCE CLASSIFICATION NOT STATED,Founder — EMOPET / Supplier Governance,A.2R1,PRESERVE FOR LINEAGE / EXACT r1.6 CONTENT GOVERNS CURRENT CANDIDATE,IMMUTABLE r1.4 SOURCE REFERENCE / SUPERSEDED FOR CURRENT CONTENT,RECONCILED 2026-08-28 — BATCH 8 / NOT RELEASED,INCLUDE WITH CONTROL NOTES,INTERNAL_REVIEW_CANDIDATE_WITH_CONTROLS,EXCLUDE,EXCLUDED_FROM_PUBLIC_PROFILE,STATIC QA ONLY / PRIOR QA REUSED WHERE APPLICABLE / NOT FINAL PUBLICATION EVIDENCE,DO_NOT_PUBLISH_RESTRICTED_OR_UNAPPROVED,NOT_RELEASED,"Internal review candidacy does not establish external publication, release, validation, transmission or manufacturing authority."
ZIP-0390,IMMUTABLE_SOURCE_ZIP_MEMBER,03_PARTNER_RELEASES/MOKO/CURRENT_r1.4/EXTRACTED_PACKAGE/EMOPET_MOKO_ENGINEERING_REVIEW_PACKAGE_v1.4/05_TAG_REVIEW/decisions/CHARGING_Connector_Placement.docx,,CHARGING_Connector_Placement,BATCH 8,TAG,PARTNER CONFIDENTIAL HANDLING — SOURCE CLASSIFICATION NOT STATED,Founder — EMOPET / Supplier Governance,A.2R1,PRESERVE FOR LINEAGE / EXACT r1.6 CONTENT GOVERNS CURRENT CANDIDATE,IMMUTABLE r1.4 SOURCE REFERENCE / SUPERSEDED FOR CURRENT CONTENT,RECONCILED 2026-08-28 — BATCH 8 / NOT RELEASED,INCLUDE WITH CONTROL NOTES,INTERNAL_REVIEW_CANDIDATE_WITH_CONTROLS,EXCLUDE,EXCLUDED_FROM_PUBLIC_PROFILE,STATIC QA ONLY / PRIOR QA REUSED WHERE APPLICABLE / NOT FINAL PUBLICATION EVIDENCE,DO_NOT_PUBLISH_RESTRICTED_OR_UNAPPROVED,NOT_RELEASED,"Internal review candidacy does not establish external publication, release, validation, transmission or manufacturing authority."
ZIP-0391,IMMUTABLE_SOURCE_ZIP_MEMBER,03_PARTNER_RELEASES/MOKO/CURRENT_r1.4/EXTRACTED_PACKAGE/EMOPET_MOKO_ENGINEERING_REVIEW_PACKAGE_v1.4/05_TAG_REVIEW/decisions/GNSS_L76K_Gate.docx,,GNSS_L76K_Gate,BATCH 8,TAG,PARTNER CONFIDENTIAL HANDLING — SOURCE CLASSIFICATION NOT STATED,Founder — EMOPET / Supplier Governance,A.2R1,PRESERVE FOR LINEAGE / EXACT r1.6 CONTENT GOVERNS CURRENT CANDIDATE,IMMUTABLE r1.4 SOURCE REFERENCE / SUPERSEDED FOR CURRENT CONTENT,RECONCILED 2026-08-28 — BATCH 8 / NOT RELEASED,INCLUDE WITH CONTROL NOTES,INTERNAL_REVIEW_CANDIDATE_WITH_CONTROLS,EXCLUDE,EXCLUDED_FROM_PUBLIC_PROFILE,STATIC QA ONLY / PRIOR QA REUSED WHERE APPLICABLE / NOT FINAL PUBLICATION EVIDENCE,DO_NOT_PUBLISH_RESTRICTED_OR_UNAPPROVED,NOT_RELEASED,"Internal review candidacy does not establish external publication, release, validation, transmission or manufacturing authority."
ZIP-0392,IMMUTABLE_SOURCE_ZIP_MEMBER,03_PARTNER_RELEASES/MOKO/CURRENT_r1.4/EXTRACTED_PACKAGE/EMOPET_MOKO_ENGINEERING_REVIEW_PACKAGE_v1.4/05_TAG_REVIEW/decisions/MECHANICAL_Envelope_Battery_FitCheck.docx,,MECHANICAL_Envelope_Battery_FitCheck,BATCH 8,TAG,PARTNER CONFIDENTIAL HANDLING — SOURCE CLASSIFICATION NOT STATED,Founder — EMOPET / Supplier Governance,A.2R1,PRESERVE FOR LINEAGE / EXACT r1.6 CONTENT GOVERNS CURRENT CANDIDATE,IMMUTABLE r1.4 SOURCE REFERENCE / SUPERSEDED FOR CURRENT CONTENT,RECONCILED 2026-08-28 — BATCH 8 / NOT RELEASED,INCLUDE WITH CONTROL NOTES,INTERNAL_REVIEW_CANDIDATE_WITH_CONTROLS,EXCLUDE,EXCLUDED_FROM_PUBLIC_PROFILE,STATIC QA ONLY / PRIOR QA REUSED WHERE APPLICABLE / NOT FINAL PUBLICATION EVIDENCE,DO_NOT_PUBLISH_RESTRICTED_OR_UNAPPROVED,NOT_RELEASED,"Internal review candidacy does not establish external publication, release, validation, transmission or manufacturing authority."
ZIP-0393,IMMUTABLE_SOURCE_ZIP_MEMBER,03_PARTNER_RELEASES/MOKO/CURRENT_r1.4/EXTRACTED_PACKAGE/EMOPET_MOKO_ENGINEERING_REVIEW_PACKAGE_v1.4/05_TAG_REVIEW/decisions/MIC_INMP441_Interface.docx,,MIC_INMP441_Interface,BATCH 8,TAG,PARTNER CONFIDENTIAL HANDLING — SOURCE CLASSIFICATION NOT STATED,Founder — EMOPET / Supplier Governance,A.2R1,PRESERVE FOR LINEAGE / EXACT r1.6 CONTENT GOVERNS CURRENT CANDIDATE,IMMUTABLE r1.4 SOURCE REFERENCE / SUPERSEDED FOR CURRENT CONTENT,RECONCILED 2026-08-28 — BATCH 8 / NOT RELEASED,INCLUDE WITH CONTROL NOTES,INTERNAL_REVIEW_CANDIDATE_WITH_CONTROLS,EXCLUDE,EXCLUDED_FROM_PUBLIC_PROFILE,STATIC QA ONLY / PRIOR QA REUSED WHERE APPLICABLE / NOT FINAL PUBLICATION EVIDENCE,DO_NOT_PUBLISH_RESTRICTED_OR_UNAPPROVED,NOT_RELEASED,"Internal review candidacy does not establish external publication, release, validation, transmission or manufacturing authority."
ZIP-0394,IMMUTABLE_SOURCE_ZIP_MEMBER,03_PARTNER_RELEASES/MOKO/CURRENT_r1.4/EXTRACTED_PACKAGE/EMOPET_MOKO_ENGINEERING_REVIEW_PACKAGE_v1.4/05_TAG_REVIEW/decisions/PCB_Thickness_1p0_vs_1p6.docx,,PCB_Thickness_1p0_vs_1p6,BATCH 8,TAG,PARTNER CONFIDENTIAL HANDLING — SOURCE CLASSIFICATION NOT STATED,Founder — EMOPET / Supplier Governance,A.2R1,PRESERVE FOR LINEAGE / EXACT r1.6 CONTENT GOVERNS CURRENT CANDIDATE,IMMUTABLE r1.4 SOURCE REFERENCE / SUPERSEDED FOR CURRENT CONTENT,RECONCILED 2026-08-28 — BATCH 8 / NOT RELEASED,INCLUDE WITH CONTROL NOTES,INTERNAL_REVIEW_CANDIDATE_WITH_CONTROLS,EXCLUDE,EXCLUDED_FROM_PUBLIC_PROFILE,STATIC QA ONLY / PRIOR QA REUSED WHERE APPLICABLE / NOT FINAL PUBLICATION EVIDENCE,DO_NOT_PUBLISH_RESTRICTED_OR_UNAPPROVED,NOT_RELEASED,"Internal review candidacy does not establish external publication, release, validation, transmission or manufacturing authority."
ZIP-0395,IMMUTABLE_SOURCE_ZIP_MEMBER,03_PARTNER_RELEASES/MOKO/CURRENT_r1.4/EXTRACTED_PACKAGE/EMOPET_MOKO_ENGINEERING_REVIEW_PACKAGE_v1.4/05_TAG_REVIEW/decisions/README_ENGINEERING_DECISION_INDEX_RevA2R1.docx,,README_ENGINEERING_DECISION_INDEX_RevA2R1,BATCH 8,TAG,PARTNER CONFIDENTIAL HANDLING — SOURCE CLASSIFICATION NOT STATED,Founder — EMOPET / Supplier Governance,A.2R1,PRESERVE FOR LINEAGE / EXACT r1.6 CONTENT GOVERNS CURRENT CANDIDATE,IMMUTABLE r1.4 SOURCE REFERENCE / SUPERSEDED FOR CURRENT CONTENT,RECONCILED 2026-08-28 — BATCH 8 / NOT RELEASED,INCLUDE WITH CONTROL NOTES,INTERNAL_REVIEW_CANDIDATE_WITH_CONTROLS,EXCLUDE,EXCLUDED_FROM_PUBLIC_PROFILE,STATIC QA ONLY / PRIOR QA REUSED WHERE APPLICABLE / NOT FINAL PUBLICATION EVIDENCE,DO_NOT_PUBLISH_RESTRICTED_OR_UNAPPROVED,NOT_RELEASED,"Internal review candidacy does not establish external publication, release, validation, transmission or manufacturing authority."
ZIP-0396,IMMUTABLE_SOURCE_ZIP_MEMBER,03_PARTNER_RELEASES/MOKO/CURRENT_r1.4/EXTRACTED_PACKAGE/EMOPET_MOKO_ENGINEERING_REVIEW_PACKAGE_v1.4/05_TAG_REVIEW/decisions/REMOTE_LOCATION_ARCHITECTURE_GATE.docx,,REMOTE_LOCATION_ARCHITECTURE_GATE,BATCH 8,TAG,PARTNER CONFIDENTIAL HANDLING — SOURCE CLASSIFICATION NOT STATED,Founder — EMOPET / Supplier Governance,A.2R1 — Amendment 2026-08-23 Product Input + Amendment 2026-08-23 Controlled Q1-Q5,PRESERVE FOR LINEAGE / EXACT r1.6 CONTENT GOVERNS CURRENT CANDIDATE,IMMUTABLE r1.4 SOURCE REFERENCE / SUPERSEDED FOR CURRENT CONTENT,RECONCILED 2026-08-28 — BATCH 8 / NOT RELEASED,INCLUDE WITH CONTROL NOTES,INTERNAL_REVIEW_CANDIDATE_WITH_CONTROLS,EXCLUDE,EXCLUDED_FROM_PUBLIC_PROFILE,STATIC QA ONLY / PRIOR QA REUSED WHERE APPLICABLE / NOT FINAL PUBLICATION EVIDENCE,DO_NOT_PUBLISH_RESTRICTED_OR_UNAPPROVED,NOT_RELEASED,"Internal review candidacy does not establish external publication, release, validation, transmission or manufacturing authority."
ZIP-0397,IMMUTABLE_SOURCE_ZIP_MEMBER,03_PARTNER_RELEASES/MOKO/CURRENT_r1.4/EXTRACTED_PACKAGE/EMOPET_MOKO_ENGINEERING_REVIEW_PACKAGE_v1.4/05_TAG_REVIEW/decisions/REMOTE_LOCATION_V1_ARCHITECTURE_DOWNSELECT.docx,,REMOTE_LOCATION_V1_ARCHITECTURE_DOWNSELECT,BATCH 8,TAG,PARTNER CONFIDENTIAL HANDLING — SOURCE CLASSIFICATION FIELD INVALID,Founder — EMOPET / Supplier Governance,A.2R1 — Based on REMOTELOCATIONARCHITECTUREGATE.md Controlled Q1-Q5 2026-08-23,PRESERVE FOR LINEAGE / EXACT r1.6 CONTENT GOVERNS CURRENT CANDIDATE,IMMUTABLE r1.4 SOURCE REFERENCE / SUPERSEDED FOR CURRENT CONTENT,RECONCILED 2026-08-28 — BATCH 8 / NOT RELEASED,INCLUDE WITH CONTROL NOTES,INTERNAL_REVIEW_CANDIDATE_WITH_CONTROLS,EXCLUDE,EXCLUDED_FROM_PUBLIC_PROFILE,STATIC QA ONLY / PRIOR QA REUSED WHERE APPLICABLE / NOT FINAL PUBLICATION EVIDENCE,DO_NOT_PUBLISH_RESTRICTED_OR_UNAPPROVED,NOT_RELEASED,"Internal review candidacy does not establish external publication, release, validation, transmission or manufacturing authority."
ZIP-0398,IMMUTABLE_SOURCE_ZIP_MEMBER,03_PARTNER_RELEASES/MOKO/CURRENT_r1.4/EXTRACTED_PACKAGE/EMOPET_MOKO_ENGINEERING_REVIEW_PACKAGE_v1.4/05_TAG_REVIEW/decisions/TEMPERATURE_TMP117_vs_NTC10K_Decision.docx,,TEMPERATURE_TMP117_vs_NTC10K_Decision,BATCH 8,TAG,PARTNER CONFIDENTIAL HANDLING — SOURCE CLASSIFICATION NOT STATED,Founder — EMOPET / Supplier Governance,A.2R1,PRESERVE FOR LINEAGE / EXACT r1.6 CONTENT GOVERNS CURRENT CANDIDATE,IMMUTABLE r1.4 SOURCE REFERENCE / SUPERSEDED FOR CURRENT CONTENT,RECONCILED 2026-08-28 — BATCH 8 / NOT RELEASED,INCLUDE WITH CONTROL NOTES,INTERNAL_REVIEW_CANDIDATE_WITH_CONTROLS,EXCLUDE,EXCLUDED_FROM_PUBLIC_PROFILE,STATIC QA ONLY / PRIOR QA REUSED WHERE APPLICABLE / NOT FINAL PUBLICATION EVIDENCE,DO_NOT_PUBLISH_RESTRICTED_OR_UNAPPROVED,NOT_RELEASED,"Internal review candidacy does not establish external publication, release, validation, transmission or manufacturing authority."
ZIP-0399,IMMUTABLE_SOURCE_ZIP_MEMBER,03_PARTNER_RELEASES/MOKO/CURRENT_r1.4/EXTRACTED_PACKAGE/EMOPET_MOKO_ENGINEERING_REVIEW_PACKAGE_v1.4/05_TAG_REVIEW/firmware/ICD_Final_DRAFT.docx,,ICD_Final_DRAFT,BATCH 8,TAG,PARTNER CONFIDENTIAL HANDLING — SOURCE CLASSIFICATION NOT STATED,Founder — EMOPET / Supplier Governance,A.2R1,PRESERVE FOR LINEAGE / EXACT r1.6 CONTENT GOVERNS CURRENT CANDIDATE,IMMUTABLE r1.4 SOURCE REFERENCE / SUPERSEDED FOR CURRENT CONTENT,RECONCILED 2026-08-28 — BATCH 8 / NOT RELEASED,INCLUDE WITH CONTROL NOTES,INTERNAL_REVIEW_CANDIDATE_WITH_CONTROLS,EXCLUDE,EXCLUDED_FROM_PUBLIC_PROFILE,STATIC QA ONLY / PRIOR QA REUSED WHERE APPLICABLE / NOT FINAL PUBLICATION EVIDENCE,DO_NOT_PUBLISH_RESTRICTED_OR_UNAPPROVED,NOT_RELEASED,"Internal review candidacy does not establish external publication, release, validation, transmission or manufacturing authority."
ZIP-0400,IMMUTABLE_SOURCE_ZIP_MEMBER,03_PARTNER_RELEASES/MOKO/CURRENT_r1.4/EXTRACTED_PACKAGE/EMOPET_MOKO_ENGINEERING_REVIEW_PACKAGE_v1.4/05_TAG_REVIEW/source_evidence/BATTERY_602030_EXACT_SOURCE_GATE_B1R.docx,,BATTERY_602030_EXACT_SOURCE_GATE_B1R,BATCH 8,TAG,PARTNER CONFIDENTIAL HANDLING — SOURCE CLASSIFICATION FIELD INVALID,Founder — EMOPET / Supplier Governance,B1R — Phase B1R Current-Capability Qualification Correction per instruction,PRESERVE FOR LINEAGE / EXACT r1.6 CONTENT GOVERNS CURRENT CANDIDATE,IMMUTABLE r1.4 SOURCE REFERENCE / SUPERSEDED FOR CURRENT CONTENT,RECONCILED 2026-08-28 — BATCH 8 / NOT RELEASED,INCLUDE WITH CONTROL NOTES,INTERNAL_REVIEW_CANDIDATE_WITH_CONTROLS,EXCLUDE,EXCLUDED_FROM_PUBLIC_PROFILE,STATIC QA ONLY / PRIOR QA REUSED WHERE APPLICABLE / NOT FINAL PUBLICATION EVIDENCE,DO_NOT_PUBLISH_RESTRICTED_OR_UNAPPROVED,NOT_RELEASED,"Internal review candidacy does not establish external publication, release, validation, transmission or manufacturing authority."
ZIP-0401,IMMUTABLE_SOURCE_ZIP_MEMBER,03_PARTNER_RELEASES/MOKO/CURRENT_r1.4/EXTRACTED_PACKAGE/EMOPET_MOKO_ENGINEERING_REVIEW_PACKAGE_v1.4/05_TAG_REVIEW/source_evidence/BATTERY_PHASE2_SOURCE_READINESS_B1R.docx,,BATTERY_PHASE2_SOURCE_READINESS_B1R,BATCH 8,TAG,PARTNER CONFIDENTIAL HANDLING — SOURCE CLASSIFICATION NOT STATED,Founder — EMOPET / Supplier Governance,B1R — Phase B1R Current-Capability Qualification Correction per instruction,PRESERVE FOR LINEAGE / EXACT r1.6 CONTENT GOVERNS CURRENT CANDIDATE,IMMUTABLE r1.4 SOURCE REFERENCE / SUPERSEDED FOR CURRENT CONTENT,RECONCILED 2026-08-28 — BATCH 8 / NOT RELEASED,INCLUDE WITH CONTROL NOTES,INTERNAL_REVIEW_CANDIDATE_WITH_CONTROLS,EXCLUDE,EXCLUDED_FROM_PUBLIC_PROFILE,STATIC QA ONLY / PRIOR QA REUSED WHERE APPLICABLE / NOT FINAL PUBLICATION EVIDENCE,DO_NOT_PUBLISH_RESTRICTED_OR_UNAPPROVED,NOT_RELEASED,"Internal review candidacy does not establish external publication, release, validation, transmission or manufacturing authority."
ZIP-0402,IMMUTABLE_SOURCE_ZIP_MEMBER,03_PARTNER_RELEASES/MOKO/CURRENT_r1.4/EXTRACTED_PACKAGE/EMOPET_MOKO_ENGINEERING_REVIEW_PACKAGE_v1.4/05_TAG_REVIEW/source_evidence/REMOTE_LOCATION_HARDWARE_SOURCE_GATE_PHASE1R2.docx,,REMOTE_LOCATION_HARDWARE_SOURCE_GATE_PHASE1R2,BATCH 8,TAG,PARTNER CONFIDENTIAL HANDLING — SOURCE CLASSIFICATION NOT STATED,Founder — EMOPET / Supplier Governance,A.2R1 — Phase 1R2 Evidence Closure —,PRESERVE FOR LINEAGE / EXACT r1.6 CONTENT GOVERNS CURRENT CANDIDATE,IMMUTABLE r1.4 SOURCE REFERENCE / SUPERSEDED FOR CURRENT CONTENT,RECONCILED 2026-08-28 — BATCH 8 / NOT RELEASED,INCLUDE WITH CONTROL NOTES,INTERNAL_REVIEW_CANDIDATE_WITH_CONTROLS,EXCLUDE,EXCLUDED_FROM_PUBLIC_PROFILE,STATIC QA ONLY / PRIOR QA REUSED WHERE APPLICABLE / NOT FINAL PUBLICATION EVIDENCE,DO_NOT_PUBLISH_RESTRICTED_OR_UNAPPROVED,NOT_RELEASED,"Internal review candidacy does not establish external publication, release, validation, transmission or manufacturing authority."
ZIP-0403,IMMUTABLE_SOURCE_ZIP_MEMBER,03_PARTNER_RELEASES/MOKO/CURRENT_r1.4/EXTRACTED_PACKAGE/EMOPET_MOKO_ENGINEERING_REVIEW_PACKAGE_v1.4/05_TAG_REVIEW/validation_targets/Autonomy_Measured.docx,,Autonomy_Measured,BATCH 8,TAG,PARTNER CONFIDENTIAL HANDLING — SOURCE CLASSIFICATION NOT STATED,Founder — EMOPET / Supplier Governance,A.2R1,PRESERVE FOR LINEAGE / EXACT r1.6 CONTENT GOVERNS CURRENT CANDIDATE,IMMUTABLE r1.4 SOURCE REFERENCE / SUPERSEDED FOR CURRENT CONTENT,RECONCILED 2026-08-28 — BATCH 8 / NOT RELEASED,INCLUDE WITH CONTROL NOTES,INTERNAL_REVIEW_CANDIDATE_WITH_CONTROLS,EXCLUDE,EXCLUDED_FROM_PUBLIC_PROFILE,STATIC QA ONLY / PRIOR QA REUSED WHERE APPLICABLE / NOT FINAL PUBLICATION EVIDENCE,DO_NOT_PUBLISH_RESTRICTED_OR_UNAPPROVED,NOT_RELEASED,"Internal review candidacy does not establish external publication, release, validation, transmission or manufacturing authority."
ZIP-0404,IMMUTABLE_SOURCE_ZIP_MEMBER,03_PARTNER_RELEASES/MOKO/CURRENT_r1.4/EXTRACTED_PACKAGE/EMOPET_MOKO_ENGINEERING_REVIEW_PACKAGE_v1.4/05_TAG_REVIEW/validation_targets/IP67_Sealing.docx,,IP67_Sealing,BATCH 8,TAG,PARTNER CONFIDENTIAL HANDLING — SOURCE CLASSIFICATION NOT STATED,Founder — EMOPET / Supplier Governance,A.2R1,PRESERVE FOR LINEAGE / EXACT r1.6 CONTENT GOVERNS CURRENT CANDIDATE,IMMUTABLE r1.4 SOURCE REFERENCE / SUPERSEDED FOR CURRENT CONTENT,RECONCILED 2026-08-28 — BATCH 8 / NOT RELEASED,INCLUDE WITH CONTROL NOTES,INTERNAL_REVIEW_CANDIDATE_WITH_CONTROLS,EXCLUDE,EXCLUDED_FROM_PUBLIC_PROFILE,STATIC QA ONLY / PRIOR QA REUSED WHERE APPLICABLE / NOT FINAL PUBLICATION EVIDENCE,DO_NOT_PUBLISH_RESTRICTED_OR_UNAPPROVED,NOT_RELEASED,"Internal review candidacy does not establish external publication, release, validation, transmission or manufacturing authority."
ZIP-0405,IMMUTABLE_SOURCE_ZIP_MEMBER,03_PARTNER_RELEASES/MOKO/CURRENT_r1.4/EXTRACTED_PACKAGE/EMOPET_MOKO_ENGINEERING_REVIEW_PACKAGE_v1.4/05_TAG_REVIEW/validation_targets/Mass_Budget.docx,,Mass_Budget,BATCH 8,TAG,PARTNER CONFIDENTIAL HANDLING — SOURCE CLASSIFICATION NOT STATED,Founder — EMOPET / Supplier Governance,A.2R1,PRESERVE FOR LINEAGE / EXACT r1.6 CONTENT GOVERNS CURRENT CANDIDATE,IMMUTABLE r1.4 SOURCE REFERENCE / SUPERSEDED FOR CURRENT CONTENT,RECONCILED 2026-08-28 — BATCH 8 / NOT RELEASED,INCLUDE WITH CONTROL NOTES,INTERNAL_REVIEW_CANDIDATE_WITH_CONTROLS,EXCLUDE,EXCLUDED_FROM_PUBLIC_PROFILE,STATIC QA ONLY / PRIOR QA REUSED WHERE APPLICABLE / NOT FINAL PUBLICATION EVIDENCE,DO_NOT_PUBLISH_RESTRICTED_OR_UNAPPROVED,NOT_RELEASED,"Internal review candidacy does not establish external publication, release, validation, transmission or manufacturing authority."
ZIP-0406,IMMUTABLE_SOURCE_ZIP_MEMBER,03_PARTNER_RELEASES/MOKO/CURRENT_r1.4/EXTRACTED_PACKAGE/EMOPET_MOKO_ENGINEERING_REVIEW_PACKAGE_v1.4/05_TAG_REVIEW/validation_targets/RF_Performance.docx,,RF_Performance,BATCH 8,TAG,PARTNER CONFIDENTIAL HANDLING — SOURCE CLASSIFICATION NOT STATED,Founder — EMOPET / Supplier Governance,A.2R1,PRESERVE FOR LINEAGE / EXACT r1.6 CONTENT GOVERNS CURRENT CANDIDATE,IMMUTABLE r1.4 SOURCE REFERENCE / SUPERSEDED FOR CURRENT CONTENT,RECONCILED 2026-08-28 — BATCH 8 / NOT RELEASED,INCLUDE WITH CONTROL NOTES,INTERNAL_REVIEW_CANDIDATE_WITH_CONTROLS,EXCLUDE,EXCLUDED_FROM_PUBLIC_PROFILE,STATIC QA ONLY / PRIOR QA REUSED WHERE APPLICABLE / NOT FINAL PUBLICATION EVIDENCE,DO_NOT_PUBLISH_RESTRICTED_OR_UNAPPROVED,NOT_RELEASED,"Internal review candidacy does not establish external publication, release, validation, transmission or manufacturing authority."
ZIP-0407,IMMUTABLE_SOURCE_ZIP_MEMBER,03_PARTNER_RELEASES/MOKO/CURRENT_r1.4/EXTRACTED_PACKAGE/EMOPET_MOKO_ENGINEERING_REVIEW_PACKAGE_v1.4/05_TAG_REVIEW/validation_targets/Thermal.docx,,Thermal,BATCH 8,TAG,PARTNER CONFIDENTIAL HANDLING — SOURCE CLASSIFICATION NOT STATED,Founder — EMOPET / Supplier Governance,A.2R1,PRESERVE FOR LINEAGE / EXACT r1.6 CONTENT GOVERNS CURRENT CANDIDATE,IMMUTABLE r1.4 SOURCE REFERENCE / SUPERSEDED FOR CURRENT CONTENT,RECONCILED 2026-08-28 — BATCH 8 / NOT RELEASED,INCLUDE WITH CONTROL NOTES,INTERNAL_REVIEW_CANDIDATE_WITH_CONTROLS,EXCLUDE,EXCLUDED_FROM_PUBLIC_PROFILE,STATIC QA ONLY / PRIOR QA REUSED WHERE APPLICABLE / NOT FINAL PUBLICATION EVIDENCE,DO_NOT_PUBLISH_RESTRICTED_OR_UNAPPROVED,NOT_RELEASED,"Internal review candidacy does not establish external publication, release, validation, transmission or manufacturing authority."
ZIP-0408,IMMUTABLE_SOURCE_ZIP_MEMBER,03_PARTNER_RELEASES/MOKO/CURRENT_r1.4/EXTRACTED_PACKAGE/EMOPET_MOKO_ENGINEERING_REVIEW_PACKAGE_v1.4/05_TAG_REVIEW/validation_targets/WearQuality_Protocol.docx,,WearQuality_Protocol,BATCH 8,TAG,PARTNER CONFIDENTIAL HANDLING — SOURCE CLASSIFICATION NOT STATED,Founder — EMOPET / Supplier Governance,A.2R1,PRESERVE FOR LINEAGE / EXACT r1.6 CONTENT GOVERNS CURRENT CANDIDATE,IMMUTABLE r1.4 SOURCE REFERENCE / SUPERSEDED FOR CURRENT CONTENT,RECONCILED 2026-08-28 — BATCH 8 / NOT RELEASED,INCLUDE WITH CONTROL NOTES,INTERNAL_REVIEW_CANDIDATE_WITH_CONTROLS,EXCLUDE,EXCLUDED_FROM_PUBLIC_PROFILE,STATIC QA ONLY / PRIOR QA REUSED WHERE APPLICABLE / NOT FINAL PUBLICATION EVIDENCE,DO_NOT_PUBLISH_RESTRICTED_OR_UNAPPROVED,NOT_RELEASED,"Internal review candidacy does not establish external publication, release, validation, transmission or manufacturing authority."
ZIP-0409,IMMUTABLE_SOURCE_ZIP_MEMBER,03_PARTNER_RELEASES/MOKO/CURRENT_r1.4/EXTRACTED_PACKAGE/EMOPET_MOKO_ENGINEERING_REVIEW_PACKAGE_v1.4/06_MOKO_REQUESTS/MOKO_REQUESTS_AND_CHANGE_REGISTER.docx,SUP-MOKO-007,MOKO_REQUESTS_AND_CHANGE_REGISTER,BATCH 8,MOKO,PARTNER,Founder — EMOPET / Supplier Governance,1.0,PRESERVE FOR LINEAGE / EXACT r1.6 CONTENT GOVERNS CURRENT CANDIDATE,IMMUTABLE r1.4 SOURCE REFERENCE / SUPERSEDED FOR CURRENT CONTENT,RECONCILED 2026-08-28 — BATCH 8 / NOT RELEASED,INCLUDE WITH CONTROL NOTES,INTERNAL_REVIEW_CANDIDATE_WITH_CONTROLS,EXCLUDE,EXCLUDED_FROM_PUBLIC_PROFILE,STATIC QA ONLY / PRIOR QA REUSED WHERE APPLICABLE / NOT FINAL PUBLICATION EVIDENCE,DO_NOT_PUBLISH_RESTRICTED_OR_UNAPPROVED,NOT_RELEASED,"Internal review candidacy does not establish external publication, release, validation, transmission or manufacturing authority."
ZIP-0410,IMMUTABLE_SOURCE_ZIP_MEMBER,03_PARTNER_RELEASES/MOKO/CURRENT_r1.4/EXTRACTED_PACKAGE/EMOPET_MOKO_ENGINEERING_REVIEW_PACKAGE_v1.4/06_MOKO_REQUESTS/SUP-MOKO-003_EMOPET_MAT_Phase0_Engineering_RFQ.docx,SUP-MOKO-003,SUP-MOKO-003_EMOPET_MAT_Phase0_Engineering_RFQ,BATCH 8,MAT,PARTNER,Founder — EMOPET / Supplier Governance,0.6,PRESERVE FOR LINEAGE / EXACT r1.6 CONTENT GOVERNS CURRENT CANDIDATE,IMMUTABLE r1.4 SOURCE REFERENCE / SUPERSEDED FOR CURRENT CONTENT,RECONCILED 2026-08-28 — BATCH 8 / NOT RELEASED,INCLUDE WITH CONTROL NOTES,INTERNAL_REVIEW_CANDIDATE_WITH_CONTROLS,EXCLUDE,EXCLUDED_FROM_PUBLIC_PROFILE,STATIC QA ONLY / PRIOR QA REUSED WHERE APPLICABLE / NOT FINAL PUBLICATION EVIDENCE,DO_NOT_PUBLISH_RESTRICTED_OR_UNAPPROVED,NOT_RELEASED,"Internal review candidacy does not establish external publication, release, validation, transmission or manufacturing authority."
ZIP-0411,IMMUTABLE_SOURCE_ZIP_MEMBER,03_PARTNER_RELEASES/MOKO/CURRENT_r1.4/EXTRACTED_PACKAGE/EMOPET_MOKO_ENGINEERING_REVIEW_PACKAGE_v1.4/06_MOKO_REQUESTS/SUP-MOKO-008_Gerber_Position_And_Delivery_Plan.docx,SUP-MOKO-008,SUP-MOKO-008_Gerber_Position_And_Delivery_Plan,BATCH 8,MOKO,PARTNER,Founder — EMOPET / Supplier Governance,1.0,PRESERVE FOR LINEAGE / EXACT r1.6 CONTENT GOVERNS CURRENT CANDIDATE,IMMUTABLE r1.4 SOURCE REFERENCE / SUPERSEDED FOR CURRENT CONTENT,RECONCILED 2026-08-28 — BATCH 8 / NOT RELEASED,INCLUDE WITH CONTROL NOTES,INTERNAL_REVIEW_CANDIDATE_WITH_CONTROLS,EXCLUDE,EXCLUDED_FROM_PUBLIC_PROFILE,STATIC QA ONLY / PRIOR QA REUSED WHERE APPLICABLE / NOT FINAL PUBLICATION EVIDENCE,DO_NOT_PUBLISH_RESTRICTED_OR_UNAPPROVED,NOT_RELEASED,"Internal review candidacy does not establish external publication, release, validation, transmission or manufacturing authority."
ZIP-0412,IMMUTABLE_SOURCE_ZIP_MEMBER,03_PARTNER_RELEASES/MOKO/CURRENT_r1.4/EXTRACTED_PACKAGE/EMOPET_MOKO_ENGINEERING_REVIEW_PACKAGE_v1.4/06_MOKO_REQUESTS/SUP-MOKO-009_Request_O_HighZ_Process_Capability.docx,SUP-MOKO-009,SUP-MOKO-009_Request_O_HighZ_Process_Capability,BATCH 8,MOKO,PARTNER,Founder — EMOPET / Supplier Governance,1.0,PRESERVE FOR LINEAGE / EXACT r1.6 CONTENT GOVERNS CURRENT CANDIDATE,IMMUTABLE r1.4 SOURCE REFERENCE / SUPERSEDED FOR CURRENT CONTENT,RECONCILED 2026-08-28 — BATCH 8 / NOT RELEASED,INCLUDE WITH CONTROL NOTES,INTERNAL_REVIEW_CANDIDATE_WITH_CONTROLS,EXCLUDE,EXCLUDED_FROM_PUBLIC_PROFILE,STATIC QA ONLY / PRIOR QA REUSED WHERE APPLICABLE / NOT FINAL PUBLICATION EVIDENCE,DO_NOT_PUBLISH_RESTRICTED_OR_UNAPPROVED,NOT_RELEASED,"Internal review candidacy does not establish external publication, release, validation, transmission or manufacturing authority."
ZIP-0413,IMMUTABLE_SOURCE_ZIP_MEMBER,03_PARTNER_RELEASES/MOKO/CURRENT_r1.4/EXTRACTED_PACKAGE/EMOPET_MOKO_ENGINEERING_REVIEW_PACKAGE_v1.4/06_MOKO_REQUESTS/SUP-MOKO-010_TAG_MAT_Quotation_Basis.docx,SUP-MOKO-010,SUP-MOKO-010_TAG_MAT_Quotation_Basis,BATCH 8,TAG,PARTNER,Founder — EMOPET / Supplier Governance,1.0,PRESERVE FOR LINEAGE / EXACT r1.6 CONTENT GOVERNS CURRENT CANDIDATE,IMMUTABLE r1.4 SOURCE REFERENCE / SUPERSEDED FOR CURRENT CONTENT,RECONCILED 2026-08-28 — BATCH 8 / NOT RELEASED,INCLUDE WITH CONTROL NOTES,INTERNAL_REVIEW_CANDIDATE_WITH_CONTROLS,EXCLUDE,EXCLUDED_FROM_PUBLIC_PROFILE,STATIC QA ONLY / PRIOR QA REUSED WHERE APPLICABLE / NOT FINAL PUBLICATION EVIDENCE,DO_NOT_PUBLISH_RESTRICTED_OR_UNAPPROVED,NOT_RELEASED,"Internal review candidacy does not establish external publication, release, validation, transmission or manufacturing authority."
ZIP-0414,IMMUTABLE_SOURCE_ZIP_MEMBER,03_PARTNER_RELEASES/MOKO/CURRENT_r1.4/EXTRACTED_PACKAGE/EMOPET_MOKO_ENGINEERING_REVIEW_PACKAGE_v1.4/07_DISCLOSURE_AND_CHANGE_REGISTER/DISCLOSURE_REGISTER.docx,SUP-MOKO-008,DISCLOSURE_REGISTER,BATCH 8,MOKO,PARTNER,Founder — EMOPET / Supplier Governance,1.1,PRESERVE FOR LINEAGE / EXACT r1.6 CONTENT GOVERNS CURRENT CANDIDATE,IMMUTABLE r1.4 SOURCE REFERENCE / SUPERSEDED FOR CURRENT CONTENT,RECONCILED 2026-08-28 — BATCH 8 / NOT RELEASED,INCLUDE WITH CONTROL NOTES,INTERNAL_REVIEW_CANDIDATE_WITH_CONTROLS,EXCLUDE,EXCLUDED_FROM_PUBLIC_PROFILE,STATIC QA ONLY / PRIOR QA REUSED WHERE APPLICABLE / NOT FINAL PUBLICATION EVIDENCE,DO_NOT_PUBLISH_RESTRICTED_OR_UNAPPROVED,NOT_RELEASED,"Internal review candidacy does not establish external publication, release, validation, transmission or manufacturing authority."
ZIP-0415,IMMUTABLE_SOURCE_ZIP_MEMBER,03_PARTNER_RELEASES/MOKO/CURRENT_r1.4/EXTRACTED_PACKAGE/EMOPET_MOKO_ENGINEERING_REVIEW_PACKAGE_v1.4/08_QA_AND_MANIFEST/MANIFEST_SHA256_r1.4.csv,,MANIFEST_SHA256_r1.4,BATCH 8,MOKO,PARTNER CONFIDENTIAL HANDLING — SOURCE CLASSIFICATION NOT STATED,Founder — EMOPET / Supplier Governance,SOURCE REVISION NOT STATED / NOT VERIFIED,PRESERVE FOR LINEAGE / EXACT r1.6 CONTENT GOVERNS CURRENT CANDIDATE,IMMUTABLE r1.4 SOURCE REFERENCE / SUPERSEDED FOR CURRENT CONTENT,RECONCILED 2026-08-28 — BATCH 8 / NOT RELEASED,INCLUDE WITH CONTROL NOTES,INTERNAL_REVIEW_CANDIDATE_WITH_CONTROLS,EXCLUDE,EXCLUDED_FROM_PUBLIC_PROFILE,STATIC QA ONLY / PRIOR QA REUSED WHERE APPLICABLE / NOT FINAL PUBLICATION EVIDENCE,DO_NOT_PUBLISH_RESTRICTED_OR_UNAPPROVED,NOT_RELEASED,"Internal review candidacy does not establish external publication, release, validation, transmission or manufacturing authority."
ZIP-0416,IMMUTABLE_SOURCE_ZIP_MEMBER,03_PARTNER_RELEASES/MOKO/CURRENT_r1.4/SUP-MOKO-004_EMOPET_Engineering_Review_Package_2026-08_r1.4.zip,SUP-MOKO-004-r1.4,SUP-MOKO-004_EMOPET_Engineering_Review_Package_2026-08_r1.4,BATCH 8,MOKO,PARTNER CONFIDENTIAL / HISTORICAL,Founder — EMOPET / Supplier Governance,r1.4,PRESERVE ARCHIVE BYTE-FOR-BYTE / r1.6 IS CURRENT CANDIDATE,HISTORICAL / SOURCE REFERENCE ONLY,RECONCILED 2026-08-28 — BATCH 8 / NOT RELEASED,INCLUDE WITH CONTROL NOTES,INTERNAL_REVIEW_CANDIDATE_WITH_CONTROLS,EXCLUDE,EXCLUDED_FROM_PUBLIC_PROFILE,STATIC QA ONLY / PRIOR QA REUSED WHERE APPLICABLE / NOT FINAL PUBLICATION EVIDENCE,DO_NOT_PUBLISH_RESTRICTED_OR_UNAPPROVED,NOT_RELEASED,"Internal review candidacy does not establish external publication, release, validation, transmission or manufacturing authority."
ZIP-0417,IMMUTABLE_SOURCE_ZIP_MEMBER,03_PARTNER_RELEASES/MOKO/HISTORICAL_RELEASE_ARCHIVES/SUP-MOKO-004_EMOPET_Phase0_MOKO_Package_2026-08_r1.2.zip,,SUP-MOKO-004_EMOPET_Phase0_MOKO_Package_2026-08_r1.2,BATCH 8,MOKO,PARTNER CONFIDENTIAL HANDLING — SOURCE CLASSIFICATION NOT STATED,Founder — EMOPET / Supplier Governance,SOURCE REVISION NOT STATED / NOT VERIFIED,PRESERVE ARCHIVE BYTE-FOR-BYTE / r1.6 IS CURRENT CANDIDATE,HISTORICAL / SOURCE REFERENCE ONLY,RECONCILED 2026-08-28 — BATCH 8 / NOT RELEASED,INCLUDE WITH CONTROL NOTES,INTERNAL_REVIEW_CANDIDATE_WITH_CONTROLS,EXCLUDE,EXCLUDED_FROM_PUBLIC_PROFILE,STATIC QA ONLY / PRIOR QA REUSED WHERE APPLICABLE / NOT FINAL PUBLICATION EVIDENCE,DO_NOT_PUBLISH_RESTRICTED_OR_UNAPPROVED,NOT_RELEASED,"Internal review candidacy does not establish external publication, release, validation, transmission or manufacturing authority."
ZIP-0418,IMMUTABLE_SOURCE_ZIP_MEMBER,03_PARTNER_RELEASES/MOKO/HISTORICAL_RELEASE_ARCHIVES/SUP-MOKO-004_EMOPET_Phase0_MOKO_Package_2026-08_r1.3.zip,,SUP-MOKO-004_EMOPET_Phase0_MOKO_Package_2026-08_r1.3,BATCH 8,MOKO,PARTNER CONFIDENTIAL HANDLING — SOURCE CLASSIFICATION NOT STATED,Founder — EMOPET / Supplier Governance,SOURCE REVISION NOT STATED / NOT VERIFIED,PRESERVE ARCHIVE BYTE-FOR-BYTE / r1.6 IS CURRENT CANDIDATE,HISTORICAL / SOURCE REFERENCE ONLY,RECONCILED 2026-08-28 — BATCH 8 / NOT RELEASED,INCLUDE WITH CONTROL NOTES,INTERNAL_REVIEW_CANDIDATE_WITH_CONTROLS,EXCLUDE,EXCLUDED_FROM_PUBLIC_PROFILE,STATIC QA ONLY / PRIOR QA REUSED WHERE APPLICABLE / NOT FINAL PUBLICATION EVIDENCE,DO_NOT_PUBLISH_RESTRICTED_OR_UNAPPROVED,NOT_RELEASED,"Internal review candidacy does not establish external publication, release, validation, transmission or manufacturing authority."
ZIP-0419,IMMUTABLE_SOURCE_ZIP_MEMBER,04_RESEARCH_AND_EVIDENCE/DEEP_RESEARCH/EMOPET_GLOBAL_DOCUMENTATION_DEEP_RESEARCH_2026-08-25.md,RESEARCH-B3-001,EMOPET_GLOBAL_DOCUMENTATION_DEEP_RESEARCH_2026-08-25,BATCH 3,SCIENCE,INTERNAL CONTROLLED HANDLING — SOURCE CLASSIFICATION FIELD INVALID,Science / Evidence Review — FUNCTIONAL OWNER / HUMAN ASSIGNMENT OPEN,SOURCE REVISION FIELD INVALID / NOT VERIFIED,HISTORICAL RESEARCH SNAPSHOT / NON-CANONICAL,RESOLVED AT DOCUMENT LEVEL — VALIDATION / RELEASE STATUS PRESERVED,DOCUMENT-LEVEL AUTHORITY / EVIDENCE RECONCILED 2026-08-27 — NOT RELEASED,INCLUSION TO DECIDE,INTERNAL_INCLUSION_DECISION_OPEN,EXPLICIT APPROVAL REQUIRED,EXPLICIT_PUBLICATION_APPROVAL_REQUIRED,NOT APPLICABLE / SOURCE PRESERVED,DO_NOT_PUBLISH_RESTRICTED_OR_UNAPPROVED,NOT_RELEASED,"Internal review candidacy does not establish external publication, release, validation, transmission or manufacturing authority."
ZIP-0420,IMMUTABLE_SOURCE_ZIP_MEMBER,04_RESEARCH_AND_EVIDENCE/DEEP_RESEARCH/EMOPET_GLOBAL_DOCUMENTATION_DEEP_RESEARCH_RAW.json,RESEARCH-B3-001-RAW,EMOPET_GLOBAL_DOCUMENTATION_DEEP_RESEARCH_RAW,BATCH 3,SCIENCE,INTERNAL CONTROLLED HANDLING — SOURCE CLASSIFICATION NOT STATED,Science / Evidence Review — FUNCTIONAL OWNER / HUMAN ASSIGNMENT OPEN,SOURCE REVISION NOT STATED / NOT VERIFIED,RAW JSON PROVENANCE / NOT CLAIM AUTHORITY,RESOLVED AT DOCUMENT LEVEL — VALIDATION / RELEASE STATUS PRESERVED,DOCUMENT-LEVEL AUTHORITY / EVIDENCE RECONCILED 2026-08-27 — NOT RELEASED,INCLUSION TO DECIDE,INTERNAL_INCLUSION_DECISION_OPEN,EXPLICIT APPROVAL REQUIRED,EXPLICIT_PUBLICATION_APPROVAL_REQUIRED,NOT APPLICABLE / SOURCE PRESERVED,DO_NOT_PUBLISH_RESTRICTED_OR_UNAPPROVED,NOT_RELEASED,"Internal review candidacy does not establish external publication, release, validation, transmission or manufacturing authority."
ZIP-0421,IMMUTABLE_SOURCE_ZIP_MEMBER,04_RESEARCH_AND_EVIDENCE/PRODUCT_OBSERVATION/OBS-006_EMOPET_Competitor_Owner_Evidence_Review_DRAFT.md,OBS-006,OBS-006_EMOPET_Competitor_Owner_Evidence_Review_DRAFT,BATCH 1,PRODUCT_OBSERVATION,INTERNAL DRAFT,Product Research,DRAFT / 2026-08-25,DRAFT EVIDENCE REVIEW — NOT SCIENTIFIC VALIDATION,RESOLVED — DRAFT / SOURCE LIMITATIONS PRESERVED,BATCH 1 DOCUMENT-LEVEL AUTHORITY / REVISION / OWNER / CLASSIFICATION / PROFILE RECONCILED; CLAIM EVIDENCE PARTIAL,INCLUDE — CONTROLLED SOURCE / RECONCILIATION RECORD,INTERNAL_REVIEW_CANDIDATE_WITH_CONTROLS,EXPLICIT PUBLICATION APPROVAL REQUIRED,EXPLICIT_PUBLICATION_APPROVAL_REQUIRED,NOT STARTED,DO_NOT_PUBLISH_RESTRICTED_OR_UNAPPROVED,NOT_RELEASED,"Internal review candidacy does not establish external publication, release, validation, transmission or manufacturing authority."
ZIP-0422,IMMUTABLE_SOURCE_ZIP_MEMBER,05_WORK_HANDOFF/EMOPET_CLAUDE_COWORK_MASTER_PROMPT.md,,EMOPET_CLAUDE_COWORK_MASTER_PROMPT,BATCH 9,GOVERNANCE,INTERNAL CONTROLLED HANDLING — SOURCE CLASSIFICATION FIELD INVALID,Document Control / Engineering,SOURCE REVISION FIELD INVALID / NOT VERIFIED,PRESERVE FOR TRACEABILITY / NOT CURRENT RELEASE OR IMPLEMENTATION PROOF,HISTORICAL OR SUPPORTING CONTEXT / CURRENT AUTHORITIES GOVERN,RECONCILED 2026-08-28 — BATCH 9 / NOT RELEASED,INCLUDE WITH CONTROL NOTES,INTERNAL_REVIEW_CANDIDATE_WITH_CONTROLS,EXCLUDE,EXCLUDED_FROM_PUBLIC_PROFILE,STATIC QA ONLY / PRIOR QA REUSED WHERE APPLICABLE / NOT FINAL PUBLICATION EVIDENCE,DO_NOT_PUBLISH_RESTRICTED_OR_UNAPPROVED,NOT_RELEASED,"Internal review candidacy does not establish external publication, release, validation, transmission or manufacturing authority."
ZIP-0423,IMMUTABLE_SOURCE_ZIP_MEMBER,05_WORK_HANDOFF/EMOPET_WORK_DRIVE_PLUGIN_ORCHESTRATION_2026-08-25.md,,EMOPET_WORK_DRIVE_PLUGIN_ORCHESTRATION_2026-08-25,BATCH 9,GOVERNANCE,INTERNAL CONTROLLED HANDLING — SOURCE CLASSIFICATION NOT STATED,Document Control / Engineering,SOURCE REVISION NOT STATED / NOT VERIFIED,PRESERVE FOR TRACEABILITY / NOT CURRENT RELEASE OR IMPLEMENTATION PROOF,HISTORICAL OR SUPPORTING CONTEXT / CURRENT AUTHORITIES GOVERN,RECONCILED 2026-08-28 — BATCH 9 / NOT RELEASED,INCLUDE WITH CONTROL NOTES,INTERNAL_REVIEW_CANDIDATE_WITH_CONTROLS,EXCLUDE,EXCLUDED_FROM_PUBLIC_PROFILE,STATIC QA ONLY / PRIOR QA REUSED WHERE APPLICABLE / NOT FINAL PUBLICATION EVIDENCE,DO_NOT_PUBLISH_RESTRICTED_OR_UNAPPROVED,NOT_RELEASED,"Internal review candidacy does not establish external publication, release, validation, transmission or manufacturing authority."
ZIP-0424,IMMUTABLE_SOURCE_ZIP_MEMBER,06_BRAND_AUTHORITY_SOURCES/EMOPET_Charte_Graphique_v2.html,BRAND-SOURCE-v2.0,EMOPET_Charte_Graphique_v2,BATCH 0,BRAND,INTERNAL CONTROLLED / MAY GOVERN APPROVED PARTNER RELEASES,Founder — EMOPET (via BRAND-AUTHORITY-001),2.0,CONTROLLED VISUAL AUTHORITY SOURCE,RESOLVED AT DOCUMENT LEVEL,DOCUMENT-LEVEL AUTHORITY / REVISION / OWNER / CLASSIFICATION / PROFILE RECONCILED,INCLUDE — SOURCE / CONTROL / EVIDENCE RECORD,INTERNAL_REVIEW_CANDIDATE_WITH_CONTROLS,EXPLICIT PUBLICATION APPROVAL REQUIRED,EXPLICIT_PUBLICATION_APPROVAL_REQUIRED,NOT STARTED,DO_NOT_PUBLISH_RESTRICTED_OR_UNAPPROVED,NOT_RELEASED,"Internal review candidacy does not establish external publication, release, validation, transmission or manufacturing authority."
ZIP-0425,IMMUTABLE_SOURCE_ZIP_MEMBER,06_BRAND_AUTHORITY_SOURCES/Typographie_et_Couleur_FR.docx,BRAND-LEGACY-TYPOGRAPHY-COLOR,Typographie_et_Couleur_FR,BATCH 0,BRAND,HISTORICAL / LEGACY BRAND MATERIAL,Brand / Document Control — FUNCTIONAL OWNER / HUMAN ASSIGNMENT OPEN,LEGACY — REVISION NOT STATED,HISTORICAL / SUPERSEDED AS CURRENT VISUAL AUTHORITY,RESOLVED AT DOCUMENT LEVEL,DOCUMENT-LEVEL AUTHORITY / REVISION / OWNER / CLASSIFICATION / PROFILE RECONCILED,INCLUDE — SOURCE / CONTROL / EVIDENCE RECORD,INTERNAL_REVIEW_CANDIDATE_WITH_CONTROLS,EXPLICIT PUBLICATION APPROVAL REQUIRED,EXPLICIT_PUBLICATION_APPROVAL_REQUIRED,NOT STARTED,DO_NOT_PUBLISH_RESTRICTED_OR_UNAPPROVED,NOT_RELEASED,"Internal review candidacy does not establish external publication, release, validation, transmission or manufacturing authority."
ZIP-0426,IMMUTABLE_SOURCE_ZIP_MEMBER,06_BRAND_AUTHORITY_SOURCES/VISUAL_AUTHORITY_RECONCILIATION_OPEN_2026-08-25.md,OPEN-DOC-001,VISUAL_AUTHORITY_RECONCILIATION_OPEN_2026-08-25,BATCH 0,GOV,INTERNAL CONTROLLED HISTORY,Document Control — FUNCTIONAL OWNER / HUMAN ASSIGNMENT OPEN-DOC-004,2026-08-25,HISTORICAL CLOSED CONFLICT RECORD,RESOLVED AT DOCUMENT LEVEL,DOCUMENT-LEVEL AUTHORITY / REVISION / OWNER / CLASSIFICATION / PROFILE RECONCILED,INCLUDE — SOURCE / CONTROL / EVIDENCE RECORD,INTERNAL_REVIEW_CANDIDATE_WITH_CONTROLS,EXPLICIT PUBLICATION APPROVAL REQUIRED,EXPLICIT_PUBLICATION_APPROVAL_REQUIRED,NOT STARTED,DO_NOT_PUBLISH_RESTRICTED_OR_UNAPPROVED,NOT_RELEASED,"Internal review candidacy does not establish external publication, release, validation, transmission or manufacturing authority."
ZIP-0427,IMMUTABLE_SOURCE_ZIP_MEMBER,99_RELEASE_CONTROL/BUILD_NOTES.md,RELEASE-CONTROL-BUILD-NOTES-2026-08-25,BUILD_NOTES,BATCH 0,GOV,INTERNAL RELEASE-CONTROL EVIDENCE,Document Control — FUNCTIONAL OWNER / HUMAN ASSIGNMENT OPEN-DOC-004,2026-08-25,HISTORICAL SOURCE-RELEASE BUILD RECORD,RESOLVED AT DOCUMENT LEVEL,DOCUMENT-LEVEL AUTHORITY / REVISION / OWNER / CLASSIFICATION / PROFILE RECONCILED,INCLUDE — SOURCE / CONTROL / EVIDENCE RECORD,INTERNAL_REVIEW_CANDIDATE_WITH_CONTROLS,EXPLICIT PUBLICATION APPROVAL REQUIRED,EXPLICIT_PUBLICATION_APPROVAL_REQUIRED,NOT STARTED,DO_NOT_PUBLISH_RESTRICTED_OR_UNAPPROVED,NOT_RELEASED,"Internal review candidacy does not establish external publication, release, validation, transmission or manufacturing authority."
ZIP-0428,IMMUTABLE_SOURCE_ZIP_MEMBER,99_RELEASE_CONTROL/GLOBAL_MANIFEST.csv,RELEASE-CONTROL-GLOBAL-MANIFEST-2026-08-25,GLOBAL_MANIFEST,BATCH 0,GOV,INTERNAL RELEASE-CONTROL EVIDENCE,Document Control — FUNCTIONAL OWNER / HUMAN ASSIGNMENT OPEN-DOC-004,2026-08-25,SOURCE MANIFEST — CONTENT VERIFIED; OWN RECORDED CHECKSUM ANOMALY,RESOLVED AT DOCUMENT LEVEL,DOCUMENT-LEVEL AUTHORITY / REVISION / OWNER / CLASSIFICATION / PROFILE RECONCILED,INCLUDE — SOURCE / CONTROL / EVIDENCE RECORD,INTERNAL_REVIEW_CANDIDATE_WITH_CONTROLS,EXPLICIT PUBLICATION APPROVAL REQUIRED,EXPLICIT_PUBLICATION_APPROVAL_REQUIRED,NOT STARTED,DO_NOT_PUBLISH_RESTRICTED_OR_UNAPPROVED,NOT_RELEASED,"Internal review candidacy does not establish external publication, release, validation, transmission or manufacturing authority."
ZIP-0429,IMMUTABLE_SOURCE_ZIP_MEMBER,99_RELEASE_CONTROL/SHA256SUMS.txt,RELEASE-CONTROL-SHA256SUMS-2026-08-25,SHA256SUMS,BATCH 0,GOV,INTERNAL RELEASE-CONTROL EVIDENCE,Document Control — FUNCTIONAL OWNER / HUMAN ASSIGNMENT OPEN-DOC-004,2026-08-25,KNOWN SOURCE-RELEASE ANOMALY — SOURCE IMMUTABLE,RESOLVED AT DOCUMENT LEVEL,DOCUMENT-LEVEL AUTHORITY / REVISION / OWNER / CLASSIFICATION / PROFILE RECONCILED,INCLUDE — SOURCE / CONTROL / EVIDENCE RECORD,INTERNAL_REVIEW_CANDIDATE_WITH_CONTROLS,EXPLICIT PUBLICATION APPROVAL REQUIRED,EXPLICIT_PUBLICATION_APPROVAL_REQUIRED,NOT STARTED,DO_NOT_PUBLISH_RESTRICTED_OR_UNAPPROVED,NOT_RELEASED,"Internal review candidacy does not establish external publication, release, validation, transmission or manufacturing authority."
ZIP-0430,IMMUTABLE_SOURCE_ZIP_MEMBER,99_RELEASE_CONTROL/SOURCE_BASELINE_SHA256.txt,RELEASE-CONTROL-SOURCE-BASELINE-HASH,SOURCE_BASELINE_SHA256,BATCH 0,GOV,INTERNAL RELEASE-CONTROL EVIDENCE,Document Control — FUNCTIONAL OWNER / HUMAN ASSIGNMENT OPEN-DOC-004,2026-08-25,SOURCE LINEAGE EVIDENCE — BINARY NOT SEPARATELY MATERIALIZED IN THIS WORK,RESOLVED AT DOCUMENT LEVEL,DOCUMENT-LEVEL AUTHORITY / REVISION / OWNER / CLASSIFICATION / PROFILE RECONCILED,INCLUDE — SOURCE / CONTROL / EVIDENCE RECORD,INTERNAL_REVIEW_CANDIDATE_WITH_CONTROLS,EXPLICIT PUBLICATION APPROVAL REQUIRED,EXPLICIT_PUBLICATION_APPROVAL_REQUIRED,NOT STARTED,DO_NOT_PUBLISH_RESTRICTED_OR_UNAPPROVED,NOT_RELEASED,"Internal review candidacy does not establish external publication, release, validation, transmission or manufacturing authority."
CLOSURE-0001,DISCOVERY_CLOSURE_INPUT,EMOPET_DISCOVERY_STOP_CONDITION_CLOSURE_2026-08-25/BRAND-AUTHORITY-001_EMOPET_Current_Visual_Authority_2026-08-25.md,BRAND-AUTHORITY-001,EMOPET Current Visual Authority,BATCH 0,BRAND,INTERNAL CONTROLLED / MAY GOVERN APPROVED PARTNER RELEASES,Founder — EMOPET,1.0,CONTROLLED BRAND AUTHORITY — CURRENT,RESOLVED AT DOCUMENT LEVEL,DOCUMENT-LEVEL AUTHORITY / REVISION / OWNER / CLASSIFICATION / PROFILE RECONCILED,INCLUDE — SOURCE / CONTROL / EVIDENCE RECORD,INTERNAL_REVIEW_CANDIDATE_WITH_CONTROLS,GOVERNS VISUAL PROFILE; CONTENT RELEASE REQUIRES APPROVAL,EXPLICIT_PUBLICATION_APPROVAL_REQUIRED,NOT STARTED,DO_NOT_PUBLISH_RESTRICTED_OR_UNAPPROVED,NOT_RELEASED,"Internal review candidacy does not establish external publication, release, validation, transmission or manufacturing authority."
CLOSURE-0002,DISCOVERY_CLOSURE_INPUT,EMOPET_DISCOVERY_STOP_CONDITION_CLOSURE_2026-08-25/RELEASE-CONTROL-001_Global_Manifest_Integrity_Anomaly_2026-08-25.md,RELEASE-CONTROL-001,Global Manifest Integrity Anomaly,BATCH 0,GOV,INTERNAL CONTROLLED,Document Control — FUNCTIONAL OWNER / HUMAN ASSIGNMENT OPEN-DOC-004,1.0,CONTROLLED RELEASE-CONTROL CORRECTION RECORD,RESOLVED AT DOCUMENT LEVEL,DOCUMENT-LEVEL AUTHORITY / REVISION / OWNER / CLASSIFICATION / PROFILE RECONCILED,INCLUDE — SOURCE / CONTROL / EVIDENCE RECORD,INTERNAL_REVIEW_CANDIDATE_WITH_CONTROLS,EXPLICIT PUBLICATION APPROVAL REQUIRED,EXPLICIT_PUBLICATION_APPROVAL_REQUIRED,NOT STARTED,DO_NOT_PUBLISH_RESTRICTED_OR_UNAPPROVED,NOT_RELEASED,"Internal review candidacy does not establish external publication, release, validation, transmission or manufacturing authority."
CLOSURE-0003,DISCOVERY_CLOSURE_INPUT,EMOPET_DISCOVERY_STOP_CONDITION_CLOSURE_2026-08-25/SHA256SUMS.txt,RELEASE-CONTROL-001-SHA256SUMS,Founder Closure Package SHA256SUMS,BATCH 0,GOV,INTERNAL CONTROLLED EVIDENCE,Document Control — FUNCTIONAL OWNER / HUMAN ASSIGNMENT OPEN-DOC-004,2026-08-25,EVIDENCE — INTERNAL HASH MANIFEST PASS,RESOLVED AT DOCUMENT LEVEL,DOCUMENT-LEVEL AUTHORITY / REVISION / OWNER / CLASSIFICATION / PROFILE RECONCILED,INCLUDE — SOURCE / CONTROL / EVIDENCE RECORD,INTERNAL_REVIEW_CANDIDATE_WITH_CONTROLS,EXPLICIT PUBLICATION APPROVAL REQUIRED,EXPLICIT_PUBLICATION_APPROVAL_REQUIRED,NOT STARTED,DO_NOT_PUBLISH_RESTRICTED_OR_UNAPPROVED,NOT_RELEASED,"Internal review candidacy does not establish external publication, release, validation, transmission or manufacturing authority."
CLOSURE-0004,DISCOVERY_CLOSURE_INPUT,EMOPET_DISCOVERY_STOP_CONDITION_CLOSURE_2026-08-25/WORK_CONTINUATION_AFTER_DISCOVERY_2026-08-25.md,WORK-CONTINUATION-2026-08-25,Founder Decisions After Discovery Audit,BATCH 0,GOV,INTERNAL CONTROLLED,Founder — EMOPET,2026-08-25,CONTROLLED CONTINUATION INPUT,RESOLVED AT DOCUMENT LEVEL,DOCUMENT-LEVEL AUTHORITY / REVISION / OWNER / CLASSIFICATION / PROFILE RECONCILED,INCLUDE — SOURCE / CONTROL / EVIDENCE RECORD,INTERNAL_REVIEW_CANDIDATE_WITH_CONTROLS,EXPLICIT PUBLICATION APPROVAL REQUIRED,EXPLICIT_PUBLICATION_APPROVAL_REQUIRED,NOT STARTED,DO_NOT_PUBLISH_RESTRICTED_OR_UNAPPROVED,NOT_RELEASED,"Internal review candidacy does not establish external publication, release, validation, transmission or manufacturing authority."
WORK-0001,POST_DISCOVERY_WORK_INPUT,01_GOVERNANCE/WORK_CONTROLLED_DELTA_POST_PILOT_MOKO_R1.6_2026-08-26_WORK_APPLIED.md,WORK-DELTA-MOKO-001,Post-Pilot / MOKO r1.6 Ingestion,BATCH 0,GOV,INTERNAL CONTROLLED,Founder — EMOPET / Document Control,1.0,CURRENT FOUNDER CONTROLLED WORK DELTA,RESOLVED,DOCUMENT-LEVEL CONTROL RECONCILED,INCLUDE — CONTROL / LINEAGE,INTERNAL_REVIEW_CANDIDATE_WITH_CONTROLS,EXCLUDE,EXCLUDED_FROM_PUBLIC_PROFILE,NOT APPLICABLE,DO_NOT_PUBLISH_RESTRICTED_OR_UNAPPROVED,NOT_RELEASED,"Internal review candidacy does not establish external publication, release, validation, transmission or manufacturing authority."
WORK-0002,POST_DISCOVERY_WORK_INPUT,06_MOKO_RELEASE/MOKO_R1.6_WORK_INGESTION_RECONCILIATION_REPORT_2026-08-26.md,MOKO-RECON-016-WORK,MOKO r1.6 Work ingestion reconciliation report,BATCH 6,MOKO,INTERNAL CONTROLLED,Founder — EMOPET / Supplier Governance,1.0,CURRENT CONTROL OUTPUT / NOT A PARTNER RELEASE,CURRENT FOR WORK RECONCILIATION CONTROL ONLY,RECONCILED 2026-08-28 — BATCH 6 / NOT RELEASED,INCLUDE WITH CONTROL NOTES,INTERNAL_REVIEW_CANDIDATE_WITH_CONTROLS,EXCLUDE,EXCLUDED_FROM_PUBLIC_PROFILE,STATIC QA ONLY / PRIOR QA REUSED WHERE APPLICABLE / NOT FINAL PUBLICATION EVIDENCE,DO_NOT_PUBLISH_RESTRICTED_OR_UNAPPROVED,NOT_RELEASED,"Internal review candidacy does not establish external publication, release, validation, transmission or manufacturing authority."
WORK-0003,POST_DISCOVERY_WORK_INPUT,00_INVENTORY/SOURCE_SNAPSHOT/MOKO_R1.6_RECONCILIATION_INPUT/EMOPET_MOKO_R1.6_RECONCILIATION_REGISTER_2026-08-26(2).xlsx,MOKO-RECON-016-REGISTER,EMOPET MOKO r1.6 Reconciliation Register,BATCH 6,MOKO,INTERNAL CONTROLLED,Founder — EMOPET / Supplier Governance,2026-08-26,CURRENT CONTROL OUTPUT / NOT A PARTNER RELEASE,CURRENT FOR WORK RECONCILIATION CONTROL ONLY,RECONCILED 2026-08-28 — BATCH 6 / NOT RELEASED,INCLUDE WITH CONTROL NOTES,INTERNAL_REVIEW_CANDIDATE_WITH_CONTROLS,EXCLUDE,EXCLUDED_FROM_PUBLIC_PROFILE,STATIC QA ONLY / PRIOR QA REUSED WHERE APPLICABLE / NOT FINAL PUBLICATION EVIDENCE,DO_NOT_PUBLISH_RESTRICTED_OR_UNAPPROVED,NOT_RELEASED,"Internal review candidacy does not establish external publication, release, validation, transmission or manufacturing authority."
WORK-0004,POST_DISCOVERY_WORK_INPUT,00_INVENTORY/SOURCE_SNAPSHOT/MOKO_R1.6_RECONCILIATION_INPUT/EMOPET_MOKO_R1.6_RECONCILIATION_DELIVERABLES_2026-08-26(1).sha256,MOKO-RECON-016-SIDECAR,MOKO r1.6 reconciliation deliverables checksum sidecar,BATCH 6,MOKO,INTERNAL CONTROLLED,Founder — EMOPET / Supplier Governance,2026-08-26,CURRENT CONTROL OUTPUT / NOT A PARTNER RELEASE,CURRENT FOR WORK RECONCILIATION CONTROL ONLY,RECONCILED 2026-08-28 — BATCH 6 / NOT RELEASED,INCLUDE WITH CONTROL NOTES,INTERNAL_REVIEW_CANDIDATE_WITH_CONTROLS,EXCLUDE,EXCLUDED_FROM_PUBLIC_PROFILE,STATIC QA ONLY / PRIOR QA REUSED WHERE APPLICABLE / NOT FINAL PUBLICATION EVIDENCE,DO_NOT_PUBLISH_RESTRICTED_OR_UNAPPROVED,NOT_RELEASED,"Internal review candidacy does not establish external publication, release, validation, transmission or manufacturing authority."
WORK-0005,POST_DISCOVERY_WORK_INPUT,CONTROLLED INPUT — SUP-MOKO-004_EMOPET_Engineering_Review_Package_2026-08_r1.5_PREPARED_NOT_SENT.zip — BINARY NOT MATERIALIZED,SUP-MOKO-004-r1.5,MOKO Engineering Review Package r1.5,BATCH 8,MOKO,INTERNAL CONTROLLED,Founder — EMOPET / Supplier Governance,r1.5,LINEAGE REFERENCE / r1.6 GOVERNS CURRENT CONTENT,SUPERSEDED RELEASE CANDIDATE / PREPARED_NOT_SENT,RECONCILED 2026-08-28 — BATCH 8 / NOT RELEASED,INCLUDE WITH CONTROL NOTES,INTERNAL_REVIEW_CANDIDATE_WITH_CONTROLS,EXCLUDE,EXCLUDED_FROM_PUBLIC_PROFILE,STATIC QA ONLY / PRIOR QA REUSED WHERE APPLICABLE / NOT FINAL PUBLICATION EVIDENCE,DO_NOT_PUBLISH_RESTRICTED_OR_UNAPPROVED,NOT_RELEASED,"Internal review candidacy does not establish external publication, release, validation, transmission or manufacturing authority."
WORK-0006,POST_DISCOVERY_WORK_INPUT,CONTROLLED INPUT — SUP-MOKO-004_EMOPET_Engineering_Review_Package_2026-08_r1.6_PREPARED_NOT_SENT.zip — BINARY NOT MATERIALIZED,SUP-MOKO-004-r1.6,MOKO Engineering Review Package r1.6,BATCH 6,MOKO,INTERNAL CONTROLLED,Founder — EMOPET / Supplier Governance,r1.6,CURRENT EXACT PACKAGE AUTHORITY BY FOUNDER DECISION / BINARY NOT LOCALLY MATERIALISED,ACTIVE CURRENT RELEASE CANDIDATE / PREPARED_NOT_SENT / NOT RELEASED,RECONCILED 2026-08-28 — BATCH 6 / NOT RELEASED,INCLUDE WITH CONTROL NOTES,INTERNAL_REVIEW_CANDIDATE_WITH_CONTROLS,EXCLUDE,EXCLUDED_FROM_PUBLIC_PROFILE,STATIC QA ONLY / PRIOR QA REUSED WHERE APPLICABLE / NOT FINAL PUBLICATION EVIDENCE,DO_NOT_PUBLISH_RESTRICTED_OR_UNAPPROVED,NOT_RELEASED,"Internal review candidacy does not establish external publication, release, validation, transmission or manufacturing authority."
WORK-0007,POST_DISCOVERY_WORK_INPUT,01_GOVERNANCE/EMOPET_POST_PILOT_CONTROL_REGISTER_2026-08-26_v1.0.xlsx,GOV-POST-PILOT-001,EMOPET Post-Pilot Control Register,BATCH 0,GOV,INTERNAL CONTROLLED,Founder — EMOPET / Document Control,1.0,CURRENT POST-PILOT WORKING CONTROL REGISTER,RESOLVED — UNDERLYING CONTROLLED SOURCES REMAIN AUTHORITATIVE,DOCUMENT-LEVEL CONTROL RECONCILED,INCLUDE — CURRENT WORKING REGISTER,INTERNAL_REVIEW_CANDIDATE_WITH_CONTROLS,EXCLUDE,EXCLUDED_FROM_PUBLIC_PROFILE,PASS — 8 SHEETS RENDERED / INSPECTED,DO_NOT_PUBLISH_RESTRICTED_OR_UNAPPROVED,NOT_RELEASED,"Internal review candidacy does not establish external publication, release, validation, transmission or manufacturing authority."
WORK-0008,POST_DISCOVERY_WORK_INPUT,10_RELEASE_CONTROL/EMOPET_POST_PILOT_BATCH1_CHECKPOINT_2026-08-26_NOT_RELEASED.zip,EMOPET-CHK-POST-PILOT-B1-2026-08-26,EMOPET Post-Pilot / Batch 1 Checkpoint,BATCH 0,GOV,INTERNAL CONTROLLED,Founder — EMOPET / Document Control,1.0,CONTROLLED WORKING CHECKPOINT — NOT RELEASED,RESOLVED — CHECKPOINT HASH/STATUS RECORDED; UNDERLYING SOURCES REMAIN AUTHORITATIVE,DOCUMENT-LEVEL CONTROL RECONCILED,INCLUDE — WORKING CHECKPOINT LINEAGE,INTERNAL_REVIEW_CANDIDATE_WITH_CONTROLS,EXCLUDE,EXCLUDED_FROM_PUBLIC_PROFILE,NOT APPLICABLE — ARCHIVE / CONTROL RECORD,DO_NOT_PUBLISH_RESTRICTED_OR_UNAPPROVED,NOT_RELEASED,"Internal review candidacy does not establish external publication, release, validation, transmission or manufacturing authority."
WORK-0009,POST_DISCOVERY_WORK_INPUT,10_RELEASE_CONTROL/EMOPET_POST_PILOT_BATCH1_CHECKPOINT_2026-08-26_NOT_RELEASED.zip.sha256,EMOPET-CHK-POST-PILOT-B1-SHA,Checkpoint SHA-256 Sidecar,BATCH 0,GOV,INTERNAL CONTROLLED,Founder — EMOPET / Document Control,1.0,CHECKSUM SIDECAR — PASS,RESOLVED — CHECKPOINT HASH/STATUS RECORDED; UNDERLYING SOURCES REMAIN AUTHORITATIVE,DOCUMENT-LEVEL CONTROL RECONCILED,INCLUDE — WORKING CHECKPOINT LINEAGE,INTERNAL_REVIEW_CANDIDATE_WITH_CONTROLS,EXCLUDE,EXCLUDED_FROM_PUBLIC_PROFILE,NOT APPLICABLE — ARCHIVE / CONTROL RECORD,DO_NOT_PUBLISH_RESTRICTED_OR_UNAPPROVED,NOT_RELEASED,"Internal review candidacy does not establish external publication, release, validation, transmission or manufacturing authority."
WORK-0010,POST_DISCOVERY_WORK_INPUT,10_RELEASE_CONTROL/EMOPET_POST_PILOT_BATCH1_CHECKPOINT_2026-08-26_NOT_RELEASED_VERIFICATION.md,VERIFY-EMOPET-CHK-POST-PILOT-B1-2026-08-26,Checkpoint Verification Report,BATCH 0,GOV,INTERNAL CONTROLLED,Founder — EMOPET / Document Control,1.0,PASS — CONTROLLED WORKING CHECKPOINT / NOT RELEASED,RESOLVED — CHECKPOINT HASH/STATUS RECORDED; UNDERLYING SOURCES REMAIN AUTHORITATIVE,DOCUMENT-LEVEL CONTROL RECONCILED,INCLUDE — WORKING CHECKPOINT LINEAGE,INTERNAL_REVIEW_CANDIDATE_WITH_CONTROLS,EXCLUDE,EXCLUDED_FROM_PUBLIC_PROFILE,NOT APPLICABLE — ARCHIVE / CONTROL RECORD,DO_NOT_PUBLISH_RESTRICTED_OR_UNAPPROVED,NOT_RELEASED,"Internal review candidacy does not establish external publication, release, validation, transmission or manufacturing authority."
